priority,region,opportunity_id,university,program,fit_mode,why_active,main_constraint
P0,Singapore,AS-SG-001,National University of Singapore,Biomedical Engineering MEng by Research,lab-native,"Research labs include Computational Bioengineering and Intelligent Medical Vision & Robotics; strongest Singapore route for engineering-rooted biological systems research.","Research Scholarship competitive for Master's."
P0,Singapore,AS-SG-004,Nanyang Technological University,Electrical and Electronic Engineering MEng by Research,lab-native,"Bio-Devices & Bio-Informatics environment plus EEE sensing/imaging/signal-processing strengths; strong Mechatronics continuity.","PI selection determines biological depth; funding via NTU RSS or VinGroup route."
P0,Hong Kong,AS-HK-002,HKUST,MPhil Bioengineering - Biological Information Engineering,architecture-native,"Programme itself joins medical imaging health analytics bioinformatics and systems biology under engineering.","Choose PI to preserve methods depth rather than narrow wet-lab direction."
P0,Canada,NA-CA-009,University of Toronto,Biomedical Engineering MASc,lab-native-platform,"Broad BME research ecosystem plus funded MASc; PI can define sensing/imaging/computational/molecular direction.","Toronto cost and PI-specific project quality."
P0,Saudi Arabia,ME-SA-001,KAUST,Bioengineering - Bioinformatics and Machine Learning,methods-specialized,"Exceptional algorithms/ML/scientific-computing depth with strong biological research infrastructure and structural funding.","Need to confirm personal/environment fit separately; methods branch is more genomics/computational than sensing-oriented."
P0-upside,United Kingdom,EU-UK-004,Imperial College London,Biomedical Engineering - Computational Bioengineering,architecture-native,"Engineering-rooted computational modelling of biological data; academically near-ideal.","High cost unless major scholarship such as Chevening/full external funding."
P1-high,Belgium,EU-BE-005,KU Leuven,Master of Bioinformatics - Engineering Major,architecture-native,"Explicit Engineering major and Biology Reorientation Package embody the amplification principle.","Scholarship/living funding less structural; degree identity tilts toward bioinformatics."
P1-high,Austria,EU-AT-001,Graz University of Technology,Biomedical Engineering,architecture-native,"Strong engineering-first majors in sensing imaging instrumentation and computational neuroscience.","Living self-funded; taught-master structure."
P0-2028,Australia,AU-001,UNSW Sydney,MPhil Engineering - Biomedical Engineering,architecture-native,"Digital Medicine & Digital Biology spans biosignals imaging genomics bioinformatics software and systems modelling.","Preferred economics depend on Australia Awards 2028 or other major funding."
P1-2028,Australia,AU-005,University of Queensland,Master of Bioinformatics - Research Extensive,methods-specialized,"Strong scientific software genome informatics and lab immersion for GeneStory/DNA branch.","High international tuition without major award."
P1-2028,Australia,AU-006,Monash University,Master of Bioinformatics - Research Stream,methods-specialized,"Engineering-eligible research stream with ML computational biology genomics/cloud and thesis research.","High international tuition without major award."
