region,opportunity_id,university,program,pi,lab_or_group,priority,fit_mode,methods_depth,profile_leverage,option_value,execution_confidence,why_now,main_risk,source
Singapore,AS-SG-001,National University of Singapore,Biomedical Engineering MEng by Research,Cheow Lih Feng,Technology Innovations for Systems Biology Lab,P0-A,architecture-cross-layer,very-high,very-high,high,high,"EECS-trained PI working on single-cell analysis, NGS, spatiotemporal cell analysis and microfluidics; 2025 major grant on single-cell transcriptomics confirms active research. This uniquely bridges engineering systems and genomics.","Can become experimentally/microfluidics heavy; thesis must preserve substantial computation/data-methods ownership.",https://cde.nus.edu.sg/bme/staff/dr-cheowlf/
Singapore,AS-SG-001,National University of Singapore,Biomedical Engineering MEng by Research,Yueming Jin,Intelligent Medical Vision & Robotics Lab,P0-A,lab-native-computational,very-high,high,high,very-high,"Highly active 2026 programme in multimodal medical AI, foundation models, clinical data, imaging and robotics; current ECE environment includes pathology-to-spatial-transcriptomics representation work.","AI/imaging can become generic foundation-model work unless research question remains biomedical-methods driven.",https://cde.nus.edu.sg/bme/staff/dr-jin-yueming/
Singapore,AS-SG-001,National University of Singapore,Biomedical Engineering MEng by Research,Martin Buist,Computational Bioengineering Lab,P1,systems-modelling,high,high,very-high,medium,"Conceptually excellent for computational physiology/digital twins and uniquely mirrors the Research Engineer/software-to-bioengineering trajectory.","Public profile shows strong conceptual fit but less evidence of a large current graduate-research programme than Cheow/Jin; supervision capacity should be confirmed.",https://cde.nus.edu.sg/bme/staff/dr-martinlindsay/
Singapore,AS-SG-004,Nanyang Technological University,Electrical and Electronic Engineering MEng by Research,Bihan Wen,CISS-ROSE / Computational Imaging,P0-A,methods-first,very-high,high,very-high,high,"Physics-driven AI, signal processing, optimization and computational imaging with MRI/CT applications; 2026 Provost's Chair confirms current research momentum. Strongest NTU route for methodological depth rather than device fabrication.","Biomedical domain is project-dependent; require a clearly medical/biological imaging thesis.",https://personal.ntu.edu.sg/bihan.wen/
Singapore,AS-SG-004,Nanyang Technological University,Electrical and Electronic Engineering MEng by Research,Sunwoo Lee,Autonomous Microsystems for Physiological Monitoring,P0-B,engineering-sensing,high,very-high,high,high,"Direct Mechatronics/Earable continuity through physiological monitoring, wearable/implant systems and current projects on blood-pressure monitoring and minimally invasive physiological sensing.","Can become hardware/power-interface heavy; thesis should contain strong modelling/signal inference/validation.",https://blogs.ntu.edu.sg/sunwoo/people/
Singapore,AS-SG-004,Nanyang Technological University,Electrical and Electronic Engineering MEng by Research,Yuanjin Zheng,Bio-Instrumentation Devices & Signal Processing / CBB,P0-B,engineering-imaging,high,very-high,high,high,"Bio-IC, biomedical imaging, adaptive signal/image processing, sensors and active MEng supervision make this a clean engineering-rooted biomedical route.","IC/circuit emphasis can dominate transferable computation; choose signal/imaging algorithm project rather than pure hardware.",https://personal.ntu.edu.sg/yjzheng/
Hong Kong,AS-HK-002,HKUST,MPhil Bioengineering - Biological Information Engineering,Hao Chen,SMART Lab,P0-A,lab-native-multimodal,very-high,very-high,very-high,very-high,"Joint CSE/CBE/Life Science appointment; active 2026 work in trustworthy medical AI, computational pathology, multimodal foundation models and explicit pathology-genomics integration. Public page says positions are available in healthcare/science AI and multi-omics.","Highly AI-centric and competitive; proposal must emphasize rigorous biomedical inference/validation rather than generic model scaling.",https://cse.hkust.edu.hk/~jhc/
Hong Kong,AS-HK-002,HKUST,MPhil Bioengineering - Biological Information Engineering,Jiguang Wang,Wang Genomics Lab / Big Data for Bio Intelligence,P0-A,quantitative-genomics,very-high,very-high,high,very-high,"Applied-math background with current 2026 project on cancer evolution via multiomic and multimodal AI integration; excellent GeneStory/DNA-to-quantitative-biology bridge.","Cancer/genomics specialization risk; preserve methods/software identity.",https://researchportal.hkust.edu.hk/en/persons/jiguang-wang/
Hong Kong,AS-HK-002,HKUST,MPhil Bioengineering - Biological Information Engineering,Terence Wong,Medical Imaging Systems / CMIA,P0-B,engineering-imaging,high,very-high,high,very-high,"Medical imaging systems plus AI and strong translation; 2026 slide-free pathology system shows full stack from optics/instrumentation to AI and clinical deployment. Bioengineering MPhil alumni are visibly involved in translation.","Imaging/device identity can dominate genomics/software breadth.",https://seng.hkust.edu.hk/about/people/faculty/terence-tsz-wai-wong
Canada,NA-CA-009,University of Toronto,Biomedical Engineering MASc,Daniel Franklin,Franklin Research Lab,P0-A,engineering-physiology,high,very-high,high,very-high,"Wearable health devices, multimodal hemodynamic sensing, wireless implants and closed-loop physiological monitoring; active 2026 graduate work integrates ECG PPG ICG and physiology-informed sensor fusion.","Hardware/physiology focus; methods portability depends on thesis framing around inference/fusion/validation rather than device fabrication.",https://bme.utoronto.ca/faculty-research/core-faculty/daniel-franklin/
Canada,NA-CA-009,University of Toronto,Biomedical Engineering MASc,Azadeh Kushki,Personalized Health / Data Science,P0-B,data-science-clinical,very-high,high,very-high,very-high,"Associate Chief of Data Science with active MASc work in neuroimaging clustering and broader computational modelling; strong route for heterogeneous biomedical data and personalized health.","Less direct connection to genomics/hardware; could become general clinical data science.",https://bme.utoronto.ca/faculty-research/core-faculty/azadeh-kushki/
Canada,NA-CA-009,University of Toronto,Biomedical Engineering MASc,Jose Zariffa,Adaptive Neurorehabilitation Systems Lab,P0-B,sensing-neurotech,high,very-high,high,very-high,"Wearable sensors, neural interfaces, deep learning and computer vision; active MASc supervision with closed-loop rehabilitation projects and strong clinical translation.","Neurorehabilitation specialization risk; ensure transferable sensing/data methods.",https://bme.utoronto.ca/news/improving-rehabilitation-through-neurotechnology-jose-zariffa-lab/
Canada,NA-CA-009,University of Toronto,Biomedical Engineering MASc,Freeman Lan,Lan Lab,P1,cross-layer-single-cell,high,high,high,very-high,"High-throughput experimental methods, microbiome, machine learning and microbial single-cell sequencing offer a computational/experimental genomics branch inside BME.","More wet-lab/microfluidics and microbiome specific than primary target identity.",https://bme.utoronto.ca/faculty-research/core-faculty/freeman-lan/
Saudi Arabia,ME-SA-001,KAUST,Bioengineering - Bioinformatics and Machine Learning,Xin Gao,Structural and Functional Bioinformatics,P0-A,methods-specialized,very-high,very-high,very-high,very-high,"Explicit CS-biology intersection: machine learning, algorithms, optimization, probabilistic methods and graph methods across sequences, structures, biological networks, imaging and healthcare. Strongest pure methods-depth route.","More CS-theory/computational and less connected to sensors/hardware; environment fit remains separately unresolved.",https://www.kaust.edu.sa/en/study/biomed/faculty/xin-gao
Saudi Arabia,ME-SA-001,KAUST,Bioengineering - Bioinformatics and Machine Learning,Robert Hoehndorf,Bio-Ontology Research Group,P0-B,scientific-data-systems,very-high,high,very-high,high,"Bioinformatics, knowledge representation, reasoning, Semantic Web and neuro-symbolic methods provide a rare biological-data infrastructure/knowledge-systems direction with high portability.","Less direct continuity with physiological sensing/imaging; abstract methods may feel farther from current applied R&D.",https://www.kaust.edu.sa/en/study/biomed/faculty/robert-hoehndorf
