opportunity_id,university,program,frontier_class,strategic_priority,why_it_amplifies,main_tradeoff,funding_position,execution_timing,primary_source
AS-KR-006,UNIST,Biomedical Engineering MS,architecture-native,P0-urgent,"Six BME areas explicitly span Brain & Cognitive Engineering, Biomedical Imaging, Genomics & Bioinformatics and Digital Healthcare; engineering identity is preserved while all three prior data modalities remain usable.","Systems/software depth is more lab-dependent than the modality breadth; confirm computational PI fit.","A - full financial support advertised for all BME graduate students.","2027 Spring 2nd application opens 2026-10-06 and closes 2026-10-15 KST.",https://bme.unist.ac.kr/eng/graduate/
AS-HK-002,HKUST,Master of Philosophy in Bioengineering - Biological Information Engineering,architecture-native,P0,"Biological Information Engineering explicitly joins medical imaging, biomedical signal modelling, health analytics, bioinformatics, protein structure and systems biology inside a research engineering degree.","Must select the Biological Information Engineering/data-driven stream rather than materials/bioprocess directions.","A - postgraduate studentship for qualified full-time MPhil students; current rate HKD 229620/year.","Rolling admission; 2027/28 non-local Fall deadline 2027-06-01, but supervisor outreach should be early.",https://prog-crs.hkust.edu.hk/pgprog/2027-28/mphil-phd-bien
NA-CA-009,University of Toronto,Biomedical Engineering MASc,architecture-native,P0,"Large multidisciplinary BME research ecosystem spans neural systems, wearable sensing, imaging, AI/data science, molecular engineering and genomic technologies while keeping a thesis engineering identity.","Actual amplification is PI-dependent; avoid materials-only/tissue-only projects unless computational systems remain central.","A - funded MASc cohort receives guaranteed package covering program fees plus living allowance.","2027 September research application opens 2026-11-01; Round 1 closes 2027-02-28.",https://bme.utoronto.ca/prospective-student/admission-to-graduate-studies/
AS-KR-001,KAIST,Bio and Brain Engineering,architecture-native,P0,"Department combines physiological and neural signals, EEG, biomedical imaging, system modelling, bioinformatics, genomics and systems biology; existing Earable/VinBigData/GeneStory experience can all be narrated as one engineering trajectory.","Current lab density is especially strong in neural engineering/imaging, so PI choice can over-narrow the post-Master identity toward neuro.","A - KAIST Scholarship covers tuition, insurance and stipend; KGPS can provide KRW 1M/month for four semesters.","Fall 2027 international graduate dates are TBA; normal early track is around December, so prepare now.",https://bioeng.kaist.ac.kr/
ME-SA-001,KAUST,Bioengineering - Bioinformatics and Machine Learning,methods-specialized,P0,"Engineering degree plus Bioinformatics/ML track, thesis option, genomics/personalized-medicine orientation and access to computational bioscience create a direct amplifier for GeneStory + DNA + systems/software skills.","Less natural continuation of hardware/signals/imaging than UNIST/HKUST/KAIST BBE; choose thesis and methods-oriented PI to preserve Research Engineer breadth.","A - KAUST Fellowship covers full tuition/bench fees, housing, insurance, relocation and about USD 20000/year MS stipend.","Prepare for next available admission round; finance is not the limiting factor.",https://www.kaust.edu.sa/en/study/biomed/bioengineering
AS-JP-008,NAIST,Program of Computational Biology,methods-specialized,P0-urgent,"Programme explicitly spans medical imaging plus genes, proteins and metabolism, and permits an Engineering/Science/Bioscience degree depending on thesis; this is unusually close to modality-agnostic biological scientific computing.","Research value depends heavily on selecting an Information Science computational lab rather than drifting into wet-lab biology.","B - four 2027 MEXT IPGP Master's slots in Information Science; tuition/entrance exemption + JPY 144000/month + airfare.","Contact prospective Information Science supervisor now; IPGP documents are due 2026-10-14 to 2026-11-13.",https://www.naist.jp/en/education_research/science_technology/education_programs/cb.html
ME-IL-003,Technion - Israel Institute of Technology,Biomedical Engineering MSc,architecture-native,P1,"Research areas include biological signals and systems, medical imaging, AI in medicine, wearable technology, computational MRI and neuroengineering, making Mechatronics and multimodal data experience highly legible.","Funding depends on scholarship portions and practical feasibility should be evaluated separately from academic fit.","B - scholarship portions can combine to full tuition plus monthly stipend; up to 24 months for MSc.","Treat as high-value selective application after confirming PI, scholarship portions and practical feasibility.",https://int.technion.ac.il/programs/graduate-school/biomedical-engineering/
EU-BE-005,KU Leuven,Master of Bioinformatics - Engineering Major,methods-specialized,P1,"The degree has an explicit Engineering major and a reorientation package that adds missing biology rather than treating an engineering entrant as deficient; a substantial thesis preserves research depth.","Identity shifts toward bioinformatics/genomics and away from sensors/physical systems; software/statistical rigor must be emphasized.","B - competitive Master Mind/KU Leuven scholarships; unfunded living costs remain material.","Scholarship cycle should be prepared early; programme application is already open for 2027/28.",https://onderwijsaanbod.kuleuven.be/opleidingen/e/SC_51016883
AS-TW-006,National Taiwan University,Biomedical Electronics and Bioinformatics,architecture-native,P1-urgent,"The degree label itself bridges electronics and bioinformatics, making hardware/sensing plus genomics/software unusually coherent.","Research depth and exact lab breadth need PI-level confirmation; avoid becoming a narrow bioinformatics degree without systems work.","B - Taiwan/NTU scholarship routes are competitive; base tuition is relatively moderate.","2027 September Round 1 is open 2026-09-29 to 2026-11-05; decide quickly whether to use it as the Taiwan hedge.",https://admissions.ntu.edu.tw/colleges/college-of-electrical-engineering-computer-science/
EU-AT-001,Graz University of Technology,Biomedical Engineering,architecture-native,P1,"Majors include Biomedical Instrumentation & Sensors, Imaging & Sensing, Computational Neuroscience and healthcare engineering; programme is explicitly engineering-first and highly compatible with Mechatronics.","Taught-master structure and no structural living stipend make it a hedge rather than the primary funded research frontier.","C - low public-university tuition; living costs mainly self-funded.","Keep as a high-quality low-cost European hedge; later select a major and thesis that retain multimodal computation.",https://www.tugraz.at/en/studying-and-teaching/degree-and-certificate-programmes/masters-degree-programmes/biomedical-engineering/
NA-CA-010,University of Waterloo,Biomedical Engineering MASc,architecture-native,P1,"Research areas explicitly include biomedical signals/devices, imaging and biomedical informatics; Systems Design/Mechatronics/ECE environment preserves engineering identity.","Published minimum funding is only CAD 18000/year and is used toward tuition first, so international residual cost can still be significant.","C - guaranteed MASc minimum funding but meaningful residual risk.","Worth PI-level audit only where a supervisor can offer funding above the minimum.",https://uwaterloo.ca/biomedical-engineering/research-areas-0
NA-CA-011,McMaster University,Biomedical Engineering MASc,architecture-native,P1,"Engineering entrants are intentionally required to add Health Sciences coursework; thesis degree plus imaging, sensing, medical robotics and data-driven projects creates a clean conversion architecture.","Public funding amount is offer-specific; programme breadth is somewhat less genomics/data-centric than UNIST/HKUST.","C - full-time MASc receives department/supervisor funding for 24 months, amount not publicly standardized.","Shortlist only computational/imaging/robotics/data-oriented PIs and require funding details before commitment.",https://www.eng.mcmaster.ca/msbe/degree-options/biomedical-engineering-masc/
ME-IL-001,Tel Aviv University,Biomedical Engineering MSc,architecture-native,P1,"Academically broad research degree with computational/systems biology, signal/image processing and clinical engineering potential; strongest when a computational PI connects modalities.","Living support is less structurally clear than tuition coverage; practical feasibility should be evaluated separately.","C - tuition covered for accepted international MSc students; living scholarships are variable.","Retain as academic P1 pending PI/funding and practical-feasibility gate.",https://international.tau.ac.il/Biomedical_Engineering_MSc
AU-001,UNSW Sydney,Master of Philosophy in Engineering - Biomedical Engineering,architecture-native,P0-2028,"Digital Medicine & Digital Biology explicitly spans AI, biosignal processing, bioinformatics, computational biology, genomics, image processing, software and systems modelling inside BME research.","Not a 2027 immediate route if relying on Australia Awards; value is tied to a strong research project and the return-home strategy.","Deferred - 2028 Australia Awards can make tuition/living/travel close to fully funded if awarded.","Build as the primary Australia 2028 research route when the 2028 country profile opens.",https://www.unsw.edu.au/engineering/our-schools/biomedical-engineering/our-research/research-areas/digital-medicine-digital-biology
NA-CA-008,McGill University,MSc Biological and Biomedical Engineering - Thesis,architecture-native,P2-finance,"Programme themes directly include biosignal processing, medical imaging, bioinformatics, computational biology, biological networks and biosensors, so the profile fit is excellent.","International net funding is currently too weak relative to tuition/living to justify core application effort without a better offer.","D - current minimum package leaves high residual cost for international MSc students.","Keep only for an exceptional PI/recruitment award that materially improves the package.",https://www.mcgill.ca/bbme/programs/masters-program/about-masters-thesis-program
EU-CH-004,University of Bern,Biomedical Engineering,architecture-native,P2-finance,"Curriculum unusually combines biomedical sensors, signal processing, medical informatics, programming, AI, imaging, robotics and biological foundations, making it an excellent educational amplifier.","Swiss living costs dominate because there is no structural Master's stipend; research depth is lower than thesis-first frontier options.","D - tuition moderate but living self-funded and no structural stipend identified.","Academic benchmark/backup only unless external living-cost funding appears.",https://www.bme.master.unibe.ch/studies/curriculum/list_of_courses/index_eng.html
NA-CA-013,University of Ottawa + Carleton University,Biomedical Engineering MASc - Bioinformatics specialization,methods-specialized,P2-funding,"Formal BME + Bioinformatics specialization is structurally attractive and preserves an engineering degree while adding biological data methods.","International funding is supervisor-specific and no robust admission-wide package is verified.","D - require written PI/assistantship funding covering international tuition and viable living costs.","Only contact unusually aligned funded PIs; do not treat unfunded admission as actionable.",https://graduate.carleton.ca/program/bioinformatics-collaborative-collaborative-specializations/
NA-CA-014,Dalhousie University,Biomedical Engineering MASc,architecture-native,P2,"Foundation structure and thesis degree can convert an engineering background into BME while preserving signals/imaging orientation.","Guaranteed take-home is modest relative to living costs and the research ecosystem is less cross-modal/data-dense than the top frontier.","C - all BME graduate students funded; published guaranteed take-home remains modest.","Keep as a funded Canadian hedge only if PI fit is strong.",https://www.dal.ca/faculty/school-biomedical-engineering/education/FundingOpportunities.html
AU-010,Queensland University of Technology,Master of Biomedical Systems and Technology,architecture-native,P2-2028,"Mechatronics is explicitly an eligible background and the degree integrates AI/big data, healthcare systems and MedTech design.","It is more industry/MedTech/commercialisation oriented and has only a final research capstone, so it is weaker than UNSW MPhil for a research-engineer trajectory.","Deferred - 2028 Australia Awards could fully change the economics if the course remains eligible.","Keep as an Australia 2028 industry-facing complement, not the primary research route.",https://www.qut.edu.au/courses/master-of-biomedical-systems-and-technology
