staging_id,merge_action,target_existing_id,university,program,reason,confidence
D2-EU-001,new_opportunity,,Aalto University,Life Science Technologies - Bioinformatics and Digital Health,No matching canonical degree identified; retain as a genuinely new Discovery 2.0 opportunity pending final data-quality audit.,medium-high
D2-EU-002,new_opportunity,,University of Helsinki,Life Science Informatics - Bioinformatics and Systems Medicine,No matching canonical degree identified; retain as a genuinely new Discovery 2.0 opportunity pending final data-quality audit.,medium-high
D2-EU-003,new_opportunity,,Uppsala University,Bioinformatics - Computer Science Background,No matching canonical degree identified; retain as a genuinely new Discovery 2.0 opportunity pending final data-quality audit.,medium-high
D2-EU-004,new_opportunity,,ETH Zurich / UZH / Basel,Computational Biology and Bioinformatics,No matching canonical degree identified; retain as a genuinely new Discovery 2.0 opportunity pending final data-quality audit.,medium-high
D2-EU-005,new_opportunity,,KU Leuven,Master of Bioinformatics - Engineering Major,No matching canonical degree identified; retain as a genuinely new Discovery 2.0 opportunity pending final data-quality audit.,medium-high
D2-EU-006,new_opportunity,,VU Amsterdam / University of Amsterdam,Bioinformatics and Systems Biology,No matching canonical degree identified; retain as a genuinely new Discovery 2.0 opportunity pending final data-quality audit.,medium-high
D2-EU-007,new_opportunity,,Utrecht University,Bioinformatics and Biocomplexity,No matching canonical degree identified; retain as a genuinely new Discovery 2.0 opportunity pending final data-quality audit.,medium-high
D2-EU-008,new_opportunity,,Wageningen University,Bioinformatics and Systems Biology,No matching canonical degree identified; retain as a genuinely new Discovery 2.0 opportunity pending final data-quality audit.,medium-high
D2-EU-009,new_opportunity,,DTU,Bioinformatics,No matching canonical degree identified; retain as a genuinely new Discovery 2.0 opportunity pending final data-quality audit.,medium-high
D2-EU-010,new_opportunity,,University of Copenhagen,Bioinformatics,No matching canonical degree identified; retain as a genuinely new Discovery 2.0 opportunity pending final data-quality audit.,medium-high
D2-EU-011,new_opportunity,,Saarland University,Bioinformatics,No matching canonical degree identified; retain as a genuinely new Discovery 2.0 opportunity pending final data-quality audit.,medium-high
D2-EU-012,new_opportunity,,Universitat Pompeu Fabra,Bioinformatics for Health Sciences,No matching canonical degree identified; retain as a genuinely new Discovery 2.0 opportunity pending final data-quality audit.,medium-high
D2-EU-013,new_opportunity,,University of Milan / Politecnico di Milano,Bioinformatics for Computational Genomics,No matching canonical degree identified; retain as a genuinely new Discovery 2.0 opportunity pending final data-quality audit.,medium-high
D2-UK-001,new_opportunity,,Imperial College London,Bioinformatics and Theoretical Systems Biology,No matching canonical degree identified; retain as a genuinely new Discovery 2.0 opportunity pending final data-quality audit.,medium-high
D2-UK-002,new_opportunity,,University of Manchester,Bioinformatics and Systems Biology,No matching canonical degree identified; retain as a genuinely new Discovery 2.0 opportunity pending final data-quality audit.,medium-high
D2-UK-003,new_opportunity,,University of Cambridge,Computational Biology,No matching canonical degree identified; retain as a genuinely new Discovery 2.0 opportunity pending final data-quality audit.,medium-high
D2-CA-001,new_opportunity,,University of British Columbia,Bioinformatics,No matching canonical degree identified; retain as a genuinely new Discovery 2.0 opportunity pending final data-quality audit.,medium-high
D2-CA-002,new_opportunity,,University of Toronto,MScAC - Data Science for Biology,No matching canonical degree identified; retain as a genuinely new Discovery 2.0 opportunity pending final data-quality audit.,medium-high
D2-CA-003,new_opportunity,,McGill University,Biology MSc - Bioinformatics Option,No matching canonical degree identified; retain as a genuinely new Discovery 2.0 opportunity pending final data-quality audit.,medium-high
D2-AU-001,merge_exact,AU-005,The University of Queensland,Master of Bioinformatics (Research Extensive),Same UQ Master of Bioinformatics (Research Extensive) already added to canonical universe during scope expansion.,very-high
D2-AU-002,merge_exact,AU-006,Monash University,Master of Bioinformatics - Research Stream,Same Monash Master of Bioinformatics - Research Stream already present in canonical universe.,very-high
D2-AU-003,new_opportunity,,Australian National University,Quantitative Biology and Bioinformatics - Advanced,No matching canonical degree identified; retain as a genuinely new Discovery 2.0 opportunity pending final data-quality audit.,medium-high
D2-AU-004,merge_reframe,AU-001,UNSW Sydney,MPhil Engineering - Biomedical Engineering / Digital Medicine & Digital Biology,"Digital Medicine & Digital Biology is a research-area framing inside the existing UNSW MPhil Engineering - Biomedical Engineering opportunity, not a separate degree.",high
D2-AS-001,new_opportunity,,University of Hong Kong,Computing and Data Science MPhil - Bioinformatics,No matching canonical degree identified; retain as a genuinely new Discovery 2.0 opportunity pending final data-quality audit.,medium-high
D2-AS-002,merge_reframe,AS-HK-002,HKUST,Bioengineering MPhil - Biological Information Engineering,Biological Information Engineering is a research focus/concentration inside the existing HKUST MPhil in Bioengineering.,very-high
D2-AS-003,new_opportunity,,Chinese University of Hong Kong,Translational Genomics MPhil,No matching canonical degree identified; retain as a genuinely new Discovery 2.0 opportunity pending final data-quality audit.,medium-high
D2-AS-004,merge_exact,AS-KR-001,KAIST,Bio and Brain Engineering,Same KAIST Bio and Brain Engineering MS opportunity; Discovery 2.0 only broadened its interpretation beyond neurotechnology.,very-high
D2-AS-005,new_opportunity,,University of Tokyo,Computational Biology and Medical Sciences - Computational Biology,No matching canonical degree identified; retain as a genuinely new Discovery 2.0 opportunity pending final data-quality audit.,medium-high
D2-AS-006,new_opportunity,,Seoul National University,Interdisciplinary Program in Bioinformatics,No matching canonical degree identified; retain as a genuinely new Discovery 2.0 opportunity pending final data-quality audit.,medium-high
D2-AS-007,new_opportunity,,Nanyang Technological University,MSc Biomedical Data Science,No matching canonical degree identified; retain as a genuinely new Discovery 2.0 opportunity pending final data-quality audit.,medium-high
D2-AS-008,new_opportunity,,National University of Singapore,MSc Biomedical Informatics - Analytics,No matching canonical degree identified; retain as a genuinely new Discovery 2.0 opportunity pending final data-quality audit.,medium-high
D2-AS-009,new_opportunity,,National University of Singapore,MSc Precision Health and Medicine x AI - Capstone,No matching canonical degree identified; retain as a genuinely new Discovery 2.0 opportunity pending final data-quality audit.,medium-high
D2-AS-010,merge_exact,AS-TW-005,National Taiwan University,Smart Medicine and Health Informatics,Same NTU Taiwan Smart Medicine and Health Informatics Master's opportunity.,very-high
D2-AS-011,merge_exact,AS-TW-006,National Taiwan University,Biomedical Electronics and Bioinformatics,Same NTU Taiwan Biomedical Electronics and Bioinformatics Master's opportunity.,very-high
D2-AS-012,new_opportunity,,National Tsing Hua University,Institute of Bioinformatics and Structural Biology,No matching canonical degree identified; retain as a genuinely new Discovery 2.0 opportunity pending final data-quality audit.,medium-high
D2-AS-013,new_opportunity,,National Yang Ming Chiao Tung University,Institute of Bioinformatics and Systems Biology,No matching canonical degree identified; retain as a genuinely new Discovery 2.0 opportunity pending final data-quality audit.,medium-high
D2-AS-014,new_opportunity,,HKUST,MSc Biomolecular Engineering and Health Informatics,No matching canonical degree identified; retain as a genuinely new Discovery 2.0 opportunity pending final data-quality audit.,medium-high
D2-EU-014,new_opportunity,,University of Trento,Quantitative and Computational Biology,No matching canonical degree identified; retain as a genuinely new Discovery 2.0 opportunity pending final data-quality audit.,medium-high
D2-EU-015,new_opportunity,,University of Milan,Quantitative Biology,No matching canonical degree identified; retain as a genuinely new Discovery 2.0 opportunity pending final data-quality audit.,medium-high
D2-EU-016,new_opportunity,,Universite Paris-Saclay,Bioinformatics / Computational Biology - GENIOMHE-AI,No matching canonical degree identified; retain as a genuinely new Discovery 2.0 opportunity pending final data-quality audit.,medium-high
D2-EU-017,new_opportunity,,Freie Universitat Berlin,Bioinformatics,No matching canonical degree identified; retain as a genuinely new Discovery 2.0 opportunity pending final data-quality audit.,medium-high
D2-CA-004,new_opportunity,,University of Guelph,MSc Bioinformatics,No matching canonical degree identified; retain as a genuinely new Discovery 2.0 opportunity pending final data-quality audit.,medium-high
D2-CA-005,new_opportunity,,McGill University,MSc Computer Science (Thesis) - Bioinformatics,No matching canonical degree identified; retain as a genuinely new Discovery 2.0 opportunity pending final data-quality audit.,medium-high
D2-CA-006,new_opportunity,,Simon Fraser University,MSc Computing Science - thesis with Computational Biology research,No matching canonical degree identified; retain as a genuinely new Discovery 2.0 opportunity pending final data-quality audit.,medium-high
D2-CA-007,new_opportunity,,University of Alberta,MSc Computing Science - thesis with Bioinformatics / Multi-omics research,No matching canonical degree identified; retain as a genuinely new Discovery 2.0 opportunity pending final data-quality audit.,medium-high
D2-AU-005,new_opportunity,,Monash University,Master of Data Science - Research Stream with computational-biology thesis,No matching canonical degree identified; retain as a genuinely new Discovery 2.0 opportunity pending final data-quality audit.,medium-high
D2-UK-004,new_opportunity,,Imperial College London,Biomedical Engineering - Computational Bioengineering,No matching canonical degree identified; retain as a genuinely new Discovery 2.0 opportunity pending final data-quality audit.,medium-high
D2-UK-005,new_opportunity,,Imperial College London,Biomedical Research - Data Science,No matching canonical degree identified; retain as a genuinely new Discovery 2.0 opportunity pending final data-quality audit.,medium-high
D2-UK-006,new_opportunity,,University College London,Health Data Science,No matching canonical degree identified; retain as a genuinely new Discovery 2.0 opportunity pending final data-quality audit.,medium-high
D2-EU-018,new_opportunity,,URV / UPC / UB / UAB / UdG / UdL / UVic / Universite Grenoble Alpes,Health Data Science,No matching canonical degree identified; retain as a genuinely new Discovery 2.0 opportunity pending final data-quality audit.,medium-high
D2-US-001,new_opportunity,,Johns Hopkins University,Biomedical Engineering MSE - Biomedical Data Science / Computational Medicine / Genomics & Systems Biology,No matching canonical degree identified; retain as a genuinely new Discovery 2.0 opportunity pending final data-quality audit.,medium-high
D2-US-002,new_opportunity,,University of Illinois Urbana-Champaign,MS Bioengineering - Computational and Systems Bioengineering,No matching canonical degree identified; retain as a genuinely new Discovery 2.0 opportunity pending final data-quality audit.,medium-high
D2-US-003,new_opportunity,,University of Pennsylvania,Bioengineering MSE - Biomedical Data Science and Computational Medicine,No matching canonical degree identified; retain as a genuinely new Discovery 2.0 opportunity pending final data-quality audit.,medium-high
D2-US-004,new_opportunity,,Clemson University / MUSC,Biomedical Data Science and Informatics,No matching canonical degree identified; retain as a genuinely new Discovery 2.0 opportunity pending final data-quality audit.,medium-high
D2-US-005,new_opportunity,,University of Kansas,MS Bioengineering - Computational Bioengineering,No matching canonical degree identified; retain as a genuinely new Discovery 2.0 opportunity pending final data-quality audit.,medium-high
D2-AU-006,new_opportunity,,Queensland University of Technology,Master of Data Science - Biomedical Data Science specialisation,No matching canonical degree identified; retain as a genuinely new Discovery 2.0 opportunity pending final data-quality audit.,medium-high
D2-AS-015,new_replace_placeholder,AS-JP-003,The University of Osaka,Bioinformatic Engineering,Concrete University of Osaka Graduate School of Information Science route supersedes the old generic English-Master placeholder conceptually; 2027 reorganisation means preserve it as a new concrete opportunity and mark the old placeholder superseded later.,high
D2-AS-016,new_opportunity,,University of Tsukuba,Life Science Innovation - Bioinformatics,No matching canonical degree identified; retain as a genuinely new Discovery 2.0 opportunity pending final data-quality audit.,medium-high
D2-AS-017,new_opportunity,,Taipei Medical University,Graduate Institute of Biomedical Informatics,No matching canonical degree identified; retain as a genuinely new Discovery 2.0 opportunity pending final data-quality audit.,medium-high
D2-AS-018,new_opportunity,,Yuan Ze University,Graduate Program in Biomedical Informatics,No matching canonical degree identified; retain as a genuinely new Discovery 2.0 opportunity pending final data-quality audit.,medium-high
D2-AS-019,new_opportunity,,National Taiwan University of Science and Technology,Graduate Institute of Biomedical Engineering - AI / Biomedical Informatics,No matching canonical degree identified; retain as a genuinely new Discovery 2.0 opportunity pending final data-quality audit.,medium-high
D2-ME-001,new_opportunity,,KAUST,Bioengineering - Bioinformatics and Machine Learning,No matching canonical degree identified; retain as a genuinely new Discovery 2.0 opportunity pending final data-quality audit.,medium-high
D2-ME-002,new_opportunity,,Mohamed bin Zayed University of Artificial Intelligence,MSc Computational Biology,No matching canonical degree identified; retain as a genuinely new Discovery 2.0 opportunity pending final data-quality audit.,medium-high
D2-NZ-001,new_opportunity,,University of Auckland,Master of Engineering in Bioengineering - Research,No matching canonical degree identified; retain as a genuinely new Discovery 2.0 opportunity pending final data-quality audit.,medium-high
D2-IL-001,new_opportunity,,Tel Aviv University,Biomedical Engineering MSc,No matching canonical degree identified; retain as a genuinely new Discovery 2.0 opportunity pending final data-quality audit.,medium-high
D2-IL-002,new_opportunity,,Weizmann Institute of Science,Life Sciences MSc - Computational and Systems Biology,No matching canonical degree identified; retain as a genuinely new Discovery 2.0 opportunity pending final data-quality audit.,medium-high
D2-IL-003,new_opportunity,,Technion - Israel Institute of Technology,Biomedical Engineering MSc,No matching canonical degree identified; retain as a genuinely new Discovery 2.0 opportunity pending final data-quality audit.,medium-high
D2-CA-008,new_opportunity,,McGill University,MSc Biological and Biomedical Engineering - Thesis,No matching canonical degree identified; retain as a genuinely new Discovery 2.0 opportunity pending final data-quality audit.,medium-high
D2-CA-009,new_opportunity,,University of Toronto,Biomedical Engineering MASc,No matching canonical degree identified; retain as a genuinely new Discovery 2.0 opportunity pending final data-quality audit.,medium-high
D2-CA-010,new_opportunity,,University of Waterloo,Biomedical Engineering MASc,No matching canonical degree identified; retain as a genuinely new Discovery 2.0 opportunity pending final data-quality audit.,medium-high
D2-CA-011,new_opportunity,,McMaster University,Biomedical Engineering MASc,No matching canonical degree identified; retain as a genuinely new Discovery 2.0 opportunity pending final data-quality audit.,medium-high
D2-EU-019,new_opportunity,,University of Bern,Biomedical Engineering,No matching canonical degree identified; retain as a genuinely new Discovery 2.0 opportunity pending final data-quality audit.,medium-high
D2-EU-020,new_opportunity,,Graz University of Technology,Biomedical Engineering,No matching canonical degree identified; retain as a genuinely new Discovery 2.0 opportunity pending final data-quality audit.,medium-high
D2-EU-021,new_opportunity,,TU Wien + Medical University of Vienna,Medical Informatics,No matching canonical degree identified; retain as a genuinely new Discovery 2.0 opportunity pending final data-quality audit.,medium-high
D2-EU-022,new_opportunity,,University of Galway,Health Data Science,No matching canonical degree identified; retain as a genuinely new Discovery 2.0 opportunity pending final data-quality audit.,medium-high
D2-EU-023,new_opportunity,,Trinity College Dublin,Biomedical Engineering,No matching canonical degree identified; retain as a genuinely new Discovery 2.0 opportunity pending final data-quality audit.,medium-high
D2-CA-012,new_opportunity,,University of Alberta,Biomedical Engineering MSc - thesis,No matching canonical degree identified; retain as a genuinely new Discovery 2.0 opportunity pending final data-quality audit.,medium-high
D2-CA-013,new_opportunity,,University of Ottawa + Carleton University,Biomedical Engineering MASc - Bioinformatics specialization,No matching canonical degree identified; retain as a genuinely new Discovery 2.0 opportunity pending final data-quality audit.,medium-high
D2-CA-014,new_opportunity,,Dalhousie University,Biomedical Engineering MASc,No matching canonical degree identified; retain as a genuinely new Discovery 2.0 opportunity pending final data-quality audit.,medium-high
D2-EU-024,new_opportunity,,University of Basel + FHNW,Joint MSc Biomedical Engineering,No matching canonical degree identified; retain as a genuinely new Discovery 2.0 opportunity pending final data-quality audit.,medium-high
D2-EU-025,merge_reframe,EU-CH-002,EPFL,Life Sciences Engineering - Biological Data Science / Biomedical Engineering,Biological Data Science / Biomedical Engineering are specialisations inside the existing EPFL Life Sciences Engineering MSc.,very-high
D2-AS-020,new_opportunity,,Hokkaido University,Course of Bioengineering and Bioinformatics - Graduate School of Information Science and Technology,No matching canonical degree identified; retain as a genuinely new Discovery 2.0 opportunity pending final data-quality audit.,medium-high
D2-AS-021,new_opportunity,,Nara Institute of Science and Technology (NAIST),Program of Computational Biology,No matching canonical degree identified; retain as a genuinely new Discovery 2.0 opportunity pending final data-quality audit.,medium-high
D2-AS-022,new_opportunity,,Kyushu University,Graduate School of Systems Life Sciences - Bioinformatics / Life Engineering,No matching canonical degree identified; retain as a genuinely new Discovery 2.0 opportunity pending final data-quality audit.,medium-high
D2-AS-023,new_opportunity,,Kyoto University,Systems Science - Graduate School of Informatics,No matching canonical degree identified; retain as a genuinely new Discovery 2.0 opportunity pending final data-quality audit.,medium-high
D2-AS-024,new_opportunity,,Kyushu Institute of Technology (Kyutech),Biomedical Informatics Course - Graduate School of Computer Science and Systems Engineering,No matching canonical degree identified; retain as a genuinely new Discovery 2.0 opportunity pending final data-quality audit.,medium-high
D2-AS-025,new_opportunity,,UNIST,Biomedical Engineering MS,No matching canonical degree identified; retain as a genuinely new Discovery 2.0 opportunity pending final data-quality audit.,medium-high
D2-AU-007,new_opportunity,,Queensland University of Technology,Master of Biomedical Systems and Technology,No matching canonical degree identified; retain as a genuinely new Discovery 2.0 opportunity pending final data-quality audit.,medium-high
D2-AU-008,new_opportunity,,University of Sydney,Master of Digital Health and Data Science,No matching canonical degree identified; retain as a genuinely new Discovery 2.0 opportunity pending final data-quality audit.,medium-high
D2-AU-009,new_opportunity,,Monash University,Master of Health Data Analytics,No matching canonical degree identified; retain as a genuinely new Discovery 2.0 opportunity pending final data-quality audit.,medium-high
D2-EU-026,new_opportunity,,University of Tübingen,Medical Informatics,No matching canonical degree identified; retain as a genuinely new Discovery 2.0 opportunity pending final data-quality audit.,medium-high
D2-EU-027,new_opportunity,,Université Grenoble Alpes,Health Engineering - BioHealth Engineering,No matching canonical degree identified; retain as a genuinely new Discovery 2.0 opportunity pending final data-quality audit.,medium-high
D2-AF-001,new_opportunity,,University of Cape Town,MSc Computational Health Informatics,No matching canonical degree identified; retain as a genuinely new Discovery 2.0 opportunity pending promotion.,medium-high
D2-AF-002,new_opportunity,,University of Cape Town,MSc Biomedical Engineering,No matching canonical degree identified; retain as a genuinely new Discovery 2.0 opportunity pending promotion.,medium-high
D2-LA-001,new_opportunity,,University of São Paulo (USP),MSc Bioengineering - Health Technology research line,No matching canonical degree identified; retain as a genuinely new Discovery 2.0 opportunity pending promotion.,medium-high
