discovery_id,candidate_kind,region,university,program,degree_type,duration,discovery_family,methods_core,domain_breadth,research_mode,entry_signal,funding_signal,cycle_signal,why_in_scope,main_unknown,source
D2-EU-001,new,Finland,Aalto University,Life Science Technologies - Bioinformatics and Digital Health,MSc,2 years,biomedical data / computational biology,probabilistic modelling; ML; AI; data science; computational genomics; biological networks,biomolecular data; health data; digital health; genomics; imaging,coursework + thesis,engineering/science with strong math/computational background appears explicitly relevant,tuition scholarship possible; living support still needs audit,2027/2028 curriculum current,Exceptional methods breadth; computational genomics and digital health coexist inside one engineering-oriented programme,exact international transcript mapping and 2028 funding,https://www.aalto.fi/en/programmes/masters-programme-in-life-science-technologies/curriculum-2026-2028
D2-EU-002,new,Finland,University of Helsinki,Life Science Informatics - Bioinformatics and Systems Medicine,MSc,2 years,life-science informatics,bioinformatics; statistics; ML; modelling; clinical data mining,genomics; systems medicine; clinical data; biostatistics,coursework + thesis,programme explicitly spans mathematics/statistics/informatics and life-science backgrounds,EUR 15000/year; scholarship audit needed,2027 application Jan 5-19,Broad models-and-data identity rather than genomics-only,formal credit mapping; funding,https://www.helsinki.fi/en/degree-programmes/life-science-informatics-masters-programme
D2-EU-003,new,Sweden,Uppsala University,Bioinformatics - Computer Science Background,MSc,2 years,bioinformatics conversion,algorithms; programming; mathematics; statistics; bioinformatics,genetics; evolution; pharmaceuticals; biological data,coursework + thesis,explicit track for computer-science/quantitative background; exact Mechatronics mapping needs audit,high non-EU tuition; scholarships need audit,current programme,Designed to add biology to computational entrants rather than require a biology-first identity,CS-credit threshold and finance,https://www.uu.se/en/study/programme/masters-programme-bioinformatics-computer-science-background
D2-EU-004,new,Switzerland,ETH Zurich / UZH / Basel,Computational Biology and Bioinformatics,MSc,2 years,computational biology,algorithms; statistics; programming; modelling; data science,bioinformatics; biophysics; biosystems; big data,research-heavy flexible MSc,engineering explicitly welcomed but minimum biology/CS/math background is mandatory,ESOP possible; otherwise Swiss cost exposure,current; GRE required for non-EU/EFTA bachelor,Very broad cross-domain computational-biology programme with lab rotations and thesis,biology/bioinformatics prerequisite mapping; GRE; funding,https://cbb.ethz.ch/application-admission.html
D2-EU-005,new,Belgium,KU Leuven,Master of Bioinformatics - Engineering Major,MSc,2 years,bioinformatics engineering,software systems; algorithms; statistics; bioinformatics,genomics; omics; biological data; computational biology,coursework + 30-ECTS thesis,dedicated Engineering major with biology reorientation package,Master Mind / ASEAN / fee-waiver routes need programme-specific audit,current 2026/27 structure,Explicit engineering pathway preserves engineering identity while adding biology,direct foreign-degree admission and scholarship compatibility,https://onderwijsaanbod.kuleuven.be/opleidingen/e/SC_51016883
D2-EU-006,new,Netherlands,VU Amsterdam / University of Amsterdam,Bioinformatics and Systems Biology,MSc,2 years,systems biology / bioinformatics,statistics; algorithms; ML; computational modelling; sequence analysis,genomics; precision medicine; biological networks; single-cell; imaging,coursework + research projects,science/AI/CS/math/physics-like backgrounds considered; missing biology/programming/math can trigger pre-master,high non-EU tuition; funding audit needed,current,Strong biological-systems framing and substantial flexibility across computational methods,whether Mechatronics enters directly or via pre-master; funding,https://vu.nl/en/education/master/bioinformatics-and-systems-biology-joint-degree-vu-uva/admissions
D2-EU-007,new,Netherlands,Utrecht University,Bioinformatics and Biocomplexity,MSc research,2 years,quantitative biology / biocomplexity,bioinformatics; simulation; mathematical modelling; data science,omics; evolution; cancer genomics; complex biological systems,research MSc with 51-EC major project,welcomes physics/applied-math/CS students; Mechatronics equivalence needs check,non-EU fee high; scholarship audit needed,current,One of the clearest systems-oriented degrees: data + models + dynamic biological systems,entry mapping and finance,https://www.uu.nl/en/masters/bioinformatics-and-biocomplexity
D2-EU-008,new,Netherlands,Wageningen University,Bioinformatics and Systems Biology,MSc,2 years,bioinformatics / systems biology,programming; statistics; modelling; computational biology,genomics; molecular systems; broad life sciences,coursework + thesis,individual assessment can accept strong CS route but expects some life-science knowledge,high non-EU tuition; scholarship audit needed,current,Career outcomes include bioinformatician software developer data scientist programmer; methods are portable,biology/chemistry gap and finance,https://www.wur.nl/en/en/education/master/masters-bioinformatics-and-systems-biology
D2-EU-009,new,Denmark,DTU,Bioinformatics,MSc Eng,2 years,bioinformatics engineering,programming; math; statistics; ML; data science,genomics; computational biology; biological data,engineering MSc + thesis,international entry requires 5 ECTS molecular biology plus broader relevant credits,tuition/funding audit needed,current,Engineering degree; selection explicitly values research publications awards and work experience,hard molecular-biology credit likely Gate-1 risk,https://www.dtu.dk/english/education/graduate/msc-programmes/bioinformatics/prerequisites
D2-EU-010,new,Denmark,University of Copenhagen,Bioinformatics,MSc,2 years,bioinformatics / computational methods,algorithms; programming; ML; probabilistic models; optimisation,genomics; population genetics; medical imaging; biological data,coursework + projects/thesis,2027/28 requires explicit biology + bioinformatics + ML credits for international applicants,tuition/funding audit needed,2027/28 requirements published,Computer Science specialisation is highly methods-oriented and career-portable,likely formal bioinformatics-credit gap,https://www.ku.dk/studies/masters/bioinformatics
D2-EU-011,new,Germany,Saarland University,Bioinformatics,MSc,2 years,research bioinformatics,CS; algorithms; ML; databases; software engineering; bioinformatics,genetics; drug research; virology; biotechnology,research-driven MSc + thesis,requires comparable bioinformatics degree / substantial formal preparation,no tuition; semester fee,current,Exceptional CS environment and no tuition,formal life-science/bioinformatics prerequisite risk,https://www.uni-saarland.de/en/study/programmes/master/bioinformatics.html
D2-EU-012,new,Spain,Universitat Pompeu Fabra,Bioinformatics for Health Sciences,MSc,TBA,bioinformatics / health,computational tools; statistics; algorithms; biomedical data,health; genomics; biomedical research,coursework + research,explicitly accepts Computer Science Engineering and basic sciences,funding/tuition audit needed,current,Clean engineering-entry signal and broad biomedical computational framing,research intensity and finance,https://www.upf.edu/web/bioinformatics/admissio
D2-EU-013,new,Italy,University of Milan / Politecnico di Milano,Bioinformatics for Computational Genomics,MSc,2 years,computational genomics / systems biology,scientific programming; ML; databases; statistics; big-data systems; network modelling,genomics; epigenomics; transcriptomics; systems biology; neurogenomics,coursework + research internship,explicit alignment plan for CS/engineering/math/physics backgrounds,Italian merit/DSU/IYT possibilities require dedicated audit,2026/27 current; year-2 courses active 2027/28,"Despite genomics title, methods include software engineering, Spark/cloud, systems biology and interdisciplinary projects",degree may still be more genomics-specific than desired; funding,https://www.unimi.it/en/education/master-programme/bioinformatics-computational-genomics
D2-UK-001,new,United Kingdom,Imperial College London,Bioinformatics and Theoretical Systems Biology,MRes,1 year,bioinformatics / theoretical systems biology,mathematical modelling; statistics; ML/AI; computation,bioinformatics; systems biology; biological data,research-heavy MRes,2:1 accepted from physical computational mathematical and bioengineering subjects,Chevening/other funding needed; high sticker price,Oct 2027 applications open,Near-textbook fit for computational systems biology with substantial research project,funding robustness,https://www.imperial.ac.uk/study/courses/postgraduate-taught/bioinformatics/
D2-UK-002,new,United Kingdom,University of Manchester,Bioinformatics and Systems Biology,MSc,1 year,bioinformatics / systems biology,programming; statistics; computational modelling; research methods,genomics; biological networks; systems biology,coursework + two major research projects,accepts physical computing mathematics and biological/medical backgrounds,Chevening/other funding needed,2027 entry published,Broad systems framing and two substantive dry-lab research projects,funding,https://www.manchester.ac.uk/study/masters/courses/list/08854/msc-bioinformatics-and-systems-biology/
D2-UK-003,new,United Kingdom,University of Cambridge,Computational Biology,MPhil,10 months,computational biology,applied mathematics; computation; modelling; statistics,biological systems broadly,research-oriented MPhil,strong mathematical/computational evidence is central,university funding highly competitive,2027 course; funding deadline Jan 6 2027,Methods-first high-end research route rather than genomics-specialist training,funding and exact transcript fit,https://www.postgraduate.study.cam.ac.uk/courses/directory/maammpcbi
D2-CA-001,new,Canada,University of British Columbia,Bioinformatics,MSc thesis,~2 years,research bioinformatics,algorithms; software; statistics; computational biology,genomics; single-cell; imaging; statistical genetics; digital biology; neuroscience,thesis MSc,Engineering/Physics/Math/CS degree accepted with significant life-science experience; work experience may count,minimum MSc stipend currently CAD 32000/year; supervisor commits funding,2027 intakes active,Outstanding fit: GeneStory can supply life-science experience while degree retains broad computational research options,whether GeneStory evidence clears 'significant life sciences'; supervisor fit,https://www.grad.ubc.ca/prospective-students/graduate-degree-programs/master-of-science-bioinformatics
D2-CA-002,new,Canada,University of Toronto,MScAC - Data Science for Biology,MSc applied computing,TBA,computational biology / data science,computer science; data science; software; applied research,bioinformatics; computational biology; biological data,coursework + 8-month industrial internship,computational/math background is the natural route,professional MSc economics/funding require audit,current,Very broad software/data identity with biological application and long industry research internship,tuition and scholarship feasibility,https://mscac.utoronto.ca/concentrations/dsb/
D2-CA-003,new,Canada,McGill University,Biology MSc - Bioinformatics Option,MSc research,TBA,research bioinformatics,algorithms; statistics; modelling; tool building; databases,biological/medical data broadly,research MSc,bioinformatics option sits at biology x math/CS/engineering; exact MSc Biology entry needs audit,research funding needs supervisor-level audit,current,Research option explicitly includes building analytical tools algorithms models and data integration,formal entry from engineering; funding,https://www.mcgill.ca/biology/graduate-option-programs
D2-AU-001,existing_reframed,Australia,The University of Queensland,Master of Bioinformatics (Research Extensive),Master,2 years,bioinformatics / research,computational statistics; software engineering; data mining; AI; genome informatics; HPC,genomics; neuroscience; medicine; agriculture,research-extensive coursework Master,engineering explicitly eligible with required CS/biology/statistics-course pattern,Australia Awards 2028 candidate,2028 dates TBA; 2027 current,Strong dry-lab engineering identity and long research immersion without restricting applications to human genetics,Australia Awards 2028 terms and GPA conversion,https://study.uq.edu.au/study-options/programs/master-bioinformatics-research-extensive-5598?year=2027
D2-AU-002,existing_reframed,Australia,Monash University,Master of Bioinformatics - Research Stream,Master,2 years,bioinformatics / research,ML; statistical modelling; computational biology; AI; cloud; data visualisation,genomics; transcriptomics; proteins; precision health; agriculture,coursework + research stream,engineering is explicitly cognate; 65% equivalent current bar,Australia Awards 2028 candidate,2028 cycle TBA,Methods remain portable despite bioinformatics title; strong research stream,AAS 2028 and exact research-project options,https://www.monash.edu/study/courses/find-a-course/bioinformatics-m6049
D2-AU-003,new,Australia,Australian National University,Quantitative Biology and Bioinformatics - Advanced,MSc Advanced,2 years,quantitative biology,math; statistics; CS; data mining; modelling; scientific reasoning,biology; neuroscience; population health; computational biology,50% research component,cognate fields include CS math statistics biology computational chemistry; Mechatronics needs 8-course mapping,Australia Awards 2028 candidate; otherwise very high tuition,2027 current; 2028 TBA,Advanced version has 48/96 units research and broad quantitative-biological framing,whether Mechatronics courses satisfy 8 cognate-course rule,https://programsandcourses.anu.edu.au/2027/program/VSCQB
D2-AU-004,existing_reframed,Australia,UNSW Sydney,MPhil Engineering - Biomedical Engineering / Digital Medicine & Digital Biology,MPhil research,2 years,digital biology / biomedical systems,AI; bioinformatics; computational biology; software engineering; systems modelling; biosignal processing,genomics; digital medicine; physiological signals; biomedical data,research MPhil,relevant engineering degree route already Gate-1 Likely,Australia Awards 2028 candidate,2028 AAS route,Broad BME research ecosystem explicitly includes genomics plus systems/software/signal methods,specific PI/project and 2028 AAS rules,https://www.unsw.edu.au/engineering/our-schools/biomedical-engineering/our-research/research-areas/digital-medicine-digital-biology
D2-AS-001,new,Hong Kong SAR,University of Hong Kong,Computing and Data Science MPhil - Bioinformatics,MPhil research,2 years,CS / bioinformatics research,algorithms; ML; data mining; systems; software,genomics; bioinformatics; computational biology; biomedical data,research MPhil,general honours-equivalent degree; research proposal required,PGS at least HKD 225120/year on current school page,2027 main round Dec 1 2026,Very strong breadth: degree identity remains computing/data science while research can be genomics or biology,PI fit and honours equivalence,https://www.cs.hku.hk/programmes/research-based/mphil-phd-admission
D2-AS-002,existing_reframed,Hong Kong SAR,HKUST,Bioengineering MPhil - Biological Information Engineering,MPhil research,2 years,bioengineering / computational biology,engineering; CS; quantitative modelling; health analytics,bioinformatics; protein structure; drug design; systems biology; medical imaging,research MPhil,engineering-oriented programme already in universe,structural postgraduate studentship route,2027/28 current,Broader than previously treated: official focus explicitly includes bioinformatics and systems biology,PI density in computational-biology subtrack,https://prog-crs.hkust.edu.hk/pgprog/2027-28/mphil-phd-bien
D2-AS-003,new,Hong Kong SAR,Chinese University of Hong Kong,Translational Genomics MPhil,MPhil research,2 years,computational genomics,bioinformatics; computational biology; ML/deep learning,genomics; diagnostics; therapeutics,research MPhil,general Graduate School route; exact engineering-background acceptance needs Gate 1,CUHK research-postgraduate studentship ecosystem,2027 main round Dec 1 2026,Uses GeneStory depth directly while retaining computational-biology/ML methods,degree may be too genomics-specific; formal entry from Mechatronics,https://www.gs.cuhk.edu.hk/programmes/medicine/mphil-phd-translational-genomics
D2-AS-004,existing_reframed,South Korea,KAIST,Bio and Brain Engineering,MS research,2 years,broad bioengineering,bio-data engineering; bioinformatics; genome informatics; systems biology; data mining; bio-intelligence; signal processing,genomics; systems biology; neuroengineering; bioelectronics; imaging,research MS,Gate-1 Likely in existing universe,KAIST Scholarship / KGPS / GKS,2027/28 upcoming,Potentially one of the best cross-domain programmes because neuro and computational genomics coexist in one department,genomics/systems-biology PI audit,https://admission.kaist.ac.kr/intl-graduate/Discover/ExplorePrograms
D2-AS-005,new,Japan,University of Tokyo,Computational Biology and Medical Sciences - Computational Biology,Master research,2 years,computational biology,bioinformatics; computation; modelling; data analysis,genomics; medical science; biological systems,research Master with entrance exam,official FAQ says engineering backgrounds have completed programme and prior major does not bar Computational Biology,MEXT/university funding to audit,2027 Schedule B application Nov 11-17 2026,Direct computational-biology research degree that does not require prior biology degree by title,exam content; advisor fit; funding,https://www.cbms.k.u-tokyo.ac.jp/en/admission/application/
D2-AS-006,new,South Korea,Seoul National University,Interdisciplinary Program in Bioinformatics,Master research,2 years,bioinformatics / interdisciplinary,bioinformatics; data analysis; computational biology,genomics; systems biology; biomedical data,research Master,Master programme exists for international admissions; detailed department gate needs refresh,GSFS / SNU Global / GKS possible,2027 exact guide to refresh,Adds a computational branch at SNU distinct from Bioengineering,formal requirements and PI/funding robustness,https://en.snu.ac.kr/webdata/uploads/eng/file/2025/09/2026Spring_graduate_eng.pdf
D2-AS-007,new,Singapore,Nanyang Technological University,MSc Biomedical Data Science,MSc coursework,1 year,biomedical data science,bioinformatics algorithms; genomics/transcriptomics/proteomics pipelines; AI; modelling; software/data work,omics; healthcare; biotechnology; biomedical AI,coursework + optional 6-8 month immersion,explicitly targets computing/engineering graduates for bioinformatics/AI transition,Vingroup Graduate Scholarship may be relevant for Vietnamese Master's; programme-level eligibility must be confirmed,current programme; 2028 scholarship cycle later,Broad tracks let the degree stay data/AI-oriented rather than genetics-only,coursework cost and Vingroup eligibility for this exact programme,https://www.ntu.edu.sg/engineering/coe-programmes/graduate/coe-programme-detail/master-of-science-in-biomedical-data-science
D2-AS-008,new,Singapore,National University of Singapore,MSc Biomedical Informatics - Analytics,MSc coursework,1 year,health informatics / data science,analytics; clinical decision support; databases; AI/ML; capstone,clinical data; digital health; healthcare systems,coursework + capstone,non-clinicians with relevant industry expertise explicitly considered,very high tuition; scholarship route needs audit,Aug 2027 current,Broad health-data career optionality and systems translation; less genomics-specific,finance and research depth,https://medicine.nus.edu.sg/graduatestudies/education/msc-in-biomedical-informatics/
D2-AS-009,new,Singapore,National University of Singapore,MSc Precision Health and Medicine x AI - Capstone,MSc,2 years,precision health / AI,bioinformatics; data analytics; medical AI; capstone research,precision medicine; genomics; biomedical data; health AI,coursework + capstone,researchers bioinformaticians and data analysts are named target profiles; exact engineering entry needs audit,high tuition; funding audit needed,Aug 2027 current,Broad AI/precision-health route with two-year capstone option rather than narrow gene analysis,eligibility and finance,https://medicine.nus.edu.sg/graduatestudies/education/msc-in-precision-health-and-medicine/
D2-AS-010,existing_reframed,Taiwan,National Taiwan University,Smart Medicine and Health Informatics,Master,2 years,health informatics / biomedical AI,AI/ML; biomedical signal processing; health data; informatics,personalized medicine; signals; genomics/bioinformatics electives; digital health,coursework/research mix,Bachelor from accredited university + CEFR B2 is clean published minimum,Taiwan Scholarship / NTU awards,2027 Sep rounds published,Excellent breadth guardrail: health-data degree can use both Earable and GeneStory without choosing one domain,research intensity and scholarship package,https://smartmhi.ntu.edu.tw/prospective/admission/dates
D2-AS-011,existing_reframed,Taiwan,National Taiwan University,Biomedical Electronics and Bioinformatics,Master research,2 years,bioelectronics / bioinformatics,signal processing; electronics; informatics; data analysis,biosignals; microarray/genomics; systems biology; medical informatics,research Master,2027/28 international Master's available; detailed programme sheet still needed,Taiwan Scholarship / NTU awards,2027/28 current,Rare degree explicitly bridges the two strongest profile anchors: sensing/electronics and bioinformatics,language/course delivery and detailed prerequisites,https://admissions.ntu.edu.tw/colleges/college-of-electrical-engineering-computer-science/
D2-AS-012,new,Taiwan,National Tsing Hua University,Institute of Bioinformatics and Structural Biology,MS research,2 years,bioinformatics / structural biology,bioinformatics; computation; HPC; quantitative analysis,genomics; structural biology; biological data,research MS,international MS exists; research proposal required; advisor pre-contact recommended,NTHU/Taiwan scholarship ecosystem,current international route,Research-focused and English-course sufficient; potentially good computational route,how much structural/wet-lab emphasis; engineering eligibility,https://apply.nthu.edu.tw/en/department/48-bioinformatics-and-structural-biology
D2-AS-013,new,Taiwan,National Yang Ming Chiao Tung University,Institute of Bioinformatics and Systems Biology,MS research,2 years,bioinformatics / systems biology,bioinformatics; systems modelling; computational biology,genomics; systems biology; biological data,research MS,international Master route confirmed by college; exact requirements need central guide,NYCU / Taiwan scholarship ecosystem,current,Direct systems-biology framing inside a computational institute,programme-specific entry and English delivery,https://ceb.nycu.edu.tw/en/bse/
D2-AS-014,new,Hong Kong SAR,HKUST,MSc Biomolecular Engineering and Health Informatics,MSc coursework,1 year,health informatics / biomolecular engineering,data science; health analytics; systems biology; omics; engineering,omics; biosensing; diagnostics; health data,coursework,CS/Bioinformatics/Physics/BME and related backgrounds accepted; Mechatronics relation needs Gate 1,HKD 229000; funding weak unless scholarship found,2027/28 current,Broad integration of acquisition/data/engineering but expensive and less research-heavy,finance and exact Mechatronics eligibility,https://prog-crs.hkust.edu.hk/pgprog/2027-28/msc-behi
D2-EU-014,new,Italy,University of Trento,Quantitative and Computational Biology,MSc,2 years,quantitative / computational biology,AI; scientific programming; biostatistics; modelling; simulation; knowledge graphs; reproducible workflows,multi-omics; systems biology; clinical genomics; biotech; data-driven health,coursework + internship + 21-ECTS thesis,non-EU degrees are evaluated course-by-course against required sectors; exact biology/chemistry mapping needs Gate 1,2026/27 non-EU call included scholarship assignments; exact 2027/28 funding to refresh,2026/27 current; 2027/28 to refresh,"Very close to the operating model: reproducible computational workflows, data-quality/model-assumption critique, in-silico experimentation, and biological-systems modelling",formal biology/chemistry sectors may create Gate-1 risk,https://corsi.unitn.it/en/quantitative-and-computational-biology
D2-EU-015,new,Italy,University of Milan,Quantitative Biology,MSc,2 years,quantitative biology,mathematical modelling; Python; AI; nonlinear dynamics; measurement/data analysis,cell biophysics; biological systems; imaging; structural biology,coursework + 33-ECTS thesis,programme is framed for biological/biotechnological graduates and includes substantial biology/chemistry; engineering entry needs careful Gate 1 audit,Italian regional/merit routes need dedicated audit,2026/27 current; 2027/28 second-year curriculum published,"Strong quantitative methods and large thesis, but more wet/biophysical than the target default",formal biology/chemistry eligibility and wet-lab intensity,https://www.unimi.it/en/education/master-programme/quantitative-biology
D2-EU-016,new,France,Universite Paris-Saclay,Bioinformatics / Computational Biology - GENIOMHE-AI,MSc,2 years,bioinformatics / AI / precision health,algorithms; programming; data science; AI; statistics; databases; systems modelling,genomics; precision medicine; structural/systems biology; health data,M1 + internship then M2 research/professional progression,M1 explicitly includes engineering-school entrants with biology+informatics competencies; exact Mechatronics+GeneStory equivalence needs audit,Paris-Saclay scholarship / Eiffel possibilities need programme-specific audit,2026/27 current; 2027/28 to refresh,"Methods are highly portable: programming, ML, databases, modelling and FAIR/data-management skills; genomics is application context rather than sole skill set",formal biology/informatics balance and funding,https://www.universite-paris-saclay.fr/en/education/masters-degree/bioinformatics/computational-biology/m1-genomics-informatics-mathematics-and-artificial-intelligence-health-and-environment-geniomhe
D2-EU-017,new,Germany,Freie Universitat Berlin,Bioinformatics,MSc,2 years,bioinformatics / computer science,programming; algorithms; computer science; mathematics; statistics,biological data; genomics; bioinformatics,coursework + research thesis,requires at least 25 CP computer science including programming/algorithms plus 25 CP mathematics/statistics; no conditional admission if requirements missing,public-German low-tuition structure; semester/living costs to audit,2027 application expected mid-April to end-May,Methods-heavy and potentially low-cost; useful discovery candidate because requirements are explicit enough for later transcript audit,whether Mechatronics transcript reaches formal CS/algorithms CP and any additional biology requirements,https://www.osa.fu-berlin.de/bioinformatics_msc/en/apply/admission_requirements/index.html
D2-CA-004,new,Canada,University of Guelph,MSc Bioinformatics,MSc thesis,~2 years,research bioinformatics,bioinformatics research; computational analysis; modelling; scientific programming,life/physical/computational sciences; biological data broadly,thesis MSc with agreed advisor required before application,"accepts life, physical, statistical, mathematical and computational-science backgrounds; minimum B/75% in final two years",thesis students receive a funding package with offer; amount varies by supervisor home department and may include GTA/GRA,no fixed MSc deadline; international applicants advised to start ~8 months before intended entry,Good research conversion route: physical/computational backgrounds are explicitly admissible and funding is tied to a supervisor-backed offer,"specific supervisor fit, package amount, and whether Mechatronics is accepted as related physical/computational science",https://www.uoguelph.ca/bioinformatics/node/408
D2-CA-005,new,Canada,McGill University,MSc Computer Science (Thesis) - Bioinformatics,MSc thesis,~2 years,computer science / bioinformatics,algorithms; AI; statistics; modelling; tool building; databases; software,bioinformatics; computational biology; medical data; biological data,research-intensive CS MSc with 24-credit thesis,requires at least undergraduate-minor-equivalent CS; university minimum 3.2/4.0; Bioinformatics option explicitly sits at biology/medicine x math/CS/engineering,funding opportunities available but exact thesis-MSc package requires school/supervisor audit,Fall only; international deadline currently Dec 15,Excellent breadth guardrail: degree remains Computer Science while thesis can be bioinformatics; methods transfer cleanly outside genomics,whether Mechatronics coursework satisfies CS-minor equivalence and funding amount,https://www.mcgill.ca/gradapplicants/program/computer-science-msc
D2-CA-006,new,Canada,Simon Fraser University,MSc Computing Science - thesis with Computational Biology research,MSc thesis,~2 years,computer science / computational biology,algorithms; ML; sequence algorithms; data mining; software; systems,genome sequencing; gene regulation; epigenomics; single-cell; medical images; medical records,research-intensive CS MSc thesis,"Bachelor in CS/related field or exceptional non-CS applicant demonstrating third-year competence in operating systems, data structures/algorithms and databases",minimum funding guaranteed CAD 24000/year for two years for every Master's student,Fall 2027 application opens Oct 1 2026; exact deadline TBA,"Very strong breadth-preserving archetype: degree stays Computing Science, research ecosystem has computational biology, and funding is structural",hard CS-competency mapping from Mechatronics transcript,https://www.sfu.ca/fas/study/future-graduates/programs/master-science-thesis.html
D2-CA-007,new,Canada,University of Alberta,MSc Computing Science - thesis with Bioinformatics / Multi-omics research,MSc thesis,~2 years,computer science / computational biology,algorithms; optimisation; ML; software; theoretical computational biology,multi-omics; bioinformatics; cheminformatics; biological data,research-intensive CS MSc thesis,four-year degree should be similar to CS; related-discipline applicants can be considered if CS deficiencies are bridgeable; typical minimum GPA 3.0 and admitted cohort often stronger,minimum full-time MSc funding currently CAD 30800; international students receive an extra component toward higher tuition,Fall 2027 application Oct 15-Dec 15 2026; documents by Jan 15 2027,"Strong breadth-preserving route: degree remains Computing Science, current faculty explicitly work on algorithms arising from multi-omics and bioinformatics, and thesis funding is structural",CS-background equivalence from Mechatronics and specific supervisor match,https://www.ualberta.ca/en/computing-science/graduate-studies/financial-support-and-awards/index.html
D2-AU-005,new,Australia,Monash University,Master of Data Science - Research Stream with computational-biology thesis,Master of Data Science,1.5-2 years,data science / computational biology,statistics; ML; data wrangling; big-data systems; research methods; thesis,biological data possible via bioinformatics/computational-biology supervisors; otherwise domain-agnostic,coursework + competitive research stream / thesis,engineering can enter; research stream requires strong in-course performance including >=80% across level-5 units and >=75% in research methods under current map,Australia Awards 2028 candidate; otherwise high international tuition,2027 current; 2028 AAS terms TBA,"Maximum career breadth: degree is Data Science, thesis can be computational biology; useful counterweight to gene-specific degrees",research-stream entry is not guaranteed at admission; need confirmed computational-biology supervisor and AAS compatibility,https://www.monash.edu/study/courses/find-a-course/data-science-c6004?international=true
