opportunity_id,program,gate1_status,confidence,formal_requirements,applicant_match,main_risk,next_action,source
EU-FI-001,Aalto Health Technology Engineering,Likely,high,"High-quality BSc in EE/ME/BME/Mechatronics/Physics or related; math/physics/programming recommended; circuits embedded systems signal processing digital control recommended; anatomy/physiology advisable","Mechatronics is explicitly accepted; math control electronics programming measurement background matches; EEG thesis and R&D strengthen relevance","No hard formal DSP course requirement is stated; academic competitiveness remains selective","Prepare course-description mapping and emphasize control/electronics/EEG; no need to treat missing named DSP course as an automatic blocker",https://www.aalto.fi/en/study-options/health-technology-engineering-master-of-science-technology
EU-SE-001,Chalmers Biomedical Engineering,Conditional,high,"Bachelor in BME/EE/Mechatronics/Computer Engineering/Engineering Physics/Engineering Mathematics or equivalent; >=24 cr math; >=6 cr Signals & Systems or Signal Processing including linear systems/transforms; >=6 cr circuits; >=6 cr general-purpose programming","Degree family is explicitly accepted; math/circuits/programming likely match","Hard 6-credit Signals & Systems / Signal Processing requirement is not clearly evidenced by transcript title","Map detailed syllabi for control/computational/measurement courses against linear systems and transforms; if no 6-credit equivalent exists treat as ineligible",https://www.chalmers.se/en/education/find-masters-programme/biomedical-engineering-msc/
EU-SE-002,KTH Medical Engineering,Conditional,high,"180 ECTS engineering/natural-science BSc; >=60 ECTS total across math/physics/computing/electronics including >=25 math >=15 physics >=10 computing >=5 electronics","Mechatronics provides strong math computing electronics and engineering background","Formal 15 ECTS Physics threshold must be proven from transcript/course descriptions","Build ECTS-equivalent credit map for physics/mechanics/electrotechnics and verify 15 ECTS physics classification",https://www.kth.se/en/studies/master/medical-engineering/entry-requirements-medical-engineering-1.70535
EU-SE-003,KTH Systems Control and Robotics,Likely,high,"Relevant 180 ECTS BSc in CS/EE/math/physics/vehicle/mechanical or similar; linear algebra; single/multivariable analysis; probability; programming/computer science; differential equations; control technology","Mechatronics is a natural similar field; transcript covers linear algebra calculus probability programming and automatic control","Need explicit evidence of differential equations/computer-science foundation; programme is highly selective (2026 acceptance 7%)","Map calculus/computational methods to differential-equations requirement; prepare strong motivation around systems/estimation + biological applications",https://www.kth.se/en/studies/master/systems-control-robotics/entry-requirements-for-systems-control-and-robotics-1.8734
EU-NL-001,Twente Biomedical Engineering - Physiological Signals & Systems,Conditional-high-risk,high,"International admission lists BSc Biomedical Engineering/Biomedical Technology; required knowledge includes calculus and linear algebra; cell biology/biochemistry especially for BET; final decision by admissions; pre-Master may be imposed","Calculus/linear algebra and engineering background are strong; EEG thesis/work are very relevant to PSS","Degree title is not the listed direct-entry BME/Biomedical Technology degree; admission may require pre-Master","Run official eligibility e-check and email programme with full transcript specifically for PSS; do not assume direct entry",https://www.utwente.nl/en/education/master/programmes/biomedical-engineering/admission/admission-international/
EU-NL-003,TU Delft EE - Signals Networking and Sensing,Likely,medium,"Track states BSc in technology or science; 24-month English programme; central TU Delft international MSc requirements also apply","Mechatronics BEng is clearly technology/engineering; math/control/programming/sensing background aligns strongly","Central admissions comparability/GPA requirements were not yet fully audited in this pass","Audit central TU Delft non-Dutch admission page and document GPA/English requirements; no biology gap expected",https://sps.ewi.tudelft.nl/Education/detail.php?ti=53
EU-DE-001,Freiburg Microsystems Engineering,Likely,high,"BSc in Electronics/Mechatronics/Electronics & Communication/Instrumentation/Electrical/Mechanical Engineering or similar; English C1","Mechatronics explicitly named; electronics/mechanics/measurement foundation aligns","English C1 evidence and normal admissions competitiveness","Verify accepted C1 test route and application-document requirements",https://www.tf.uni-freiburg.de/de/studienangebot/tf_master-flyer
EU-DE-004,RWTH Aachen Biomedical Engineering,Unlikely,high,"Recognized first degree plus 90 CP engineering/math/natural sciences with specified minimum subject content; current regulations include substantial chemistry or biology content alongside mathematics","Engineering/math side is strong","No obvious formal chemistry or biology coursework; work/research cannot be assumed to replace required CP","Read full 2027 regulation table and confirm whether an admissible pathway exists without 20 CP chemistry/biology; otherwise remove at Gate 1",https://www.rwth-aachen.de/global/show_document.asp?id=aaaaaaaacuejuga
EU-BE-001,KU Leuven Biomedical Engineering,Conditional-high-risk,high,"Direct foreign-diploma requirement is BSc/MSc Biomedical Engineering; GRE required for non-EEA; programme brochure says mechanical/electrical engineering graduates may be admitted at committee discretion with preparatory programme 6-60 ECTS","Mechatronics is close to mechanical/electrical and has strong relevant R&D","Direct admission is not guaranteed; preparatory programme may be required and would materially affect scholarship eligibility","Submit course-level mapping and ask whether Mechatronics can receive direct admission or only preparatory admission; plan GRE if applying",https://onderwijsaanbod.kuleuven.be/opleidingen/e/SC_55911729/toelatingsvoorwaarden
EU-IT-001,Politecnico di Milano Biomedical Engineering,Likely,medium-high,"Foreign Bachelor equivalent accepted with adequate preparation in fundamental engineering subjects and disciplines relevant to BME; academic career evaluated individually","Mechatronics provides fundamental engineering preparation; EEG/genomics R&D strengthens relevance","Exact foreign-degree grade/curricular thresholds are evaluated case-by-case","Obtain programme-specific foreign applicant checklist and map engineering fundamentals; no current hard biology prerequisite identified",https://www.polimi.it/en/education/laurea-magistrale-programmes/programme-detail/biomedical-engineering-1
EU-IT-002,University of Bologna Biomedical Engineering,Conditional-likely,medium-high,"Suitable Bachelor plus curricular requirements; at least 36 credits in basic subject groups for Italian Information/Industrial Engineering classes; assessment test/verification required","Mechatronics likely contains sufficient basic engineering/math credits","Exact conversion of UET credits into Bologna subject groups must be verified","Create credit mapping to L-8/L-9 basic subject groups before treating as fully eligible",https://www.unibo.it/en/study/second-cycle-degree/programme/2025/9266
AS-SG-001,NUS Biomedical Engineering MEng by Research,Likely,high,"Relevant Bachelor with at least Second Class Lower equivalent; NUS Research Scholarship applicants expected at least Second Class Upper; international MEng applicants must submit TOEFL >=85 or IELTS >=6.0","Mechatronics is relevant; Distinction classification plus EEG thesis/research/publications fit a research degree well","Formal honours equivalence and English test still need documentation; scholarship bar is higher than basic admission bar","Confirm UET Distinction equivalence with NUS and prepare IELTS/TOEFL; supervisor/research proposal fit becomes the next practical gate",https://cde.nus.edu.sg/bme/graduate/admission-requirements/
AS-SG-004,NTU EEE MEng by Research,Conditional-likely,high,"Relevant Bachelor with at least Second-Class Upper Honours or Honours Distinction/equivalent; research ability; English test if degree not conducted in English","Mechatronics plus EEG thesis and R&D are directly relevant to biomedical signal/image processing control and bioelectronics research areas","Need confirmation that UET Distinction/3.47 maps to NTU minimum; English-medium proof or test required","Check degree-equivalence guidance and identify supervisors before application; prepare research proposal around physiological sensing/estimation",https://www.ntu.edu.sg/spms/admissions/grad/detail/doctor-of-philosophy-%28ph.d%29-and-master-of-engineering-%28m.eng%29-programme
AS-TW-005,NTU Smart Medicine and Health Informatics,Likely,high,"Bachelor from accredited university; CEFR B2 English; applicants should have EE/Information Management/CS or related background or relevant experience","Mechatronics is a plausible related engineering field; EEG thesis and health-tech R&D strongly support relevance","Need English proof and department acceptance of Mechatronics as related field","Apply in 2027 Sep first/second round; use SOP/research plan to show ICT + physiological sensing trajectory",https://smartmhi.ntu.edu.tw/prospective/admission/Requirements
