staging_id,canonical_id,university,program,gate1_status,confidence,formal_requirements,applicant_match,blocking_risk,next_action,source
D2-EU-001,EU-FI-006,Aalto University,Life Science Technologies - Bioinformatics and Digital Health,Likely,medium-high,engineering/science with strong math/computational background appears explicitly relevant,Four-year Mechatronics degree plus mathematics/programming/statistics and substantial biological-data R&D is compatible with the published feeder/background requirements.,No material formal mismatch identified in the current official programme description.,"Verify foreign-degree equivalence, English evidence, and any programme-specific document/test requirements during application preparation.",https://www.aalto.fi/en/programmes/masters-programme-in-life-science-technologies/curriculum-2026-2028
D2-EU-002,EU-FI-007,University of Helsinki,Life Science Informatics - Bioinformatics and Systems Medicine,Likely,medium-high,programme explicitly spans mathematics/statistics/informatics and life-science backgrounds,Four-year Mechatronics degree plus mathematics/programming/statistics and substantial biological-data R&D is compatible with the published feeder/background requirements.,No material formal mismatch identified in the current official programme description.,"Verify foreign-degree equivalence, English evidence, and any programme-specific document/test requirements during application preparation.",https://www.helsinki.fi/en/degree-programmes/life-science-informatics-masters-programme
D2-EU-003,EU-SE-004,Uppsala University,Bioinformatics - Computer Science Background,Conditional-high-risk,high,explicit track for computer-science/quantitative background; exact Mechatronics mapping needs audit,"The profile is intellectually relevant, but at least one formal direct-entry, credit, language, or degree-equivalence condition is not yet safely satisfied.",Hard 30 credits in computer science plus 25 credits mathematics/statistics; current UET transcript has programming but no clear database/CS-credit block.,Run a transcript/syllabus or route-specific audit before investing application effort.,https://www.uu.se/en/study/programme/masters-programme-bioinformatics-computer-science-background
D2-EU-004,EU-CH-003,ETH Zurich / UZH / Basel,Computational Biology and Bioinformatics,Likely,medium-high,engineering explicitly welcomed but minimum biology/CS/math background is mandatory,"The profile is intellectually relevant, but at least one formal direct-entry, credit, language, or degree-equivalence condition is not yet safely satisfied.",Engineering is explicitly eligible. Mandatory intro gaps in biology/CS/bioinformatics can be assigned as additional requirements up to 30 ECTS; current profile appears plausibly within a bridgeable range.,"Prepare course-by-course mapping of programming, algorithms/data structures, statistics, biology/bioinformatics; GRE remains an application test, not a Gate-1 blocker.",https://cbb.ethz.ch/application-admission.html
D2-EU-005,EU-BE-005,KU Leuven,Master of Bioinformatics - Engineering Major,Likely,medium-high,dedicated Engineering major with biology reorientation package,Four-year Mechatronics degree plus mathematics/programming/statistics and substantial biological-data R&D is compatible with the published feeder/background requirements.,No material formal mismatch identified in the current official programme description.,"Verify foreign-degree equivalence, English evidence, and any programme-specific document/test requirements during application preparation.",https://onderwijsaanbod.kuleuven.be/opleidingen/e/SC_51016883
D2-EU-006,EU-NL-006,VU Amsterdam / University of Amsterdam,Bioinformatics and Systems Biology,Conditional-high-risk,high,science/AI/CS/math/physics-like backgrounds considered; missing biology/programming/math can trigger pre-master,"The profile is intellectually relevant, but at least one formal direct-entry, credit, language, or degree-equivalence condition is not yet safely satisfied.","Direct entry expects mathematics, programming and molecular biology; international applicants with gaps can be routed to a pre-master, so direct-entry status is uncertain.",Run a transcript/syllabus or route-specific audit before investing application effort.,https://vu.nl/en/education/master/bioinformatics-and-systems-biology-joint-degree-vu-uva/admissions
D2-EU-007,EU-NL-007,Utrecht University,Bioinformatics and Biocomplexity,Likely,medium-high,welcomes physics/applied-math/CS students; Mechatronics equivalence needs check,Four-year Mechatronics degree plus mathematics/programming/statistics and substantial biological-data R&D is compatible with the published feeder/background requirements.,No material formal mismatch identified in the current official programme description.,"Verify foreign-degree equivalence, English evidence, and any programme-specific document/test requirements during application preparation.",https://www.uu.nl/en/masters/bioinformatics-and-biocomplexity
D2-EU-008,EU-NL-008,Wageningen University,Bioinformatics and Systems Biology,Conditional-high-risk,high,individual assessment can accept strong CS route but expects some life-science knowledge,"The profile is intellectually relevant, but at least one formal direct-entry, credit, language, or degree-equivalence condition is not yet safely satisfied.",Individual assessment expects life-science preparation in addition to computation; formal biology/chemistry coverage remains uncertain.,Run a transcript/syllabus or route-specific audit before investing application effort.,https://www.wur.nl/en/en/education/master/masters-bioinformatics-and-systems-biology
D2-EU-009,EU-DK-002,DTU,Bioinformatics,Unlikely,high,international entry requires 5 ECTS molecular biology plus broader relevant credits,"The research theme is relevant, but a published hard prerequisite is not documented in the current academic transcript.","DTU requires at least 5 ECTS molecular biology plus programming, mathematics and statistics inside the core prerequisites. No formal molecular-biology course is visible in the transcript.",Do not prioritise unless new official coursework evidence proves the hard prerequisite.,https://www.dtu.dk/english/education/graduate/msc-programmes/bioinformatics/prerequisites
D2-EU-010,EU-DK-003,University of Copenhagen,Bioinformatics,Unlikely,high,2027/28 requires explicit biology + bioinformatics + ML credits for international applicants,"The research theme is relevant, but a published hard prerequisite is not documented in the current academic transcript.","Published 2027/28 requirements include explicit biology, bioinformatics and ML coursework that the current transcript does not document.",Do not prioritise unless new official coursework evidence proves the hard prerequisite.,https://www.ku.dk/studies/masters/bioinformatics
D2-EU-011,EU-DE-010,Saarland University,Bioinformatics,Unlikely,high,requires comparable bioinformatics degree / substantial formal preparation,"The research theme is relevant, but a published hard prerequisite is not documented in the current academic transcript.",Requires 18 CP bioinformatics plus 10 CP life sciences in addition to CS/math. The current transcript lacks formal bioinformatics/life-science coursework.,Do not prioritise unless new official coursework evidence proves the hard prerequisite.,https://www.uni-saarland.de/en/study/programmes/master/bioinformatics.html
D2-EU-012,EU-ES-001,Universitat Pompeu Fabra,Bioinformatics for Health Sciences,Likely,high,explicitly accepts Computer Science Engineering and basic sciences,"The profile is intellectually relevant, but at least one formal direct-entry, credit, language, or degree-equivalence condition is not yet safely satisfied.",UPF explicitly accepts engineering degrees and gives weight to relevant professional/research experience; no hard biology-credit basket is published.,Verify foreign-degree equivalence and English/application documents.,https://www.upf.edu/web/bioinformatics/admissio
D2-EU-013,EU-IT-007,University of Milan / Politecnico di Milano,Bioinformatics for Computational Genomics,Likely,medium-high,explicit alignment plan for CS/engineering/math/physics backgrounds,Four-year Mechatronics degree plus mathematics/programming/statistics and substantial biological-data R&D is compatible with the published feeder/background requirements.,No material formal mismatch identified in the current official programme description.,"Verify foreign-degree equivalence, English evidence, and any programme-specific document/test requirements during application preparation.",https://www.unimi.it/en/education/master-programme/bioinformatics-computational-genomics
D2-UK-001,EU-UK-001,Imperial College London,Bioinformatics and Theoretical Systems Biology,Likely,medium-high,2:1 accepted from physical computational mathematical and bioengineering subjects,Four-year Mechatronics degree plus mathematics/programming/statistics and substantial biological-data R&D is compatible with the published feeder/background requirements.,No material formal mismatch identified in the current official programme description.,"Verify foreign-degree equivalence, English evidence, and any programme-specific document/test requirements during application preparation.",https://www.imperial.ac.uk/study/courses/postgraduate-taught/bioinformatics/
D2-UK-002,EU-UK-002,University of Manchester,Bioinformatics and Systems Biology,Likely,medium-high,accepts physical computing mathematics and biological/medical backgrounds,Four-year Mechatronics degree plus mathematics/programming/statistics and substantial biological-data R&D is compatible with the published feeder/background requirements.,No material formal mismatch identified in the current official programme description.,"Verify foreign-degree equivalence, English evidence, and any programme-specific document/test requirements during application preparation.",https://www.manchester.ac.uk/study/masters/courses/list/08854/msc-bioinformatics-and-systems-biology/
D2-UK-003,EU-UK-003,University of Cambridge,Computational Biology,Likely,medium-high,strong mathematical/computational evidence is central,Four-year Mechatronics degree plus mathematics/programming/statistics and substantial biological-data R&D is compatible with the published feeder/background requirements.,No material formal mismatch identified in the current official programme description.,"Verify foreign-degree equivalence, English evidence, and any programme-specific document/test requirements during application preparation.",https://www.postgraduate.study.cam.ac.uk/courses/directory/maammpcbi
D2-CA-001,NA-CA-001,University of British Columbia,Bioinformatics,Likely,medium-high,Engineering/Physics/Math/CS degree accepted with significant life-science experience; work experience may count,Four-year Mechatronics degree plus mathematics/programming/statistics and substantial biological-data R&D is compatible with the published feeder/background requirements.,No material formal mismatch identified in the current official programme description.,"Verify foreign-degree equivalence, English evidence, and any programme-specific document/test requirements during application preparation.",https://www.grad.ubc.ca/prospective-students/graduate-degree-programs/master-of-science-bioinformatics
D2-CA-002,NA-CA-002,University of Toronto,MScAC - Data Science for Biology,Conditional-high-risk,high,computational/math background is the natural route,"The profile is intellectually relevant, but at least one formal direct-entry, credit, language, or degree-equivalence condition is not yet safely satisfied.",Applied Computing route is computationally oriented; exact formal CS preparation expected from a Mechatronics applicant must be checked.,Run a transcript/syllabus or route-specific audit before investing application effort.,https://mscac.utoronto.ca/concentrations/dsb/
D2-CA-003,NA-CA-003,McGill University,Biology MSc - Bioinformatics Option,Conditional-high-risk,high,bioinformatics option sits at biology x math/CS/engineering; exact MSc Biology entry needs audit,"The profile is intellectually relevant, but at least one formal direct-entry, credit, language, or degree-equivalence condition is not yet safely satisfied.","Bioinformatics option is interdisciplinary, but admission is through Biology MSc; formal entry from engineering is not yet established.",Run a transcript/syllabus or route-specific audit before investing application effort.,https://www.mcgill.ca/biology/graduate-option-programs
D2-AU-003,AU-007,Australian National University,Quantitative Biology and Bioinformatics - Advanced,Conditional-high-risk,high,cognate fields include CS math statistics biology computational chemistry; Mechatronics needs 8-course mapping,"The profile is intellectually relevant, but at least one formal direct-entry, credit, language, or degree-equivalence condition is not yet safely satisfied.",Requires eight cognate courses with GPA threshold; whether Mechatronics/math/programming/statistics courses satisfy the cognate definition needs transcript mapping.,Run a transcript/syllabus or route-specific audit before investing application effort.,https://programsandcourses.anu.edu.au/2027/program/VSCQB
D2-AS-001,AS-HK-005,University of Hong Kong,Computing and Data Science MPhil - Bioinformatics,Likely,high,general honours-equivalent degree; research proposal required,"The profile is intellectually relevant, but at least one formal direct-entry, credit, language, or degree-equivalence condition is not yet safely satisfied.",HKU CDS publishes only the university honours-equivalent degree requirement plus research proposal/English; no CS-major prerequisite is stated for the MPhil.,Use bioinformatics research proposal and GeneStory/DNA evidence to establish research fit; formal CS degree is not required.,https://www.cs.hku.hk/programmes/research-based/mphil-phd-admission
D2-AS-003,AS-HK-006,Chinese University of Hong Kong,Translational Genomics MPhil,Likely,medium-high,general Graduate School route; exact engineering-background acceptance needs Gate 1,Four-year Mechatronics degree plus mathematics/programming/statistics and substantial biological-data R&D is compatible with the published feeder/background requirements.,No material formal mismatch identified in the current official programme description.,"Verify foreign-degree equivalence, English evidence, and any programme-specific document/test requirements during application preparation.",https://www.gs.cuhk.edu.hk/programmes/medicine/mphil-phd-translational-genomics
D2-AS-005,AS-JP-004,University of Tokyo,Computational Biology and Medical Sciences - Computational Biology,Likely,medium-high,official FAQ says engineering backgrounds have completed programme and prior major does not bar Computational Biology,Four-year Mechatronics degree plus mathematics/programming/statistics and substantial biological-data R&D is compatible with the published feeder/background requirements.,No material formal mismatch identified in the current official programme description.,"Verify foreign-degree equivalence, English evidence, and any programme-specific document/test requirements during application preparation.",https://www.cbms.k.u-tokyo.ac.jp/en/admission/application/
D2-AS-006,AS-KR-005,Seoul National University,Interdisciplinary Program in Bioinformatics,Conditional-high-risk,high,Master programme exists for international admissions; detailed department gate needs refresh,"The profile is intellectually relevant, but at least one formal direct-entry, credit, language, or degree-equivalence condition is not yet safely satisfied.","Current international Master's route exists, but programme-specific Bioinformatics prerequisites for 2027 are not yet sufficiently verified.",Run a transcript/syllabus or route-specific audit before investing application effort.,https://en.snu.ac.kr/webdata/uploads/eng/file/2025/09/2026Spring_graduate_eng.pdf
D2-AS-007,AS-SG-007,Nanyang Technological University,MSc Biomedical Data Science,Likely,medium-high,explicitly targets computing/engineering graduates for bioinformatics/AI transition,Four-year Mechatronics degree plus mathematics/programming/statistics and substantial biological-data R&D is compatible with the published feeder/background requirements.,No material formal mismatch identified in the current official programme description.,"Verify foreign-degree equivalence, English evidence, and any programme-specific document/test requirements during application preparation.",https://www.ntu.edu.sg/engineering/coe-programmes/graduate/coe-programme-detail/master-of-science-in-biomedical-data-science
D2-AS-008,AS-SG-008,National University of Singapore,MSc Biomedical Informatics - Analytics,Likely,medium-high,non-clinicians with relevant industry expertise explicitly considered,Four-year Mechatronics degree plus mathematics/programming/statistics and substantial biological-data R&D is compatible with the published feeder/background requirements.,No material formal mismatch identified in the current official programme description.,"Verify foreign-degree equivalence, English evidence, and any programme-specific document/test requirements during application preparation.",https://medicine.nus.edu.sg/graduatestudies/education/msc-in-biomedical-informatics/
D2-AS-009,AS-SG-009,National University of Singapore,MSc Precision Health and Medicine x AI - Capstone,Likely,medium-high,researchers bioinformaticians and data analysts are named target profiles; exact engineering entry needs audit,Four-year Mechatronics degree plus mathematics/programming/statistics and substantial biological-data R&D is compatible with the published feeder/background requirements.,No material formal mismatch identified in the current official programme description.,"Verify foreign-degree equivalence, English evidence, and any programme-specific document/test requirements during application preparation.",https://medicine.nus.edu.sg/graduatestudies/education/msc-in-precision-health-and-medicine/
D2-AS-012,AS-TW-009,National Tsing Hua University,Institute of Bioinformatics and Structural Biology,Likely,medium-high,international MS exists; research proposal required; advisor pre-contact recommended,Four-year Mechatronics degree plus mathematics/programming/statistics and substantial biological-data R&D is compatible with the published feeder/background requirements.,No material formal mismatch identified in the current official programme description.,"Verify foreign-degree equivalence, English evidence, and any programme-specific document/test requirements during application preparation.",https://apply.nthu.edu.tw/en/department/48-bioinformatics-and-structural-biology
D2-AS-013,AS-TW-010,National Yang Ming Chiao Tung University,Institute of Bioinformatics and Systems Biology,Likely,medium-high,international Master route confirmed by college; exact requirements need central guide,Four-year Mechatronics degree plus mathematics/programming/statistics and substantial biological-data R&D is compatible with the published feeder/background requirements.,No material formal mismatch identified in the current official programme description.,"Verify foreign-degree equivalence, English evidence, and any programme-specific document/test requirements during application preparation.",https://ceb.nycu.edu.tw/en/bse/
D2-AS-014,AS-HK-007,HKUST,MSc Biomolecular Engineering and Health Informatics,Likely,medium-high,CS/Bioinformatics/Physics/BME and related backgrounds accepted; Mechatronics relation needs Gate 1,Four-year Mechatronics degree plus mathematics/programming/statistics and substantial biological-data R&D is compatible with the published feeder/background requirements.,No material formal mismatch identified in the current official programme description.,"Verify foreign-degree equivalence, English evidence, and any programme-specific document/test requirements during application preparation.",https://prog-crs.hkust.edu.hk/pgprog/2027-28/msc-behi
D2-EU-014,EU-IT-008,University of Trento,Quantitative and Computational Biology,Unlikely,high,non-EU degrees are evaluated course-by-course against required sectors; exact biology/chemistry mapping needs Gate 1,"The profile is intellectually relevant, but at least one formal direct-entry, credit, language, or degree-equivalence condition is not yet safely satisfied.","Current non-EU requirements include at least 12 ECTS in specified biological disciplines and 6 ECTS chemistry, plus math and physics. The UET transcript does not document the biology/chemistry blocks.",Do not prioritise unless official transcript/syllabus evidence unexpectedly satisfies these formal biology/chemistry requirements.,https://corsi.unitn.it/en/quantitative-and-computational-biology
D2-EU-015,EU-IT-009,University of Milan,Quantitative Biology,Unlikely,high,programme is framed for biological/biotechnological graduates and includes substantial biology/chemistry; engineering entry needs careful Gate 1 audit,"The research theme is relevant, but a published hard prerequisite is not documented in the current academic transcript.",Requires at least 12 CFU in specified biological disciplines. Current transcript has no comparable formal biology block.,Do not prioritise unless new official coursework evidence proves the hard prerequisite.,https://www.unimi.it/en/education/master-programme/quantitative-biology
D2-EU-016,EU-FR-004,Universite Paris-Saclay,Bioinformatics / Computational Biology - GENIOMHE-AI,Conditional-high-risk,high,M1 explicitly includes engineering-school entrants with biology+informatics competencies; exact Mechatronics+GeneStory equivalence needs audit,"The profile is intellectually relevant, but at least one formal direct-entry, credit, language, or degree-equivalence condition is not yet safely satisfied.",Engineering entrants are possible but the M1 expects both biology and informatics competencies; formal biology evidence needs mapping.,Run a transcript/syllabus or route-specific audit before investing application effort.,https://www.universite-paris-saclay.fr/en/education/masters-degree/bioinformatics/computational-biology/m1-genomics-informatics-mathematics-and-artificial-intelligence-health-and-environment-geniomhe
D2-EU-017,EU-DE-011,Freie Universitat Berlin,Bioinformatics,Unlikely,high,requires at least 25 CP computer science including programming/algorithms plus 25 CP mathematics/statistics; no conditional admission if requirements missing,"The research theme is relevant, but a published hard prerequisite is not documented in the current academic transcript.","Requires 25 CP biology/chemistry/biochemistry including at least 10 CP biochemistry/molecular biology/genetics, plus 25 CP CS and 25 CP math/statistics, with no conditional admission.",Do not prioritise unless new official coursework evidence proves the hard prerequisite.,https://www.osa.fu-berlin.de/bioinformatics_msc/en/apply/admission_requirements/index.html
D2-CA-004,NA-CA-004,University of Guelph,MSc Bioinformatics,Likely,medium-high,"accepts life, physical, statistical, mathematical and computational-science backgrounds; minimum B/75% in final two years",Four-year Mechatronics degree plus mathematics/programming/statistics and substantial biological-data R&D is compatible with the published feeder/background requirements.,No material formal mismatch identified in the current official programme description.,"Verify foreign-degree equivalence, English evidence, and any programme-specific document/test requirements during application preparation.",https://www.uoguelph.ca/bioinformatics/node/408
D2-CA-005,NA-CA-005,McGill University,MSc Computer Science (Thesis) - Bioinformatics,Conditional-high-risk,high,requires at least undergraduate-minor-equivalent CS; university minimum 3.2/4.0; Bioinformatics option explicitly sits at biology/medicine x math/CS/engineering,"The profile is intellectually relevant, but at least one formal direct-entry, credit, language, or degree-equivalence condition is not yet safely satisfied.",McGill CS MSc expects roughly a strong CS minor; professional programming cannot substitute for missing formal CS coursework.,Run a transcript/syllabus or route-specific audit before investing application effort.,https://www.mcgill.ca/gradapplicants/program/computer-science-msc
D2-CA-006,NA-CA-006,Simon Fraser University,MSc Computing Science - thesis with Computational Biology research,Conditional-high-risk,high,"Bachelor in CS/related field or exceptional non-CS applicant demonstrating third-year competence in operating systems, data structures/algorithms and databases","The profile is intellectually relevant, but at least one formal direct-entry, credit, language, or degree-equivalence condition is not yet safely satisfied.","Non-CS applicants are exceptional cases and must demonstrate third-year competence in operating systems, data structures/algorithms and databases.",Run a transcript/syllabus or route-specific audit before investing application effort.,https://www.sfu.ca/fas/study/future-graduates/programs/master-science-thesis.html
D2-CA-007,NA-CA-007,University of Alberta,MSc Computing Science - thesis with Bioinformatics / Multi-omics research,Conditional-high-risk,high,four-year degree should be similar to CS; related-discipline applicants can be considered if CS deficiencies are bridgeable; typical minimum GPA 3.0 and admitted cohort often stronger,"The profile is intellectually relevant, but at least one formal direct-entry, credit, language, or degree-equivalence condition is not yet safely satisfied.","Computing Science expects a background similar to CS; related-discipline applicants may bridge deficiencies, but the amount of formal CS missing is unresolved.",Run a transcript/syllabus or route-specific audit before investing application effort.,https://www.ualberta.ca/en/computing-science/graduate-studies/financial-support-and-awards/index.html
D2-AU-005,AU-008,Monash University,Master of Data Science - Research Stream with computational-biology thesis,Conditional-high-risk,high,engineering can enter; research stream requires strong in-course performance including >=80% across level-5 units and >=75% in research methods under current map,"The profile is intellectually relevant, but at least one formal direct-entry, credit, language, or degree-equivalence condition is not yet safely satisfied.","General Data Science admission is clean, but entry to the research stream occurs only after strong in-program performance; the research route is not guaranteed at initial admission.",Run a transcript/syllabus or route-specific audit before investing application effort.,https://www.monash.edu/study/courses/find-a-course/data-science-c6004?international=true
D2-UK-004,EU-UK-004,Imperial College London,Biomedical Engineering - Computational Bioengineering,Likely,medium-high,"minimum 2:1 in Engineering, Physical Sciences or Mathematics; unusually clean entry signal for Mechatronics",Four-year Mechatronics degree plus mathematics/programming/statistics and substantial biological-data R&D is compatible with the published feeder/background requirements.,No material formal mismatch identified in the current official programme description.,"Verify foreign-degree equivalence, English evidence, and any programme-specific document/test requirements during application preparation.",https://www.imperial.ac.uk/study/courses/postgraduate-taught/biomedical-engineering-computational/
D2-UK-005,EU-UK-005,Imperial College London,Biomedical Research - Data Science,Likely,high,2:1 in an appropriate subject; exact Mechatronics suitability requires Gate 1,"The profile is intellectually relevant, but at least one formal direct-entry, credit, language, or degree-equivalence condition is not yet safely satisfied.",Imperial explicitly describes the Data Science stream as suitable for engineering/physical-science/mathematics/computer-science backgrounds with coding/statistical experience.,Treat international grade conversion and English requirement as normal application checks.,https://www.imperial.ac.uk/study/courses/postgraduate-taught/data-science/
D2-UK-006,EU-UK-006,University College London,Health Data Science,Likely,medium-high,upper second in clinical/scientific discipline with significant computational or mathematical element; Mechatronics is plausibly relevant but must be confirmed,Four-year Mechatronics degree plus mathematics/programming/statistics and substantial biological-data R&D is compatible with the published feeder/background requirements.,No material formal mismatch identified in the current official programme description.,"Verify foreign-degree equivalence, English evidence, and any programme-specific document/test requirements during application preparation.",https://www.ucl.ac.uk/study/prospective-students/graduate/courses/health-data-science-msc
D2-EU-018,EU-ES-002,URV / UPC / UB / UAB / UdG / UdL / UVic / Universite Grenoble Alpes,Health Data Science,Likely,medium-high,designed for scientific and technical graduates including engineering; strong math/programming expected,Four-year Mechatronics degree plus mathematics/programming/statistics and substantial biological-data R&D is compatible with the published feeder/background requirements.,No material formal mismatch identified in the current official programme description.,"Verify foreign-degree equivalence, English evidence, and any programme-specific document/test requirements during application preparation.",https://www.urv.cat/en/studies/master/courses/health-data-science/
D2-US-001,NA-US-001,Johns Hopkins University,Biomedical Engineering MSE - Biomedical Data Science / Computational Medicine / Genomics & Systems Biology,Likely,medium-high,Bachelor in engineering or basic science preferred; average admitted GPA around 3.7; balanced physics/chemistry/math/biology expected,"The profile is intellectually relevant, but at least one formal direct-entry, credit, language, or degree-equivalence condition is not yet safely satisfied.",JHU prefers engineering/basic-science degrees and may admit applicants with curricular deficiencies subject to additional courses; chemistry/biology gaps are therefore not an automatic formal rejection.,Document math/physics/programming strength and be ready for deficiency coursework if assigned.,https://www.bme.jhu.edu/academics/graduate/masters-programs/masters-program/
D2-US-002,NA-US-002,University of Illinois Urbana-Champaign,MS Bioengineering - Computational and Systems Bioengineering,Likely,medium-high,"engineering, computer science or natural science accepted; minimum 3.0 and strong quantitative skills/life-science interest",Four-year Mechatronics degree plus mathematics/programming/statistics and substantial biological-data R&D is compatible with the published feeder/background requirements.,No material formal mismatch identified in the current official programme description.,"Verify foreign-degree equivalence, English evidence, and any programme-specific document/test requirements during application preparation.",https://bioengineering.illinois.edu/academics/graduate/ms
D2-US-003,NA-US-003,University of Pennsylvania,Bioengineering MSE - Biomedical Data Science and Computational Medicine,Likely,medium-high,engineering/science applicants are the natural pool; exact Mechatronics course requirements need Gate 1,Four-year Mechatronics degree plus mathematics/programming/statistics and substantial biological-data R&D is compatible with the published feeder/background requirements.,No material formal mismatch identified in the current official programme description.,"Verify foreign-degree equivalence, English evidence, and any programme-specific document/test requirements during application preparation.",https://catalog.upenn.edu/graduate/programs/bioengineering-mse/
D2-US-004,NA-US-004,Clemson University / MUSC,Biomedical Data Science and Informatics,Unlikely,high,Bachelor in engineering/computing/math/biology/public health accepted; one year calculus + one year biology + programming required,"The research theme is relevant, but a published hard prerequisite is not documented in the current academic transcript.",Requires one full year of college biology. The current transcript does not contain that formal prerequisite.,Do not prioritise unless new official coursework evidence proves the hard prerequisite.,https://www.clemson.edu/cecas/departments/computing/academics/graduates/degrees/ms-bdsi.html
D2-US-005,NA-US-005,University of Kansas,MS Bioengineering - Computational Bioengineering,Likely,medium-high,engineering degree is a strong fit; minimum 3.0 and research fit emphasized,Four-year Mechatronics degree plus mathematics/programming/statistics and substantial biological-data R&D is compatible with the published feeder/background requirements.,No material formal mismatch identified in the current official programme description.,"Verify foreign-degree equivalence, English evidence, and any programme-specific document/test requirements during application preparation.",https://catalog.ku.edu/engineering/interdisciplinary-engineering-programs/ms-bioengineering/
D2-AU-006,AU-009,Queensland University of Technology,Master of Data Science - Biomedical Data Science specialisation,Likely,medium-high,2-year route accepts recognised Bachelor in any discipline with minimum QUT GPA 4/7,Four-year Mechatronics degree plus mathematics/programming/statistics and substantial biological-data R&D is compatible with the published feeder/background requirements.,No material formal mismatch identified in the current official programme description.,"Verify foreign-degree equivalence, English evidence, and any programme-specific document/test requirements during application preparation.",https://www.qut.edu.au/courses/master-of-data-science
D2-AS-015,AS-JP-005,The University of Osaka,Bioinformatic Engineering,Conditional-high-risk,high,international Bachelor holders can apply through graduate admissions; exact department exam/English route requires verification,"The profile is intellectually relevant, but at least one formal direct-entry, credit, language, or degree-equivalence condition is not yet safely satisfied.","For 2027, most Osaka IST Master's courses are basically taught in Japanese except the Information Technology Special Course in English; the old Bioinformatic Engineering department is also being reorganised.",Run a transcript/syllabus or route-specific audit before investing application effort.,https://www.ist.osaka-u.ac.jp/english/examinees/education/bi-purpose.php
D2-AS-016,AS-JP-006,University of Tsukuba,Life Science Innovation - Bioinformatics,Likely,medium-high,standard foreign Bachelor is sufficient for eligibility; prospective adviser contact required; selection uses English score + research-plan interview,Four-year Mechatronics degree plus mathematics/programming/statistics and substantial biological-data R&D is compatible with the published feeder/background requirements.,No material formal mismatch identified in the current official programme description.,"Verify foreign-degree equivalence, English evidence, and any programme-specific document/test requirements during application preparation.",https://tlsi.tsukuba.ac.jp/en/
D2-AS-017,AS-TW-011,Taipei Medical University,Graduate Institute of Biomedical Informatics,Likely,medium-high,international Master's programme in English exists; exact engineering-entry rules need current OGE guide audit,Four-year Mechatronics degree plus mathematics/programming/statistics and substantial biological-data R&D is compatible with the published feeder/background requirements.,No material formal mismatch identified in the current official programme description.,"Verify foreign-degree equivalence, English evidence, and any programme-specific document/test requirements during application preparation.",https://gibi.tmu.edu.tw/course/content?id=5&page=1&type=5
D2-AS-018,AS-TW-012,Yuan Ze University,Graduate Program in Biomedical Informatics,Likely,medium-high,programme is promoted by Computer Science & Engineering and integrates Information Management + Mechanical Engineering; exact international entry rules to verify,Four-year Mechatronics degree plus mathematics/programming/statistics and substantial biological-data R&D is compatible with the published feeder/background requirements.,No material formal mismatch identified in the current official programme description.,"Verify foreign-degree equivalence, English evidence, and any programme-specific document/test requirements during application preparation.",https://gao.yzu.edu.tw/index.php/en/admissions-2/academic-programs/engineering-2
D2-AS-019,AS-TW-013,National Taiwan University of Science and Technology,Graduate Institute of Biomedical Engineering - AI / Biomedical Informatics,Likely,medium-high,engineering-oriented graduate institute; exact international admission requirements need audit,Four-year Mechatronics degree plus mathematics/programming/statistics and substantial biological-data R&D is compatible with the published feeder/background requirements.,No material formal mismatch identified in the current official programme description.,"Verify foreign-degree equivalence, English evidence, and any programme-specific document/test requirements during application preparation.",https://www.be.ntust.edu.tw/p/412-1009-2981.php?Lang=en
D2-ME-001,ME-SA-001,KAUST,Bioengineering - Bioinformatics and Machine Learning,Likely,medium-high,general KAUST MS admission accepts relevant Engineering/Math/Physical/Chemical/Biological Science degrees,Four-year Mechatronics degree plus mathematics/programming/statistics and substantial biological-data R&D is compatible with the published feeder/background requirements.,No material formal mismatch identified in the current official programme description.,"Verify foreign-degree equivalence, English evidence, and any programme-specific document/test requirements during application preparation.",https://www.kaust.edu.sa/en/study/biomed/bioengineering
D2-ME-002,ME-AE-001,Mohamed bin Zayed University of Artificial Intelligence,MSc Computational Biology,Likely,medium-high,accepts STEM Bachelor including EE/CE/math/physics/other relevant engineering or science; minimum CGPA 3.0/4.0; GRE optional,Four-year Mechatronics degree plus mathematics/programming/statistics and substantial biological-data R&D is compatible with the published feeder/background requirements.,No material formal mismatch identified in the current official programme description.,"Verify foreign-degree equivalence, English evidence, and any programme-specific document/test requirements during application preparation.",https://mbzuai.ac.ae/academics/msc-programs/masters-in-computational-biology
D2-NZ-001,OC-NZ-001,University of Auckland,Master of Engineering in Bioengineering - Research,Likely,medium-high,180-point ME is available for applicants without honours; relevant Bachelor and GPE >=5.0; IELTS 6.5 with no band <6.0 for overseas applicants,Four-year Mechatronics degree plus mathematics/programming/statistics and substantial biological-data R&D is compatible with the published feeder/background requirements.,No material formal mismatch identified in the current official programme description.,"Verify foreign-degree equivalence, English evidence, and any programme-specific document/test requirements during application preparation.",https://www.auckland.ac.nz/en/abi/study-with-us/study-options.html
D2-IL-001,ME-IL-001,Tel Aviv University,Biomedical Engineering MSc,Conditional-high-risk,high,engineering Bachelor required; international programme currently states engineering average threshold around 80-86 depending page/version; supervisor matching required,"The profile is intellectually relevant, but at least one formal direct-entry, credit, language, or degree-equivalence condition is not yet safely satisfied.","Engineering degree is appropriate, but current international pages show differing minimum-average thresholds; foreign-grade equivalence needs confirmation.",Run a transcript/syllabus or route-specific audit before investing application effort.,https://international.tau.ac.il/Biomedical_Engineering_MSc
D2-IL-002,ME-IL-002,Weizmann Institute of Science,Life Sciences MSc - Computational and Systems Biology,Likely,medium-high,"explicitly welcomes students from exact sciences including computer science, mathematics, physics and engineering as well as life sciences",Four-year Mechatronics degree plus mathematics/programming/statistics and substantial biological-data R&D is compatible with the published feeder/background requirements.,No material formal mismatch identified in the current official programme description.,"Verify foreign-degree equivalence, English evidence, and any programme-specific document/test requirements during application preparation.",https://www.weizmann.ac.il/wsos/admissions/msc-programs/program-life-sciences
D2-IL-003,ME-IL-003,Technion - Israel Institute of Technology,Biomedical Engineering MSc,Conditional-high-risk,high,international graduate programme in Biomedical Engineering; engineering-oriented entry; exact grade/course requirements need central Graduate School audit,"The profile is intellectually relevant, but at least one formal direct-entry, credit, language, or degree-equivalence condition is not yet safely satisfied.","Engineering orientation is appropriate, but exact international GPA/course threshold and English-completion rules need the central Graduate School audit.",Run a transcript/syllabus or route-specific audit before investing application effort.,https://int.technion.ac.il/programs/graduate-school/biomedical-engineering/
D2-CA-008,NA-CA-008,McGill University,MSc Biological and Biomedical Engineering - Thesis,Likely,medium-high,interdisciplinary engineering/natural-science programme; exact Mechatronics prerequisite map needs Gate 1,Four-year Mechatronics degree plus mathematics/programming/statistics and substantial biological-data R&D is compatible with the published feeder/background requirements.,No material formal mismatch identified in the current official programme description.,"Verify foreign-degree equivalence, English evidence, and any programme-specific document/test requirements during application preparation.",https://www.mcgill.ca/gradapplicants/program/biological-and-biomedical-engineering-msc
D2-CA-009,NA-CA-009,University of Toronto,Biomedical Engineering MASc,Likely,medium-high,research MASc admits through BME; supervisor must be secured before admission; current 2027 international rounds published,Four-year Mechatronics degree plus mathematics/programming/statistics and substantial biological-data R&D is compatible with the published feeder/background requirements.,No material formal mismatch identified in the current official programme description.,"Verify foreign-degree equivalence, English evidence, and any programme-specific document/test requirements during application preparation.",https://bme.utoronto.ca/prospective-student/admission-to-graduate-studies/
D2-CA-010,NA-CA-010,University of Waterloo,Biomedical Engineering MASc,Likely,medium-high,"four-year engineering or related science degree; current official page lists 75% minimum while BME FAQ lists 80%, so use higher threshold until clarified",Four-year Mechatronics degree plus mathematics/programming/statistics and substantial biological-data R&D is compatible with the published feeder/background requirements.,No material formal mismatch identified in the current official programme description.,"Verify foreign-degree equivalence, English evidence, and any programme-specific document/test requirements during application preparation.",https://uwaterloo.ca/future-graduate-students/programs/by-faculty/engineering/biomedical-engineering-master-applied-science-masc
D2-CA-011,NA-CA-011,McMaster University,Biomedical Engineering MASc,Likely,medium-high,Honours Bachelor in Engineering/Sciences; anticipated minimum B+ 77-79%; engineering entrants deliberately take Health Sciences coursework,Four-year Mechatronics degree plus mathematics/programming/statistics and substantial biological-data R&D is compatible with the published feeder/background requirements.,No material formal mismatch identified in the current official programme description.,"Verify foreign-degree equivalence, English evidence, and any programme-specific document/test requirements during application preparation.",https://www.eng.mcmaster.ca/msbe/degree-options/biomedical-engineering-masc/
D2-EU-019,EU-CH-004,University of Bern,Biomedical Engineering,Likely,medium-high,specialised BME Master explicitly admits students from varied study fields; some modules are especially aligned with engineering/mechatronics backgrounds,Four-year Mechatronics degree plus mathematics/programming/statistics and substantial biological-data R&D is compatible with the published feeder/background requirements.,No material formal mismatch identified in the current official programme description.,"Verify foreign-degree equivalence, English evidence, and any programme-specific document/test requirements during application preparation.",https://www.bme.master.unibe.ch/content/prospective_students/index_eng.html
D2-EU-020,EU-AT-001,Graz University of Technology,Biomedical Engineering,Likely,medium-high,relevant Bachelor required; other degrees undergo admission procedure and may receive up to 22 ECTS supplementary courses under current curriculum,Four-year Mechatronics degree plus mathematics/programming/statistics and substantial biological-data R&D is compatible with the published feeder/background requirements.,No material formal mismatch identified in the current official programme description.,"Verify foreign-degree equivalence, English evidence, and any programme-specific document/test requirements during application preparation.",https://www.tugraz.at/en/studying-and-teaching/degree-and-certificate-programmes/masters-degree-programmes/biomedical-engineering
D2-EU-021,EU-AT-002,TU Wien + Medical University of Vienna,Medical Informatics,Conditional-high-risk,high,"technical degrees including electrical engineering/BME can qualify, but formal requirements include 15 ECTS math/statistics + 25 ECTS algorithms/data structures/programming + 15 ECTS CS foundations; up to 30 ECTS supplementary exams possible","The profile is intellectually relevant, but at least one formal direct-entry, credit, language, or degree-equivalence condition is not yet safely satisfied.","Requires 15 ECTS math/statistics, 25 ECTS algorithms/data structures/programming, and 15 ECTS CS foundations; up to 30 ECTS supplements are allowed, but the CS-credit gap may be material.",Run a transcript/syllabus or route-specific audit before investing application effort.,https://www.meduniwien.ac.at/web/en/studies-further-education/medical-informatics-masters-programme/
D2-EU-022,EU-IE-001,University of Galway,Health Data Science,Likely,medium-high,"explicitly welcomes engineering, computing, statistics, mathematics and many other backgrounds; requires at least one introductory statistics module",Four-year Mechatronics degree plus mathematics/programming/statistics and substantial biological-data R&D is compatible with the published feeder/background requirements.,No material formal mismatch identified in the current official programme description.,"Verify foreign-degree equivalence, English evidence, and any programme-specific document/test requirements during application preparation.",https://www.universityofgalway.ie/science-engineering/postgraduateprogrammes/international-masters/health-data-science.html
D2-EU-023,EU-IE-002,Trinity College Dublin,Biomedical Engineering,Likely,medium-high,primarily aimed at mechanical/electrical engineers and related technical graduates; assumes engineering mathematics and programming,Four-year Mechatronics degree plus mathematics/programming/statistics and substantial biological-data R&D is compatible with the published feeder/background requirements.,No material formal mismatch identified in the current official programme description.,"Verify foreign-degree equivalence, English evidence, and any programme-specific document/test requirements during application preparation.",https://www.tcd.ie/biomedicalengineering/education/msc/faq/
D2-CA-012,NA-CA-012,University of Alberta,Biomedical Engineering MSc - thesis,Likely,medium-high,minimum GPA 3.3 in last two years; research advisor required; coursework is adapted to undergraduate background,Four-year Mechatronics degree plus mathematics/programming/statistics and substantial biological-data R&D is compatible with the published feeder/background requirements.,No material formal mismatch identified in the current official programme description.,"Verify foreign-degree equivalence, English evidence, and any programme-specific document/test requirements during application preparation.",https://www.ualberta.ca/en/graduate-programs/master-of-science-biomedical-engineering.html
D2-CA-013,NA-CA-013,University of Ottawa + Carleton University,Biomedical Engineering MASc - Bioinformatics specialization,Likely,medium-high,"joint institute draws from Mechanical Engineering, EECS, Systems & Computer Engineering, CS and Physics; exact GPA/background gate needs later audit",Four-year Mechatronics degree plus mathematics/programming/statistics and substantial biological-data R&D is compatible with the published feeder/background requirements.,No material formal mismatch identified in the current official programme description.,"Verify foreign-degree equivalence, English evidence, and any programme-specific document/test requirements during application preparation.",https://www.uottawa.ca/faculty-engineering/graduate-studies/programs/biomedical-engineering
D2-CA-014,NA-CA-014,Dalhousie University,Biomedical Engineering MASc,Likely,medium-high,research programme jointly spans Medicine and Engineering; students with deficiencies can be assigned appropriate foundation courses,Four-year Mechatronics degree plus mathematics/programming/statistics and substantial biological-data R&D is compatible with the published feeder/background requirements.,No material formal mismatch identified in the current official programme description.,"Verify foreign-degree equivalence, English evidence, and any programme-specific document/test requirements during application preparation.",https://www.dal.ca/faculty/school-biomedical-engineering/education/FundingOpportunities.html
D2-EU-024,EU-CH-005,University of Basel + FHNW,Joint MSc Biomedical Engineering,Likely,medium-high,"explicitly designed for diverse backgrounds; engineering degrees including electrical, mechanical and systems engineering are admitted; biomedical or engineering basics are assigned according to prior training",Four-year Mechatronics degree plus mathematics/programming/statistics and substantial biological-data R&D is compatible with the published feeder/background requirements.,No material formal mismatch identified in the current official programme description.,"Verify foreign-degree equivalence, English evidence, and any programme-specific document/test requirements during application preparation.",https://dbe.unibas.ch/en/education/msc-in-biomedical-engineering/
D2-AS-020,AS-JP-007,Hokkaido University,Course of Bioengineering and Bioinformatics - Graduate School of Information Science and Technology,Conditional-high-risk,high,graduate course explicitly spans information science/electronics and life science; exact international entrance requirements need later audit,"The profile is intellectually relevant, but at least one formal direct-entry, credit, language, or degree-equivalence condition is not yet safely satisfied.","Research fit is clear, but the current English/international Master's admission route for the Bioengineering & Bioinformatics course needs verification.",Run a transcript/syllabus or route-specific audit before investing application effort.,https://www.ist.hokudai.ac.jp/eng/divisions/bioinfo/
D2-AS-021,AS-JP-008,Nara Institute of Science and Technology (NAIST),Program of Computational Biology,Likely,medium-high,foreign 16-year Bachelor route is explicitly eligible; prospective laboratory assignment is required before application,Four-year Mechatronics degree plus mathematics/programming/statistics and substantial biological-data R&D is compatible with the published feeder/background requirements.,No material formal mismatch identified in the current official programme description.,"Verify foreign-degree equivalence, English evidence, and any programme-specific document/test requirements during application preparation.",https://www.naist.jp/en/education_research/science_technology/education_programs/cb.html
D2-AS-022,AS-JP-009,Kyushu University,Graduate School of Systems Life Sciences - Bioinformatics / Life Engineering,Likely,medium-high,international graduate information confirms Master's degree routes and English graduate study; exact 2027 application mechanics need refresh,Four-year Mechatronics degree plus mathematics/programming/statistics and substantial biological-data R&D is compatible with the published feeder/background requirements.,No material formal mismatch identified in the current official programme description.,"Verify foreign-degree equivalence, English evidence, and any programme-specific document/test requirements during application preparation.",https://www.isc.kyushu-u.ac.jp/graduate/voices/sls/
D2-AS-023,AS-JP-010,Kyoto University,Systems Science - Graduate School of Informatics,Conditional-high-risk,high,Systems Science admits 30 Master's students; exact international/English admission route needs audit,"The profile is intellectually relevant, but at least one formal direct-entry, credit, language, or degree-equivalence condition is not yet safely satisfied.","Systems Science exists, but Kyoto's fully English international Master's offerings are concentrated in other Informatics courses; English completion for Systems Science is unclear.",Run a transcript/syllabus or route-specific audit before investing application effort.,https://www.sys.i.kyoto-u.ac.jp/en/
D2-AS-024,AS-JP-011,Kyushu Institute of Technology (Kyutech),Biomedical Informatics Course - Graduate School of Computer Science and Systems Engineering,Conditional-high-risk,high,programme sits in Bioscience and Bioinformatics within Computer Science and Systems Engineering; exact international Master's admission route needs audit,"The profile is intellectually relevant, but at least one formal direct-entry, credit, language, or degree-equivalence condition is not yet safely satisfied.","Biomedical Informatics exists inside Computer Science and Systems Engineering, but the English-completion and international Master's route need verification.",Run a transcript/syllabus or route-specific audit before investing application effort.,https://www.kyutech.ac.jp/english/academics/csse/
D2-AS-025,AS-KR-006,UNIST,Biomedical Engineering MS,Likely,medium-high,BME MS is explicitly interdisciplinary; all lectures are conducted in English and faculty contact is strongly recommended,Four-year Mechatronics degree plus mathematics/programming/statistics and substantial biological-data R&D is compatible with the published feeder/background requirements.,No material formal mismatch identified in the current official programme description.,"Verify foreign-degree equivalence, English evidence, and any programme-specific document/test requirements during application preparation.",https://bme.unist.ac.kr/eng/graduate/
D2-AU-007,AU-010,Queensland University of Technology,Master of Biomedical Systems and Technology,Likely,medium-high,explicitly designed for four-year Engineering degrees including Mechatronics; minimum QUT GPA 4/7,Four-year Mechatronics degree plus mathematics/programming/statistics and substantial biological-data R&D is compatible with the published feeder/background requirements.,No material formal mismatch identified in the current official programme description.,"Verify foreign-degree equivalence, English evidence, and any programme-specific document/test requirements during application preparation.",https://www.qut.edu.au/courses/master-of-biomedical-systems-and-technology
D2-AU-008,AU-011,University of Sydney,Master of Digital Health and Data Science,Likely,medium-high,engineering is explicitly a cognate discipline; Bachelor-equivalent plus credit average/work experience routes exist,Four-year Mechatronics degree plus mathematics/programming/statistics and substantial biological-data R&D is compatible with the published feeder/background requirements.,No material formal mismatch identified in the current official programme description.,"Verify foreign-degree equivalence, English evidence, and any programme-specific document/test requirements during application preparation.",https://cusp.sydney.edu.au/students/view-degree-page/dvid/7108
D2-AU-009,AU-012,Monash University,Master of Health Data Analytics,Likely,medium-high,Bachelor in any field with current minimum around 60%; broad entry makes formal admission clean,Four-year Mechatronics degree plus mathematics/programming/statistics and substantial biological-data R&D is compatible with the published feeder/background requirements.,No material formal mismatch identified in the current official programme description.,"Verify foreign-degree equivalence, English evidence, and any programme-specific document/test requirements during application preparation.",https://www.monash.edu/study/courses/find-a-course/health-data-analytics-m6036
D2-EU-026,EU-DE-012,University of Tübingen,Medical Informatics,Conditional-high-risk,high,"programme has variants for medical-informatics/bioinformatics, medical-technology/biology-related, and CS backgrounds; Mechatronics mapping is uncertain and non-comparable profiles may trigger German-language requirements","The profile is intellectually relevant, but at least one formal direct-entry, credit, language, or degree-equivalence condition is not yet safely satisfied.",Medical Informatics has background-specific routes and may impose German/CS requirements when the prior degree is not judged comparable.,Run a transcript/syllabus or route-specific audit before investing application effort.,https://uni-tuebingen.de/en/study/finding-a-course/degree-programs-available/detail/course/medical-informatics-master/
D2-EU-027,EU-FR-005,Université Grenoble Alpes,Health Engineering - BioHealth Engineering,Conditional-high-risk,high,M1 targets biology/biotech/biochemistry/chemistry/physics/mathematics/informatics backgrounds; other profiles are committee-reviewed; engineering-specific fit needs Gate 1,"The profile is intellectually relevant, but at least one formal direct-entry, credit, language, or degree-equivalence condition is not yet safely satisfied.",Other quantitative profiles are committee-reviewed; Mechatronics is not an explicit standard feeder and the programme has substantial biology/biotech content.,Run a transcript/syllabus or route-specific audit before investing application effort.,https://formations.univ-grenoble-alpes.fr/fr/catalogue-2021/master-XB/master-ingenierie-de-la-sante-IAQKSXOB/parcours-biohealth-engineering-1st-year-MA28LBNP.html
D2-AF-001,AF-ZA-001,University of Cape Town,MSc Computational Health Informatics,Likely,medium-high,"minimum 65% at Honours/equivalent four-year level; suitable disciplines explicitly include engineering, CS, statistics, biology, genetics, epidemiology and bioinformatics",Four-year Mechatronics degree plus mathematics/programming/statistics and substantial biological-data R&D is compatible with the published feeder/background requirements.,No material formal mismatch identified in the current official programme description.,"Verify foreign-degree equivalence, English evidence, and any programme-specific document/test requirements during application preparation.",https://health.uct.ac.za/human-genetics/teaching/Msc_CHIP
D2-AF-002,AF-ZA-002,University of Cape Town,MSc Biomedical Engineering,Likely,medium-high,explicitly requires a four-year Engineering degree or Honours in mathematical/physical/computer sciences,Four-year Mechatronics degree plus mathematics/programming/statistics and substantial biological-data R&D is compatible with the published feeder/background requirements.,No material formal mismatch identified in the current official programme description.,"Verify foreign-degree equivalence, English evidence, and any programme-specific document/test requirements during application preparation.",https://health.uct.ac.za/biomedical-engineering/programmes/biomedical-engineering
D2-LA-001,LA-BR-001,University of São Paulo (USP),MSc Bioengineering - Health Technology research line,Conditional-high-risk,high,2027 Master's selection is open through the inter-unit Bioengineering programme; exact foreign-degree and language requirements need audit,"The profile is intellectually relevant, but at least one formal direct-entry, credit, language, or degree-equivalence condition is not yet safely satisfied.","2027 Master's route exists, but foreign-degree recognition and Portuguese-language requirements remain unresolved.",Run a transcript/syllabus or route-specific audit before investing application effort.,https://bioeng.eesc.usp.br/linhas_de_pesquisa/tecnologia-em-saude/
