opportunity_id,program,gate2_status,funding_model,tuition_support,living_support,residual_cost_risk,cycle,obligations,confidence,evidence,next_action,source
EU-FI-001,Health Technology Engineering,D - High-cost / scholarship-dependent,self-funding exposure unless selective award is won,full tuition possible; living self-funded,full tuition possible; living self-funded,high,upcoming,,medium-high,Initial Gate-2 band from verified/partially verified funding signal: full tuition possible; living self-funded,Retain only if a realistic full/near-full scholarship route is confirmed.,https://www.aalto.fi/en/study-options/health-technology-engineering-master-of-science-technology
EU-FI-002,Biomedical Engineering,D - High-cost / scholarship-dependent,self-funding exposure unless selective award is won,structurally lower tuition; partial waivers,structurally lower tuition; partial waivers,high,upcoming,,medium-high,Initial Gate-2 band from verified/partially verified funding signal: structurally lower tuition; partial waivers,Retain only if a realistic full/near-full scholarship route is confirmed.,https://www.oulu.fi/en/apply/masters-biomedical-engineering
EU-FI-003,Biomedical Informatics - Biomedical Sciences and Engineering,D - High-cost / scholarship-dependent,self-funding exposure unless selective award is won,partial tuition scholarship,partial tuition scholarship,high,upcoming,,medium-high,Initial Gate-2 band from verified/partially verified funding signal: partial tuition scholarship,Retain only if a realistic full/near-full scholarship route is confirmed.,https://www.tuni.fi/en/study-with-us/biomedical-sciences-and-engineering
EU-FI-004,Biomedical Micro- and Nanodevices - Biomedical Sciences and Engineering,D - High-cost / scholarship-dependent,self-funding exposure unless selective award is won,partial tuition scholarship,partial tuition scholarship,high,upcoming,,medium-high,Initial Gate-2 band from verified/partially verified funding signal: partial tuition scholarship,Retain only if a realistic full/near-full scholarship route is confirmed.,https://www.tuni.fi/en/study-with-us/biomedical-sciences-and-engineering
EU-SE-003,Systems Control and Robotics,D - High-cost / scholarship-dependent,self-funding exposure unless selective award is won,full tuition scholarship possible; living self-funded,full tuition scholarship possible; living self-funded,high,upcoming,,medium-high,Initial Gate-2 band from verified/partially verified funding signal: full tuition scholarship possible; living self-funded,Retain only if a realistic full/near-full scholarship route is confirmed.,https://www.kth.se/en/studies/master/systems-control-robotics
EU-NL-002,Biomedical Engineering - Medical Devices,B - Strongly fundable,"competitive full/near-full scholarship, assistantship or government award",departmental full/partial scholarship routes,departmental full/partial scholarship routes,low if funded; high otherwise,upcoming,,medium-high,Initial Gate-2 band from verified/partially verified funding signal: departmental full/partial scholarship routes,"Verify exact 2027/28 award eligibility, selection mechanics, deadline and stacking.",https://bioelectronics.tudelft.nl/Education/detail.php?ti=27
EU-NL-003,Electrical Engineering - Signals Networking and Sensing,B - Strongly fundable,"competitive full/near-full scholarship, assistantship or government award",departmental full/partial scholarship routes,departmental full/partial scholarship routes,low if funded; high otherwise,upcoming,,medium-high,Initial Gate-2 band from verified/partially verified funding signal: departmental full/partial scholarship routes,"Verify exact 2027/28 award eligibility, selection mechanics, deadline and stacking.",https://sps.ewi.tudelft.nl/Education/detail.php?ti=53
EU-DE-001,Microsystems Engineering - Biomedical Engineering concentration,C - Financially resilient,low tuition and/or guaranteed partial research funding,low-tuition self-fund,low-tuition self-fund,medium,upcoming,,medium-high,Initial Gate-2 band from verified/partially verified funding signal: low-tuition self-fund,Calculate annual residual cost after guaranteed support and realistic living costs.,https://www.tf.uni-freiburg.de/en/study-programs/microsystem-engineering/m-sc-microsystems-engineering-en
EU-DE-002,Biomedical Engineering,C - Financially resilient,low tuition and/or guaranteed partial research funding,low-tuition self-fund,low-tuition self-fund,medium,upcoming,,medium-high,Initial Gate-2 band from verified/partially verified funding signal: low-tuition self-fund,Calculate annual residual cost after guaranteed support and realistic living costs.,https://www.uni-heidelberg.de/en/study/all-subjects/biomedical-engineering/biomedical-engineering-master
EU-DE-003,Biomedical Engineering and Medical Physics,D - High-cost / scholarship-dependent,self-funding exposure unless selective award is won,tuition with waiver possibilities,tuition with waiver possibilities,high,upcoming,,medium-high,Initial Gate-2 band from verified/partially verified funding signal: tuition with waiver possibilities,Retain only if a realistic full/near-full scholarship route is confirmed.,https://www.tum.de/en/studies/degree-programs/detail/biomedical-engineering-and-medical-physics-master-of-science-msc
EU-IT-001,Biomedical Engineering,B - Strongly fundable,"competitive full/near-full scholarship, assistantship or government award",merit scholarships; DSU; Invest Your Talent in Italy,merit scholarships; DSU; Invest Your Talent in Italy,low if funded; high otherwise,upcoming,,medium-high,Initial Gate-2 band from verified/partially verified funding signal: merit scholarships; DSU; Invest Your Talent in Italy,"Verify exact 2027/28 award eligibility, selection mechanics, deadline and stacking.",https://www.polimi.it/en/education/laurea-magistrale-programmes/programme-detail/biomedical-engineering
EU-IT-002,Biomedical Engineering - Biomedical Engineering for Neuroscience,B - Strongly fundable,"competitive full/near-full scholarship, assistantship or government award",ER.GO need-based support,ER.GO need-based support,low if funded; high otherwise,upcoming,,medium-high,Initial Gate-2 band from verified/partially verified funding signal: ER.GO need-based support,"Verify exact 2027/28 award eligibility, selection mechanics, deadline and stacking.",https://www.unibo.it/en/study/second-cycle-degree/programme/2026/6705
AS-KR-001,Bio and Brain Engineering,A - Structurally funded,research admission / programme-linked funding,KAIST/KGPS/GKS full-funding routes,KAIST/KGPS/GKS full-funding routes,low-to-medium,upcoming,,high,Initial Gate-2 band from verified/partially verified funding signal: KAIST/KGPS/GKS full-funding routes,Audit net stipend after tuition and local living costs; verify duration/renewal.,https://bioeng.kaist.ac.kr/
AS-SG-001,Biomedical Engineering MEng by Research,B - Strongly fundable,"competitive full/near-full scholarship, assistantship or government award",NUS Research Scholarship full tuition + stipend,NUS Research Scholarship full tuition + stipend,low if funded; high otherwise,upcoming,Research scholarship may include graduate-assistant duties.,medium-high,Initial Gate-2 band from verified/partially verified funding signal: NUS Research Scholarship full tuition + stipend,"Verify exact 2027/28 award eligibility, selection mechanics, deadline and stacking.",https://cde.nus.edu.sg/bme/graduate-research-programmes/
AS-HK-001,Biomedical Engineering MPhil,A - Structurally funded,research admission / programme-linked funding,postgraduate studentship route,postgraduate studentship route,low-to-medium,TBA,Research-postgraduate studentship may carry teaching/research-assistance duties.,high,Initial Gate-2 band from verified/partially verified funding signal: postgraduate studentship route,Audit net stipend after tuition and local living costs; verify duration/renewal.,https://www.gs.cuhk.edu.hk/programmes/engineering/mphil-phd-biomedical-engineering
EU-DE-005,Medical Engineering - Medical Robotics,D - High-cost / scholarship-dependent,self-funding exposure unless selective award is won,EUR 4000/semester from summer 2027; scholarships/waivers to audit,EUR 4000/semester from summer 2027; scholarships/waivers to audit,high,actionable,,medium-high,Initial Gate-2 band from verified/partially verified funding signal: EUR 4000/semester from summer 2027; scholarships/waivers to audit,Retain only if a realistic full/near-full scholarship route is confirmed.,https://www.medical-engineering.study.fau.eu/prospective-students/joining-the-master-degree-program/
EU-DE-006,Medical Engineering Science,C - Financially resilient,low tuition and/or guaranteed partial research funding,no tuition; semester contribution only,no tuition; semester contribution only,medium,upcoming,,medium-high,Initial Gate-2 band from verified/partially verified funding signal: no tuition; semester contribution only,Calculate annual residual cost after guaranteed support and realistic living costs.,https://www2.uni-luebeck.de/en/study-program/technology/medical-engineering/masters-degree-program-in-medical-engineering/
EU-FR-002,BME Paris - Health Engineering,B - Strongly fundable,"competitive full/near-full scholarship, assistantship or government award",Eiffel institution-nomination route; tuition audit pending,Eiffel institution-nomination route; tuition audit pending,low if funded; high otherwise,upcoming,,medium-high,Initial Gate-2 band from verified/partially verified funding signal: Eiffel institution-nomination route; tuition audit pending,"Verify exact 2027/28 award eligibility, selection mechanics, deadline and stacking.",https://utcbs.u-paris.fr/en/teaching/
EU-IT-004,Bioengineering,B - Strongly fundable,"competitive full/near-full scholarship, assistantship or government award",Invest Your Talent in Italy,Invest Your Talent in Italy,low if funded; high otherwise,upcoming,,medium-high,Initial Gate-2 band from verified/partially verified funding signal: Invest Your Talent in Italy,"Verify exact 2027/28 award eligibility, selection mechanics, deadline and stacking.",https://corsi.unige.it/en/corsi/11933
EU-DE-009,Neuroscience - Neurotechnology elective path,C - Financially resilient,low tuition and/or guaranteed partial research funding,EUR 1500/semester non-EU tuition; funding audit pending,EUR 1500/semester non-EU tuition; funding audit pending,medium,upcoming,,medium-high,Initial Gate-2 band from verified/partially verified funding signal: EUR 1500/semester non-EU tuition; funding audit pending,Calculate annual residual cost after guaranteed support and realistic living costs.,https://www.mscneuro.uni-freiburg.de/
AS-KR-002,Interdisciplinary Program in Bioengineering,B - Strongly fundable,"competitive full/near-full scholarship, assistantship or government award",GSFS / SNU Global Scholarship / GKS,GSFS / SNU Global Scholarship / GKS,low if funded; high otherwise,upcoming,,medium-high,Initial Gate-2 band from verified/partially verified funding signal: GSFS / SNU Global Scholarship / GKS,"Verify exact 2027/28 award eligibility, selection mechanics, deadline and stacking.",https://eng.snu.ac.kr/en/academics/graduate-programs/interdisciplinary-program-in-bioengineering
AS-KR-003,Interdisciplinary Bioscience and Bioengineering,A - Structurally funded,research admission / programme-linked funding,TA/RA scholarship; GKS,TA/RA scholarship; GKS,low-to-medium,upcoming,,high,Initial Gate-2 band from verified/partially verified funding signal: TA/RA scholarship; GKS,Audit net stipend after tuition and local living costs; verify duration/renewal.,https://adm-g.postech.ac.kr/ENG/
AS-KR-004,Electrical Engineering,A - Structurally funded,research admission / programme-linked funding,TA/RA scholarship; GKS,TA/RA scholarship; GKS,low-to-medium,upcoming,,high,Initial Gate-2 band from verified/partially verified funding signal: TA/RA scholarship; GKS,Audit net stipend after tuition and local living costs; verify duration/renewal.,https://eee.postech.ac.kr/en-academics/en-graduate/
AS-JP-001,Department of Bioengineering - Global30,B - Strongly fundable,"competitive full/near-full scholarship, assistantship or government award",MEXT Embassy / special priority-placement MEXT routes,MEXT Embassy / special priority-placement MEXT routes,low if funded; high otherwise,upcoming,,medium-high,Initial Gate-2 band from verified/partially verified funding signal: MEXT Embassy / special priority-placement MEXT routes,"Verify exact 2027/28 award eligibility, selection mechanics, deadline and stacking.",https://bioeng.t.u-tokyo.ac.jp/admission/?lang=en
AS-JP-002,Graduate School of Biomedical Engineering,B - Strongly fundable,"competitive full/near-full scholarship, assistantship or government award",MEXT / university funding audit pending,MEXT / university funding audit pending,low if funded; high otherwise,actionable,,medium-high,Initial Gate-2 band from verified/partially verified funding signal: MEXT / university funding audit pending,"Verify exact 2027/28 award eligibility, selection mechanics, deadline and stacking.",https://www.bme.tohoku.ac.jp/english/admission/
AS-HK-002,Master of Philosophy in Bioengineering,A - Structurally funded,research admission / programme-linked funding,Postgraduate Studentship,Postgraduate Studentship,low-to-medium,upcoming,Research-postgraduate studentship may carry teaching/research-assistance duties.,high,Initial Gate-2 band from verified/partially verified funding signal: Postgraduate Studentship,Audit net stipend after tuition and local living costs; verify duration/renewal.,https://prog-crs.hkust.edu.hk/pgprog/2026-27/mphil-phd-bien
AS-TW-002,Institute of Biomedical Engineering,B - Strongly fundable,"competitive full/near-full scholarship, assistantship or government award",NTHU International Student Scholarship / Taiwan Scholarship,NTHU International Student Scholarship / Taiwan Scholarship,low if funded; high otherwise,upcoming,,medium-high,Initial Gate-2 band from verified/partially verified funding signal: NTHU International Student Scholarship / Taiwan Scholarship,"Verify exact 2027/28 award eligibility, selection mechanics, deadline and stacking.",https://apply.nthu.edu.tw/en/department/32-biomedical-engineering
AS-TW-003,Department of Biomedical Engineering and Environmental Sciences,B - Strongly fundable,"competitive full/near-full scholarship, assistantship or government award",NTHU International Student Scholarship / Taiwan Scholarship,NTHU International Student Scholarship / Taiwan Scholarship,low if funded; high otherwise,upcoming,,medium-high,Initial Gate-2 band from verified/partially verified funding signal: NTHU International Student Scholarship / Taiwan Scholarship,"Verify exact 2027/28 award eligibility, selection mechanics, deadline and stacking.",https://apply.nthu.edu.tw/en/department/37-biomedical-engineering-and-environmental-sciences
AS-HK-003,Electronic and Computer Engineering MPhil,A - Structurally funded,research admission / programme-linked funding,HKUST Postgraduate Studentship,HKUST Postgraduate Studentship,low-to-medium,upcoming,Research-postgraduate studentship may carry teaching/research-assistance duties.,high,Initial Gate-2 band from verified/partially verified funding signal: HKUST Postgraduate Studentship,Audit net stipend after tuition and local living costs; verify duration/renewal.,https://prog-crs.hkust.edu.hk/pgprog/2027-28/mphil-phd-ece
AS-HK-004,Electrical and Computer Engineering MPhil,A - Structurally funded,research admission / programme-linked funding,HKU Postgraduate Scholarship,HKU Postgraduate Scholarship,low-to-medium,actionable,Research-postgraduate studentship may carry teaching/research-assistance duties.,high,Initial Gate-2 band from verified/partially verified funding signal: HKU Postgraduate Scholarship,Audit net stipend after tuition and local living costs; verify duration/renewal.,https://ece.hku.hk/study/rpg/
AS-SG-004,Electrical and Electronic Engineering MEng by Research,B - Strongly fundable,"competitive full/near-full scholarship, assistantship or government award",NTU Research Scholarship full tuition + S$2900/month,NTU Research Scholarship full tuition + S$2900/month,low if funded; high otherwise,upcoming,Research scholarship may include graduate-assistant duties.,medium-high,Initial Gate-2 band from verified/partially verified funding signal: NTU Research Scholarship full tuition + S$2900/month,"Verify exact 2027/28 award eligibility, selection mechanics, deadline and stacking.",https://www.ntu.edu.sg/spms/admissions/grad/detail/doctor-of-philosophy-%28ph.d%29-and-master-of-engineering-%28m.eng%29-programme
AS-SG-005,Chemical and Biomedical Engineering MEng by Research,B - Strongly fundable,"competitive full/near-full scholarship, assistantship or government award",NTU Research Scholarship full tuition + S$2900/month,NTU Research Scholarship full tuition + S$2900/month,low if funded; high otherwise,upcoming,Research scholarship may include graduate-assistant duties.,medium-high,Initial Gate-2 band from verified/partially verified funding signal: NTU Research Scholarship full tuition + S$2900/month,"Verify exact 2027/28 award eligibility, selection mechanics, deadline and stacking.",https://www.ntu.edu.sg/engineering/coe-programmes/graduate/coe-programme-detail/master-of-engineering-%28meng%29-%28by-research%29
AS-SG-006,Electrical and Computer Engineering MEng by Research,B - Strongly fundable,"competitive full/near-full scholarship, assistantship or government award",NUS Research Scholarship full tuition + stipend,NUS Research Scholarship full tuition + stipend,low if funded; high otherwise,upcoming,Research scholarship may include graduate-assistant duties.,medium-high,Initial Gate-2 band from verified/partially verified funding signal: NUS Research Scholarship full tuition + stipend,"Verify exact 2027/28 award eligibility, selection mechanics, deadline and stacking.",https://cde.nus.edu.sg/ece/graduate/research-based-programmes/phd-m-eng/
AS-TW-005,Smart Medicine and Health Informatics,B - Strongly fundable,"competitive full/near-full scholarship, assistantship or government award",NTU scholarship / Taiwan Scholarship,NTU scholarship / Taiwan Scholarship,low if funded; high otherwise,actionable,,medium-high,Initial Gate-2 band from verified/partially verified funding signal: NTU scholarship / Taiwan Scholarship,"Verify exact 2027/28 award eligibility, selection mechanics, deadline and stacking.",https://smartmhi.ntu.edu.tw/about/overview
AS-TW-006,Biomedical Electronics and Bioinformatics,B - Strongly fundable,"competitive full/near-full scholarship, assistantship or government award",NTU scholarship / Taiwan Scholarship,NTU scholarship / Taiwan Scholarship,low if funded; high otherwise,actionable,,medium-high,Initial Gate-2 band from verified/partially verified funding signal: NTU scholarship / Taiwan Scholarship,"Verify exact 2027/28 award eligibility, selection mechanics, deadline and stacking.",https://admissions.ntu.edu.tw/colleges/college-of-electrical-engineering-computer-science/
AS-TW-007,Biomedical Engineering,B - Strongly fundable,"competitive full/near-full scholarship, assistantship or government award",NTU scholarship / Taiwan Scholarship,NTU scholarship / Taiwan Scholarship,low if funded; high otherwise,actionable,,medium-high,Initial Gate-2 band from verified/partially verified funding signal: NTU scholarship / Taiwan Scholarship,"Verify exact 2027/28 award eligibility, selection mechanics, deadline and stacking.",https://admissions.ntu.edu.tw/colleges/college-of-engineering/
AS-TW-008,Institute of Intelligent Bioelectrical Engineering,B - Strongly fundable,"competitive full/near-full scholarship, assistantship or government award",NYCU International Student Scholarship / Taiwan Scholarship,NYCU International Student Scholarship / Taiwan Scholarship,low if funded; high otherwise,upcoming,,medium-high,Initial Gate-2 band from verified/partially verified funding signal: NYCU International Student Scholarship / Taiwan Scholarship,"Verify exact 2027/28 award eligibility, selection mechanics, deadline and stacking.",https://www.nycu.edu.tw/ibe/en/index
EM-EU-001,EMJM in Imaging,B - Strongly fundable,"competitive full/near-full scholarship, assistantship or government award",Erasmus Mundus full scholarship EUR 1400/month + tuition,Erasmus Mundus full scholarship EUR 1400/month + tuition,low if funded; high otherwise,upcoming,,medium-high,Initial Gate-2 band from verified/partially verified funding signal: Erasmus Mundus full scholarship EUR 1400/month + tuition,"Verify exact 2027/28 award eligibility, selection mechanics, deadline and stacking.",https://www.emjm-imaging.eu/
EM-EU-003,Medical Image Analysis (MAIA),B - Strongly fundable,"competitive full/near-full scholarship, assistantship or government award",Erasmus Mundus full scholarship EUR 1400/month + tuition,Erasmus Mundus full scholarship EUR 1400/month + tuition,low if funded; high otherwise,upcoming,,medium-high,Initial Gate-2 band from verified/partially verified funding signal: Erasmus Mundus full scholarship EUR 1400/month + tuition,"Verify exact 2027/28 award eligibility, selection mechanics, deadline and stacking.",https://maiamaster.udg.edu/admission/
EM-EU-004,Euro-Asian Master in Medical Technology and Healthcare Business,B - Strongly fundable,"competitive full/near-full scholarship, assistantship or government award",Erasmus Mundus full scholarship EUR 1400/month + fee waiver,Erasmus Mundus full scholarship EUR 1400/month + fee waiver,low if funded; high otherwise,2027 call TBA,,medium-high,Initial Gate-2 band from verified/partially verified funding signal: Erasmus Mundus full scholarship EUR 1400/month + fee waiver,"Verify exact 2027/28 award eligibility, selection mechanics, deadline and stacking.",https://master-emmah.eu/
EM-EU-005,Erasmus Mundus Master in Biomedical Engineering,B - Strongly fundable,"competitive full/near-full scholarship, assistantship or government award",Erasmus Mundus scholarship route,Erasmus Mundus scholarship route,low if funded; high otherwise,2027 call TBA,,medium-high,Initial Gate-2 band from verified/partially verified funding signal: Erasmus Mundus scholarship route,"Verify exact 2027/28 award eligibility, selection mechanics, deadline and stacking.",https://vvr.ece.upatras.gr/emmbiome/
EM-EU-006,Artificial Intelligence for Image Processing and Computer Vision,B - Strongly fundable,"competitive full/near-full scholarship, assistantship or government award",Erasmus Mundus full scholarship,Erasmus Mundus full scholarship,low if funded; high otherwise,actionable,,medium-high,Initial Gate-2 band from verified/partially verified funding signal: Erasmus Mundus full scholarship,"Verify exact 2027/28 award eligibility, selection mechanics, deadline and stacking.",https://ipcv.eu/application-and-selection/application/
EM-EU-007,Advanced Microscopy with Artificial Intelligence,B - Strongly fundable,"competitive full/near-full scholarship, assistantship or government award",Erasmus Mundus scholarship expected for 2027 intake,Erasmus Mundus scholarship expected for 2027 intake,low if funded; high otherwise,upcoming,,medium-high,Initial Gate-2 band from verified/partially verified funding signal: Erasmus Mundus scholarship expected for 2027 intake,"Verify exact 2027/28 award eligibility, selection mechanics, deadline and stacking.",https://microscom.eu/
AU-001,Master of Philosophy in Engineering - Biomedical Engineering,Deferred - 2028 full-funding route,Australia Awards 2028 candidate,AAS full funding if awarded,AAS full funding if awarded,low if AAS awarded; high otherwise,2028 route,Australia Awards: return to Vietnam for at least 2 years if awarded.,medium,Initial Gate-2 band from verified/partially verified funding signal: AAS full funding if awarded,"Verify Australia Awards 2028 call, programme eligibility and exact duration when published.",https://www.handbook.unsw.edu.au/research/specialisations/current/BIOMBR
AU-003,Master of Engineering Science (Research),Deferred - 2028 full-funding route,Australia Awards 2028 candidate,AAS full funding if awarded,AAS full funding if awarded,low if AAS awarded; high otherwise,2028 route,Australia Awards: return to Vietnam for at least 2 years if awarded.,medium,Initial Gate-2 band from verified/partially verified funding signal: AAS full funding if awarded,"Verify Australia Awards 2028 call, programme eligibility and exact duration when published.",https://www.monash.edu/study/courses/find-a-course/engineering-science-research-3292
AU-004,Master of Engineering Science - Biomedical Engineering,Deferred - 2028 full-funding route,Australia Awards 2028 candidate,AAS full funding if awarded,AAS full funding if awarded,low if AAS awarded; high otherwise,2028 route,Australia Awards: return to Vietnam for at least 2 years if awarded.,medium,Initial Gate-2 band from verified/partially verified funding signal: AAS full funding if awarded,"Verify Australia Awards 2028 call, programme eligibility and exact duration when published.",https://www.unsw.edu.au/study/postgraduate/master-of-engineering-science-biomedical-engineering
EU-FI-005,Medical Physics and Biomedical Instrumentation - Biomedical Sciences and Engineering,D - High-cost / scholarship-dependent,self-funding exposure unless selective award is won,partial tuition scholarship,partial tuition scholarship,high,upcoming,,medium-high,Initial Gate-2 band from verified/partially verified funding signal: partial tuition scholarship,Retain only if a realistic full/near-full scholarship route is confirmed.,https://www.tuni.fi/en/tau/masters-programmes/medical-physics-and-biomedical-instrumentation-biomedical-sciences-and
AU-005,Master of Bioinformatics (Research Extensive),Deferred - 2028 full-funding route,Australia Awards 2028 candidate,AAS full funding if awarded,AAS full funding if awarded,low if AAS awarded; high otherwise,2028 route,Australia Awards: return to Vietnam for at least 2 years if awarded.,medium,Initial Gate-2 band from verified/partially verified funding signal: AAS full funding if awarded,"Verify Australia Awards 2028 call, programme eligibility and exact duration when published.",https://study.uq.edu.au/study-options/programs/master-bioinformatics-research-extensive-5598?year=2027
AU-006,Master of Bioinformatics - Research Stream,Deferred - 2028 full-funding route,Australia Awards 2028 candidate,AAS full funding if awarded,AAS full funding if awarded,low if AAS awarded; high otherwise,2028 route,Australia Awards: return to Vietnam for at least 2 years if awarded.,medium,Initial Gate-2 band from verified/partially verified funding signal: AAS full funding if awarded,"Verify Australia Awards 2028 call, programme eligibility and exact duration when published.",https://www.monash.edu/study/courses/find-a-course/bioinformatics-m6049
EU-BE-005,Master of Bioinformatics - Engineering Major,B - Strongly fundable,"competitive full/near-full scholarship, assistantship or government award",Master Mind / ASEAN / fee-waiver routes need programme-specific audit,Master Mind / ASEAN / fee-waiver routes need programme-specific audit,low if funded; high otherwise,upcoming,,medium-high,Initial Gate-2 band from verified/partially verified funding signal: Master Mind / ASEAN / fee-waiver routes need programme-specific audit,"Verify exact 2027/28 award eligibility, selection mechanics, deadline and stacking.",https://onderwijsaanbod.kuleuven.be/opleidingen/e/SC_51016883
EU-NL-006,Bioinformatics and Systems Biology,D - High-cost / scholarship-dependent,self-funding exposure unless selective award is won,high non-EU tuition; funding audit needed,high non-EU tuition; funding audit needed,high,upcoming,,medium-high,Initial Gate-2 band from verified/partially verified funding signal: high non-EU tuition; funding audit needed,Retain only if a realistic full/near-full scholarship route is confirmed.,https://vu.nl/en/education/master/bioinformatics-and-systems-biology-joint-degree-vu-uva/admissions
EU-NL-008,Bioinformatics and Systems Biology,D - High-cost / scholarship-dependent,self-funding exposure unless selective award is won,high non-EU tuition; scholarship audit needed,high non-EU tuition; scholarship audit needed,high,upcoming,,medium-high,Initial Gate-2 band from verified/partially verified funding signal: high non-EU tuition; scholarship audit needed,Retain only if a realistic full/near-full scholarship route is confirmed.,https://www.wur.nl/en/en/education/master/masters-bioinformatics-and-systems-biology
EU-ES-001,Bioinformatics for Health Sciences,Needs audit,funding evidence insufficient for banding,funding/tuition audit needed,funding/tuition audit needed,unknown,upcoming,,low,Initial Gate-2 band from verified/partially verified funding signal: funding/tuition audit needed,Perform dedicated official-source funding audit.,https://www.upf.edu/web/bioinformatics/admissio
EU-IT-007,Bioinformatics for Computational Genomics,B - Strongly fundable,"competitive full/near-full scholarship, assistantship or government award",Italian merit/DSU/IYT possibilities require dedicated audit,Italian merit/DSU/IYT possibilities require dedicated audit,low if funded; high otherwise,upcoming,,medium-high,Initial Gate-2 band from verified/partially verified funding signal: Italian merit/DSU/IYT possibilities require dedicated audit,"Verify exact 2027/28 award eligibility, selection mechanics, deadline and stacking.",https://www.unimi.it/en/education/master-programme/bioinformatics-computational-genomics
EU-UK-001,Bioinformatics and Theoretical Systems Biology,D - High-cost / scholarship-dependent,self-funding exposure unless selective award is won,Chevening/other funding needed; high sticker price,Chevening/other funding needed; high sticker price,high,upcoming,,medium-high,Initial Gate-2 band from verified/partially verified funding signal: Chevening/other funding needed; high sticker price,Retain only if a realistic full/near-full scholarship route is confirmed.,https://www.imperial.ac.uk/study/courses/postgraduate-taught/bioinformatics/
EU-UK-002,Bioinformatics and Systems Biology,D - High-cost / scholarship-dependent,self-funding exposure unless selective award is won,Chevening/other funding needed,Chevening/other funding needed,high,upcoming,,medium-high,Initial Gate-2 band from verified/partially verified funding signal: Chevening/other funding needed,Retain only if a realistic full/near-full scholarship route is confirmed.,https://www.manchester.ac.uk/study/masters/courses/list/08854/msc-bioinformatics-and-systems-biology/
EU-UK-003,Computational Biology,D - High-cost / scholarship-dependent,self-funding exposure unless selective award is won,university funding highly competitive,university funding highly competitive,high,upcoming,,medium-high,Initial Gate-2 band from verified/partially verified funding signal: university funding highly competitive,Retain only if a realistic full/near-full scholarship route is confirmed.,https://www.postgraduate.study.cam.ac.uk/courses/directory/maammpcbi
NA-CA-001,Bioinformatics,A - Structurally funded,research admission / programme-linked funding,International tuition is paid from funding; current first-year tuition about CAD 10.1k.,"All faculty-accepted MSc Bioinformatics students receive at least CAD 31,000/year; current median funding is higher.",medium,upcoming,,high,"Structural supervisor-backed MSc funding; minimum CAD 31,000/year. Vancouver living cost still matters.",Audit net stipend after tuition and local living costs; verify duration/renewal.,https://www.grad.ubc.ca/prospective-students/graduate-degree-programs/master-of-science-bioinformatics
AS-HK-005,Computing and Data Science MPhil - Bioinformatics,A - Structurally funded,research admission / programme-linked funding,PGS at least HKD 225120/year on current school page,PGS at least HKD 225120/year on current school page,low-to-medium,upcoming,Research-postgraduate studentship may carry teaching/research-assistance duties.,high,Initial Gate-2 band from verified/partially verified funding signal: PGS at least HKD 225120/year on current school page,Audit net stipend after tuition and local living costs; verify duration/renewal.,https://www.cs.hku.hk/programmes/research-based/mphil-phd-admission
AS-JP-004,Computational Biology and Medical Sciences - Computational Biology,B - Strongly fundable,"competitive full/near-full scholarship, assistantship or government award",MEXT/university funding to audit,MEXT/university funding to audit,low if funded; high otherwise,upcoming,,medium-high,Initial Gate-2 band from verified/partially verified funding signal: MEXT/university funding to audit,"Verify exact 2027/28 award eligibility, selection mechanics, deadline and stacking.",https://www.cbms.k.u-tokyo.ac.jp/en/admission/application/
AS-SG-007,MSc Biomedical Data Science,B - Strongly fundable,"competitive full/near-full scholarship, assistantship or government award",Vingroup Graduate Scholarship may be relevant for Vietnamese Master's; programme-level eligibility must be confirmed,Vingroup Graduate Scholarship may be relevant for Vietnamese Master's; programme-level eligibility must be confirmed,low if funded; high otherwise,2028 route,,medium-high,Initial Gate-2 band from verified/partially verified funding signal: Vingroup Graduate Scholarship may be relevant for Vietnamese Master's; programme-level eligibility must be confirmed,"Verify exact 2027/28 award eligibility, selection mechanics, deadline and stacking.",https://www.ntu.edu.sg/engineering/coe-programmes/graduate/coe-programme-detail/master-of-science-in-biomedical-data-science
AS-SG-008,MSc Biomedical Informatics - Analytics,D - High-cost / scholarship-dependent,self-funding exposure unless selective award is won,very high tuition; scholarship route needs audit,very high tuition; scholarship route needs audit,high,upcoming,,medium-high,Initial Gate-2 band from verified/partially verified funding signal: very high tuition; scholarship route needs audit,Retain only if a realistic full/near-full scholarship route is confirmed.,https://medicine.nus.edu.sg/graduatestudies/education/msc-in-biomedical-informatics/
AS-SG-009,MSc Precision Health and Medicine x AI - Capstone,D - High-cost / scholarship-dependent,self-funding exposure unless selective award is won,high tuition; funding audit needed,high tuition; funding audit needed,high,upcoming,,medium-high,Initial Gate-2 band from verified/partially verified funding signal: high tuition; funding audit needed,Retain only if a realistic full/near-full scholarship route is confirmed.,https://medicine.nus.edu.sg/graduatestudies/education/msc-in-precision-health-and-medicine/
AS-TW-009,Institute of Bioinformatics and Structural Biology,B - Strongly fundable,"competitive full/near-full scholarship, assistantship or government award",NTHU/Taiwan scholarship ecosystem,NTHU/Taiwan scholarship ecosystem,low if funded; high otherwise,upcoming,,medium-high,Initial Gate-2 band from verified/partially verified funding signal: NTHU/Taiwan scholarship ecosystem,"Verify exact 2027/28 award eligibility, selection mechanics, deadline and stacking.",https://apply.nthu.edu.tw/en/department/48-bioinformatics-and-structural-biology
AS-TW-010,Institute of Bioinformatics and Systems Biology,B - Strongly fundable,"competitive full/near-full scholarship, assistantship or government award",NYCU / Taiwan scholarship ecosystem,NYCU / Taiwan scholarship ecosystem,low if funded; high otherwise,upcoming,,medium-high,Initial Gate-2 band from verified/partially verified funding signal: NYCU / Taiwan scholarship ecosystem,"Verify exact 2027/28 award eligibility, selection mechanics, deadline and stacking.",https://ceb.nycu.edu.tw/en/bse/
AS-HK-007,MSc Biomolecular Engineering and Health Informatics,D - High-cost / scholarship-dependent,self-funding exposure unless selective award is won,HKD 229000; funding weak unless scholarship found,HKD 229000; funding weak unless scholarship found,high,upcoming,,medium-high,Initial Gate-2 band from verified/partially verified funding signal: HKD 229000; funding weak unless scholarship found,Retain only if a realistic full/near-full scholarship route is confirmed.,https://prog-crs.hkust.edu.hk/pgprog/2027-28/msc-behi
EU-UK-004,Biomedical Engineering - Computational Bioengineering,D - High-cost / scholarship-dependent,self-funding exposure unless selective award is won,high international tuition; department scholarships are limited; Chevening/external funding needed,high international tuition; department scholarships are limited; Chevening/external funding needed,high,upcoming,,medium-high,Initial Gate-2 band from verified/partially verified funding signal: high international tuition; department scholarships are limited; Chevening/external funding needed,Retain only if a realistic full/near-full scholarship route is confirmed.,https://www.imperial.ac.uk/study/courses/postgraduate-taught/biomedical-engineering-computational/
EU-UK-005,Biomedical Research - Data Science,D - High-cost / scholarship-dependent,self-funding exposure unless selective award is won,high international tuition; external funding needed,high international tuition; external funding needed,high,upcoming,,medium-high,Initial Gate-2 band from verified/partially verified funding signal: high international tuition; external funding needed,Retain only if a realistic full/near-full scholarship route is confirmed.,https://www.imperial.ac.uk/study/courses/postgraduate-taught/data-science/
EU-UK-006,Health Data Science,D - High-cost / scholarship-dependent,self-funding exposure unless selective award is won,high London tuition; Spärck AI Scholarship existed for 2026/27 and future cycle needs refresh,high London tuition; Spärck AI Scholarship existed for 2026/27 and future cycle needs refresh,high,upcoming,,medium-high,Initial Gate-2 band from verified/partially verified funding signal: high London tuition; Spärck AI Scholarship existed for 2026/27 and future cycle needs refresh,Retain only if a realistic full/near-full scholarship route is confirmed.,https://www.ucl.ac.uk/study/prospective-students/graduate/courses/health-data-science-msc
EU-ES-002,Health Data Science,C - Financially resilient,low tuition and/or guaranteed partial research funding,public-program fee currently low relative to UK/US; exact non-EU 2027/28 fee and scholarships to refresh,public-program fee currently low relative to UK/US; exact non-EU 2027/28 fee and scholarships to refresh,medium,upcoming,,medium-high,Initial Gate-2 band from verified/partially verified funding signal: public-program fee currently low relative to UK/US; exact non-EU 2027/28 fee and scholarships to refresh,Calculate annual residual cost after guaranteed support and realistic living costs.,https://www.urv.cat/en/studies/master/courses/health-data-science/
NA-US-002,MS Bioengineering - Computational and Systems Bioengineering,B - Strongly fundable,"competitive full/near-full scholarship, assistantship or government award",MS students can compete for RA/TA/fellowships with tuition/service-fee waivers,MS students can compete for RA/TA/fellowships with tuition/service-fee waivers,low if funded; high otherwise,TBA,,medium-high,Initial Gate-2 band from verified/partially verified funding signal: MS students can compete for RA/TA/fellowships with tuition/service-fee waivers,"Verify exact 2027/28 award eligibility, selection mechanics, deadline and stacking.",https://bioengineering.illinois.edu/academics/graduate/ms
NA-US-003,Bioengineering MSE - Biomedical Data Science and Computational Medicine,D - High-cost / scholarship-dependent,self-funding exposure unless selective award is won,high tuition; Master's funding likely limited and needs dedicated audit,high tuition; Master's funding likely limited and needs dedicated audit,high,upcoming,,medium-high,Initial Gate-2 band from verified/partially verified funding signal: high tuition; Master's funding likely limited and needs dedicated audit,Retain only if a realistic full/near-full scholarship route is confirmed.,https://catalog.upenn.edu/graduate/programs/bioengineering-mse/
NA-US-005,MS Bioengineering - Computational Bioengineering,B - Strongly fundable,"competitive full/near-full scholarship, assistantship or government award",MS students are eligible for competitive RA/TA/fellowships; funding can be arranged with advisor,MS students are eligible for competitive RA/TA/fellowships; funding can be arranged with advisor,low if funded; high otherwise,upcoming,,medium-high,Initial Gate-2 band from verified/partially verified funding signal: MS students are eligible for competitive RA/TA/fellowships; funding can be arranged with advisor,"Verify exact 2027/28 award eligibility, selection mechanics, deadline and stacking.",https://catalog.ku.edu/engineering/interdisciplinary-engineering-programs/ms-bioengineering/
AU-009,Master of Data Science - Biomedical Data Science specialisation,Deferred - 2028 full-funding route,Australia Awards 2028 candidate,International Merit/Talent scholarships exist; Australia Awards 2028 compatibility to verify,International Merit/Talent scholarships exist; Australia Awards 2028 compatibility to verify,low if AAS awarded; high otherwise,upcoming,Australia Awards: return to Vietnam for at least 2 years if awarded.,medium,Initial Gate-2 band from verified/partially verified funding signal: International Merit/Talent scholarships exist; Australia Awards 2028 compatibility to verify,"Verify Australia Awards 2028 call, programme eligibility and exact duration when published.",https://www.qut.edu.au/courses/master-of-data-science
AS-JP-006,Life Science Innovation - Bioinformatics,B - Strongly fundable,"competitive full/near-full scholarship, assistantship or government award",MEXT Embassy route possible; university-recommendation general route is expected to be discontinued from 2027 except special programs,MEXT Embassy route possible; university-recommendation general route is expected to be discontinued from 2027 except special programs,low if funded; high otherwise,upcoming,,medium-high,Initial Gate-2 band from verified/partially verified funding signal: MEXT Embassy route possible; university-recommendation general route is expected to be discontinued from 2027 except special programs,"Verify exact 2027/28 award eligibility, selection mechanics, deadline and stacking.",https://tlsi.tsukuba.ac.jp/en/
AS-TW-011,Graduate Institute of Biomedical Informatics,B - Strongly fundable,"competitive full/near-full scholarship, assistantship or government award",Taiwan government / TMU scholarship ecosystem; package details need refresh,Taiwan government / TMU scholarship ecosystem; package details need refresh,low if funded; high otherwise,TBA,,medium-high,Initial Gate-2 band from verified/partially verified funding signal: Taiwan government / TMU scholarship ecosystem; package details need refresh,"Verify exact 2027/28 award eligibility, selection mechanics, deadline and stacking.",https://gibi.tmu.edu.tw/course/content?id=5&page=1&type=5
AS-TW-012,Graduate Program in Biomedical Informatics,B - Strongly fundable,"competitive full/near-full scholarship, assistantship or government award",university/Taiwan scholarship routes need dedicated audit,university/Taiwan scholarship routes need dedicated audit,low if funded; high otherwise,upcoming,,medium-high,Initial Gate-2 band from verified/partially verified funding signal: university/Taiwan scholarship routes need dedicated audit,"Verify exact 2027/28 award eligibility, selection mechanics, deadline and stacking.",https://gao.yzu.edu.tw/index.php/en/admissions-2/academic-programs/engineering-2
AS-TW-013,Graduate Institute of Biomedical Engineering - AI / Biomedical Informatics,B - Strongly fundable,"competitive full/near-full scholarship, assistantship or government award",Taiwan Tech / Taiwan Scholarship funding routes need audit,Taiwan Tech / Taiwan Scholarship funding routes need audit,low if funded; high otherwise,upcoming,,medium-high,Initial Gate-2 band from verified/partially verified funding signal: Taiwan Tech / Taiwan Scholarship funding routes need audit,"Verify exact 2027/28 award eligibility, selection mechanics, deadline and stacking.",https://www.be.ntust.edu.tw/p/412-1009-2981.php?Lang=en
ME-SA-001,Bioengineering - Bioinformatics and Machine Learning,A - Structurally funded,research admission / programme-linked funding,Full tuition and bench fees covered.,"KAUST Fellowship includes about USD 20,000/year MS stipend, base housing, health insurance and relocation support.",low,upcoming,,very-high,Fellowship is provided with admission except some externally sponsored cases.,Audit net stipend after tuition and local living costs; verify duration/renewal.,https://admissions.kaust.edu.sa/fees-funding
ME-AE-001,MSc Computational Biology,B - Strongly fundable,"competitive full/near-full scholarship, assistantship or government award",2027 MSc funding is conditional on faculty-sponsored RA/TA or approved scholarship; university news describes the computational-biology model as fully funded but current admissions terms should control,2027 MSc funding is conditional on faculty-sponsored RA/TA or approved scholarship; university news describes the computational-biology model as fully funded but current admissions terms should control,low if funded; high otherwise,upcoming,,medium-high,Initial Gate-2 band from verified/partially verified funding signal: 2027 MSc funding is conditional on faculty-sponsored RA/TA or approved scholarship; university news describes the computational-biology model as fully funded but current admissions terms should control,"Verify exact 2027/28 award eligibility, selection mechanics, deadline and stacking.",https://mbzuai.ac.ae/academics/msc-programs/masters-in-computational-biology
OC-NZ-001,Master of Engineering in Bioengineering - Research,D - High-cost / scholarship-dependent,self-funding exposure unless selective award is won,"international university scholarships are mostly partial; core ABI research-Master scholarships are domestic-only, though individual funded projects may exist","international university scholarships are mostly partial; core ABI research-Master scholarships are domestic-only, though individual funded projects may exist",high,upcoming,,medium-high,"Initial Gate-2 band from verified/partially verified funding signal: international university scholarships are mostly partial; core ABI research-Master scholarships are domestic-only, though individual funded projects may exist",Retain only if a realistic full/near-full scholarship route is confirmed.,https://www.auckland.ac.nz/en/abi/study-with-us/study-options.html
ME-IL-001,Biomedical Engineering MSc,C - Financially resilient,low tuition and/or guaranteed partial research funding,Tuition is covered for accepted students.,"Additional scholarships are available, but a universal living stipend amount is not stated.",medium,TBA,,high,Strong tuition structure; living-support certainty requires offer/scholarship detail.,Calculate annual residual cost after guaranteed support and realistic living costs.,https://international.tau.ac.il/node/1694
ME-IL-002,Life Sciences MSc - Computational and Systems Biology,A - Structurally funded,research admission / programme-linked funding,No tuition fees for WSoS students.,"All full-time MSc students receive a 24-month fellowship; current regular MSc rate NIS 7,000/month.",low-to-medium,upcoming,,very-high,Universal MSc fellowship + tuition exemption.,Audit net stipend after tuition and local living costs; verify duration/renewal.,https://www.weizmann.ac.il/wsos/fellowship-aid/msc-students
ME-IL-003,Biomedical Engineering MSc,B - Strongly fundable,"competitive full/near-full scholarship, assistantship or government award",Scholarship portions grant 25% tuition exemption each; four portions provide full tuition exemption.,Scholarship support is available for up to 24 months; amount/number of portions depends on award.,medium,upcoming,,high,Research scholarship structure can reach full tuition but is not automatic at a fixed package.,"Verify exact 2027/28 award eligibility, selection mechanics, deadline and stacking.",https://bme.technion.ac.il/en/academics/graduate-studies/msc-master-of-science-in-biomedical-engineering/
NA-CA-008,MSc Biological and Biomedical Engineering - Thesis,D - High-cost / scholarship-dependent,self-funding exposure unless selective award is won,"2026/27 minimum total funding for international MSc thesis students is about CAD 28.3k, while published tuition/fees/insurance consume most of year-1 minimum.",Published minimum living allowance is only about CAD 2.3k in MSc1 and CAD 12.0k in MSc2 at the minimum package.,high,upcoming,,high,Guaranteed funding exists but minimum package is not sufficient to treat this route as near-zero residual for an international student.,Retain only if a realistic full/near-full scholarship route is confirmed.,https://bbme.research.mcgill.ca/admin/Policy_Minimum_Stipend_MSc_Thesis.pdf
NA-CA-009,Biomedical Engineering MASc,A - Structurally funded,research admission / programme-linked funding,Funding package is designed to cover programme fees plus stipend.,"2026/27 minimum international MASc stipend total starts around CAD 44,500-46,499 and rises by award tier.",low-to-medium,upcoming,,very-high,Published BME international MASc minimum stipend schedule.,Audit net stipend after tuition and local living costs; verify duration/renewal.,https://bme.utoronto.ca/current-students/tuition-and-funding/
NA-CA-010,Biomedical Engineering MASc,C - Financially resilient,low tuition and/or guaranteed partial research funding,Guaranteed MASc funding is used toward tuition first.,"Engineering guarantees CAD 18,000/year for full-time MASc within time limits; TA/RA/awards can add support.",medium-to-high,upcoming,,high,"Structural minimum exists, but international tuition/living can consume much of it.",Calculate annual residual cost after guaranteed support and realistic living costs.,https://uwaterloo.ca/engineering/graduate-students/funding-scholarships-and-awards/minimum-funding-and-other-support
NA-CA-011,Biomedical Engineering MASc,C - Financially resilient,low tuition and/or guaranteed partial research funding,Funding package amount is not clearly published on the current BME programme page.,All full-time MASc students receive department/supervisor scholarships and/or TA funding for 24 months.,unknown,upcoming,,high,"Funding is structural for 24 months, but package amount must be confirmed before financial ranking.",Calculate annual residual cost after guaranteed support and realistic living costs.,https://www.eng.mcmaster.ca/msbe/degree-options/biomedical-engineering-masc/
EU-CH-004,Biomedical Engineering,D - High-cost / scholarship-dependent,self-funding exposure unless selective award is won,international tuition from Fall 2026 is CHF 2550/semester total; living costs remain high and no structural stipend identified,international tuition from Fall 2026 is CHF 2550/semester total; living costs remain high and no structural stipend identified,high,TBA,,medium-high,Initial Gate-2 band from verified/partially verified funding signal: international tuition from Fall 2026 is CHF 2550/semester total; living costs remain high and no structural stipend identified,Retain only if a realistic full/near-full scholarship route is confirmed.,https://www.bme.master.unibe.ch/content/prospective_students/index_eng.html
EU-AT-001,Biomedical Engineering,C - Financially resilient,low tuition and/or guaranteed partial research funding,Austrian public-university tuition structure is relatively low; exact non-EU 2027/28 fees/scholarships need audit,Austrian public-university tuition structure is relatively low; exact non-EU 2027/28 fees/scholarships need audit,medium,upcoming,,medium-high,Initial Gate-2 band from verified/partially verified funding signal: Austrian public-university tuition structure is relatively low; exact non-EU 2027/28 fees/scholarships need audit,Calculate annual residual cost after guaranteed support and realistic living costs.,https://www.tugraz.at/en/studying-and-teaching/degree-and-certificate-programmes/masters-degree-programmes/biomedical-engineering
EU-IE-001,Health Data Science,D - High-cost / scholarship-dependent,self-funding exposure unless selective award is won,2026/27 non-EU fee EUR 27640; only partial/general scholarships found so far,2026/27 non-EU fee EUR 27640; only partial/general scholarships found so far,high,upcoming,,medium-high,Initial Gate-2 band from verified/partially verified funding signal: 2026/27 non-EU fee EUR 27640; only partial/general scholarships found so far,Retain only if a realistic full/near-full scholarship route is confirmed.,https://www.universityofgalway.ie/science-engineering/postgraduateprogrammes/international-masters/health-data-science.html
EU-IE-002,Biomedical Engineering,D - High-cost / scholarship-dependent,self-funding exposure unless selective award is won,2026/27 non-EU tuition EUR 28440; funding/scholarship route needs dedicated audit,2026/27 non-EU tuition EUR 28440; funding/scholarship route needs dedicated audit,high,upcoming,,medium-high,Initial Gate-2 band from verified/partially verified funding signal: 2026/27 non-EU tuition EUR 28440; funding/scholarship route needs dedicated audit,Retain only if a realistic full/near-full scholarship route is confirmed.,https://www.tcd.ie/biomedicalengineering/education/msc/faq/
NA-CA-012,Biomedical Engineering MSc - thesis,C - Financially resilient,low tuition and/or guaranteed partial research funding,Paid from student funding unless additional award/waiver applies.,"Current BME thesis MSc page states minimum annual funding of CAD 25,000 for full-time students.",medium,upcoming,,very-high,"Supervisor and funding are required before application; current minimum is CAD 25,000/year.",Calculate annual residual cost after guaranteed support and realistic living costs.,https://www.ualberta.ca/en/biomedical-engineering/graduate/msc-program.html
NA-CA-013,Biomedical Engineering MASc - Bioinformatics specialization,Needs audit,funding evidence insufficient for banding,assistantship/supervisor funding not yet verified on current official programme page,assistantship/supervisor funding not yet verified on current official programme page,unknown,upcoming,,low,Initial Gate-2 band from verified/partially verified funding signal: assistantship/supervisor funding not yet verified on current official programme page,Perform dedicated official-source funding audit.,https://www.uottawa.ca/faculty-engineering/graduate-studies/programs/biomedical-engineering
NA-CA-014,Biomedical Engineering MASc,C - Financially resilient,low tuition and/or guaranteed partial research funding,Current guarantee is stated after tuition/fees.,"MASc students currently receive guaranteed take-home of about CAD 16,000-17,000/year in years 1-2.",medium,upcoming,,very-high,All SBME graduate students receive funding; published guarantee is net of tuition/fees.,Calculate annual residual cost after guaranteed support and realistic living costs.,https://www.dal.ca/faculty/school-biomedical-engineering/education/FundingOpportunities.html
EU-CH-005,Joint MSc Biomedical Engineering,D - High-cost / scholarship-dependent,self-funding exposure unless selective award is won,Swiss tuition/living funding needs dedicated audit; no structural stipend identified,Swiss tuition/living funding needs dedicated audit; no structural stipend identified,high,upcoming,,medium-high,Initial Gate-2 band from verified/partially verified funding signal: Swiss tuition/living funding needs dedicated audit; no structural stipend identified,Retain only if a realistic full/near-full scholarship route is confirmed.,https://dbe.unibas.ch/en/education/msc-in-biomedical-engineering/
AS-JP-008,Program of Computational Biology,B - Strongly fundable,"competitive full/near-full scholarship, assistantship or government award",2027 MEXT IPGP provides tuition and entrance-fee exemption.,"Four Master's scholarships in Information Science; JPY 144,000/month plus airfare.",low if awarded,upcoming,,very-high,Dedicated 2027 MEXT International Priority Graduate Program.,"Verify exact 2027/28 award eligibility, selection mechanics, deadline and stacking.",https://www.naist.jp/en/international_students/prospective_students/financial_support/mext_international_priority_graduate_programs.html
AS-KR-006,Biomedical Engineering MS,A - Structurally funded,research admission / programme-linked funding,UNIST BME advertises tuition-fee waiver for all BME graduate students.,"Department advertises KRW 7,680,000/year plus stipend/support.",low-to-medium,upcoming,,high,BME department explicitly advertises full financial support for all students.,Audit net stipend after tuition and local living costs; verify duration/renewal.,https://bme.unist.ac.kr/eng/graduate/
AU-010,Master of Biomedical Systems and Technology,Deferred - 2028 full-funding route,Australia Awards 2028 candidate,International Merit/Talent Scholarships exist; Australia Awards 2028 compatibility to verify,International Merit/Talent Scholarships exist; Australia Awards 2028 compatibility to verify,low if AAS awarded; high otherwise,upcoming,Australia Awards: return to Vietnam for at least 2 years if awarded.,medium,Initial Gate-2 band from verified/partially verified funding signal: International Merit/Talent Scholarships exist; Australia Awards 2028 compatibility to verify,"Verify Australia Awards 2028 call, programme eligibility and exact duration when published.",https://www.qut.edu.au/courses/master-of-biomedical-systems-and-technology
AU-011,Master of Digital Health and Data Science,Deferred - 2028 full-funding route,Australia Awards 2028 candidate,high international tuition; Australia Awards 2028 compatibility to verify,high international tuition; Australia Awards 2028 compatibility to verify,low if AAS awarded; high otherwise,upcoming,Australia Awards: return to Vietnam for at least 2 years if awarded.,medium,Initial Gate-2 band from verified/partially verified funding signal: high international tuition; Australia Awards 2028 compatibility to verify,"Verify Australia Awards 2028 call, programme eligibility and exact duration when published.",https://cusp.sydney.edu.au/students/view-degree-page/dvid/7108
AU-012,Master of Health Data Analytics,Deferred - 2028 full-funding route,Australia Awards 2028 candidate,2027 fee A$36840/year; Australia Awards 2028 compatibility and scholarships need audit,2027 fee A$36840/year; Australia Awards 2028 compatibility and scholarships need audit,low if AAS awarded; high otherwise,upcoming,Australia Awards: return to Vietnam for at least 2 years if awarded.,medium,Initial Gate-2 band from verified/partially verified funding signal: 2027 fee A$36840/year; Australia Awards 2028 compatibility and scholarships need audit,"Verify Australia Awards 2028 call, programme eligibility and exact duration when published.",https://www.monash.edu/study/courses/find-a-course/health-data-analytics-m6036
AF-ZA-001,MSc Computational Health Informatics,Needs audit,funding evidence insufficient for banding,international funding is not structural; UCT has international/refugee scholarships and NRF calls but most major local aid is citizenship-restricted,international funding is not structural; UCT has international/refugee scholarships and NRF calls but most major local aid is citizenship-restricted,unknown,upcoming,,low,Initial Gate-2 band from verified/partially verified funding signal: international funding is not structural; UCT has international/refugee scholarships and NRF calls but most major local aid is citizenship-restricted,Perform dedicated official-source funding audit.,https://health.uct.ac.za/human-genetics/teaching/Msc_CHIP
AF-ZA-002,MSc Biomedical Engineering,Needs audit,funding evidence insufficient for banding,international/refugee scholarships exist; dedicated BME funding for internationals is competitive and not structural,international/refugee scholarships exist; dedicated BME funding for internationals is competitive and not structural,unknown,upcoming,,low,Initial Gate-2 band from verified/partially verified funding signal: international/refugee scholarships exist; dedicated BME funding for internationals is competitive and not structural,Perform dedicated official-source funding audit.,https://health.uct.ac.za/biomedical-engineering/programmes/biomedical-engineering
