opportunity_id,staging_id,program,gate1_status,confidence,published_requirement,profile_evidence,blocker_or_uncertainty,next_action,source
EU-FI-006,D2-EU-001,Life Science Technologies - Bioinformatics and Digital Health,Conditional-high-risk,high,"Life Science Technologies expects at least 90 ECTS across at least two of computational sciences, mathematics, and natural sciences/engineering. For the Bioinformatics & Digital Health major, required knowledge explicitly includes algorithms/data structures/programming and mathematics including linear algebra, calculus, discrete mathematics, probability and statistics.","Mechatronics strongly covers engineering, calculus/linear algebra, probability/statistics and programming/AI, but algorithms/data structures and discrete mathematics are not clearly evidenced as formal courses.",Preferred-major prerequisite mapping can fail even if programme-level eligibility is met; Aalto states work experience generally does not substitute for required university-level theoretical foundations.,Build an exact transcript self-evaluation for the Bioinformatics & Digital Health major; keep only if algorithms/data-structures/discrete-math coverage is defensible or complementary studies <=20 ECTS are acceptable.,https://www.aalto.fi/en/programmes/masters-programme-in-life-science-technologies/curriculum-2026-2028
EU-FI-007,D2-EU-002,Life Science Informatics - Bioinformatics and Systems Medicine,Conditional-high-risk,high,"Life Science Informatics requires at least 25 credits in one and 15 credits in another of mathematics, computer science and statistics.","The transcript has calculus/linear algebra/probability-statistics/computational methods plus programming/AI, but exact converted credits in any one category are not yet known to reach 25.",Hard 25+15 credit distribution needs ECTS-equivalent mapping.,"Map mathematics, statistics and CS coursework into Helsinki's 25/15 structure before retaining.",https://www.helsinki.fi/en/degree-programmes/life-science-informatics-masters-programme
EU-SE-004,D2-EU-003,Bioinformatics - Computer Science Background,Conditional-high-risk,high,Requires 25 credits in mathematics/statistics and 30 credits in computer science for the CS-background route.,Math/statistics are plausible; formal CS credits are limited to programming/advanced programming/AI/embedded-related courses and may not reach 30 credits.,Hard CS-credit mapping is uncertain.,Perform course-by-course ECTS conversion; keep only if >=30 CS credits are defensible.,https://www.uu.se/en/study/programme/masters-programme-bioinformatics-computer-science-background
EU-CH-003,D2-EU-004,Computational Biology and Bioinformatics,Conditional-high-risk,high,"Engineering is accepted, but the CBB programme expects sufficient foundations across biology, computer science and mathematics; non-EU/EFTA applicants also face GRE requirements.","Engineering/math/software experience is strong and GeneStory gives domain experience, but formal biology/CS preparation may be thinner than the programme expects.",Cross-disciplinary prerequisite balance needs explicit transcript mapping.,Audit required prerequisite modules and GRE plan before keeping.,https://cbb.ethz.ch/application-admission.html
EU-BE-005,D2-EU-005,Master of Bioinformatics - Engineering Major,Likely,medium-high,dedicated Engineering major with biology reorientation package,"Mechatronics provides engineering, mathematics, control, electronics, sensing and programming; Earable/VinBigData/GeneStory add physiological-signal, medical-imaging and genomics R&D evidence; DNA adds scientific-software experience.",direct foreign-degree admission and scholarship compatibility,Proceed to Gate 2 while preserving normal document/language/supervisor checks.,https://onderwijsaanbod.kuleuven.be/opleidingen/e/SC_51016883
EU-NL-006,D2-EU-006,Bioinformatics and Systems Biology,Likely,medium-high,"International applicants need an academic Bachelor and proficiency in Mathematics, Programming and Molecular Biology. Mathematics must include at least 5 ECTS calculus/linear algebra; one or more subject gaps can be compensated by stronger GPA/evidence, and minor gaps can be handled in the curriculum or a pre-Master.","Math and programming are clearly present; molecular biology is the main academic gap, while several years of genomics R&D demonstrate biological-data maturity.",Admissions Board must decide whether the single molecular-biology gap is minor enough for direct entry or needs bridging.,Proceed to Gate 2; in parallel submit/seek programme-specific assessment and document genomics work clearly.,https://vu.nl/en/education/master/bioinformatics-and-systems-biology-joint-degree-vu-uva/admissions
EU-NL-007,D2-EU-007,Bioinformatics and Biocomplexity,Unlikely,very-high,"Non-Dutch applicants are expected to show Bachelor-level life sciences, advanced molecular biology/biological processes, basic lab skills, high-throughput experimental knowledge, bioinformatics, computation, statistics and mathematics.","Quantitative/software and genomics-data experience are strong, but the undergraduate transcript lacks formal molecular/cell biology and laboratory training.",The programme's published life-science/lab expectations are too deep to infer from professional dry-lab genomics experience alone.,Gate-1 drop unless admissions explicitly confirms professional experience can replace the formal life-science/lab preparation.,https://www.uu.nl/en/masters/bioinformatics-and-biocomplexity
EU-NL-008,D2-EU-008,Bioinformatics and Systems Biology,Likely,medium,"WUR evaluates equivalence across one or more areas including bioinformatics, CS/programming, life sciences/biology/chemistry, plus mathematics and statistics; not all listed topics need to be mastered at the same level.","Programming, mathematics and statistics are formally present; GeneStory/DNA provide substantial applied bioinformatics/genomics evidence.",Individual admissions assessment still decides whether biological background is sufficient.,Proceed to Gate 2 while preparing detailed evidence of programming/statistics and genomics R&D.,https://www.wur.nl/en/en/education/master/masters-bioinformatics-and-systems-biology
EU-DK-002,D2-EU-009,Bioinformatics,Unlikely,very-high,"International applicants must document 60 ECTS relevant to bioinformatics, including at least 5 ECTS each in molecular biology, programming, mathematics and statistics.",Canonical transcript has programming/math/statistics but no clear formal molecular-biology course.,Hard 5-ECTS molecular-biology prerequisite is not evidenced.,Drop unless transcript/syllabus unexpectedly contains qualifying molecular biology.,https://www.dtu.dk/english/education/graduate/msc-programmes/bioinformatics/prerequisites
EU-DK-003,D2-EU-010,Bioinformatics,Unlikely,very-high,"For 2027/28, other/international degrees need at least 10 ECTS mathematics, 10 ECTS biology/molecular biology/genetics/biochemistry, 5 ECTS programming, 10 ECTS bioinformatics and 5 ECTS machine learning.","Math/programming/AI are present, but no formal biology or bioinformatics coursework is currently evidenced.",Multiple hard formal subject requirements are missing; work experience cannot substitute automatically.,Treat as Gate-1 unlikely unless official course mapping proves both biology and bioinformatics credits.,https://www.ku.dk/studies/masters/bioinformatics
EU-DE-010,D2-EU-011,Bioinformatics,Unlikely,very-high,"Requires comparable Bioinformatics Bachelor plus 18 CP mathematics, 18 CP CS, 18 CP bioinformatics and 10 CP life sciences, with C1 English.","Quantitative/programming background is useful, but formal bioinformatics and life-science credits are not evidenced.",Hard bioinformatics/life-science preparation is structurally mismatched.,Drop unless formal coursework evidence changes materially.,https://www.uni-saarland.de/en/study/programmes/master/bioinformatics.html
EU-ES-001,D2-EU-012,Bioinformatics for Health Sciences,Likely,medium-high,explicitly accepts Computer Science Engineering and basic sciences,"Mechatronics provides engineering, mathematics, control, electronics, sensing and programming; Earable/VinBigData/GeneStory add physiological-signal, medical-imaging and genomics R&D evidence; DNA adds scientific-software experience.",research intensity and finance,Proceed to Gate 2 while preserving normal document/language/supervisor checks.,https://www.upf.edu/web/bioinformatics/admissio
EU-IT-007,D2-EU-013,Bioinformatics for Computational Genomics,Likely,medium-high,explicit alignment plan for CS/engineering/math/physics backgrounds,"Mechatronics provides engineering, mathematics, control, electronics, sensing and programming; Earable/VinBigData/GeneStory add physiological-signal, medical-imaging and genomics R&D evidence; DNA adds scientific-software experience.",degree may still be more genomics-specific than desired; funding,Proceed to Gate 2 while preserving normal document/language/supervisor checks.,https://www.unimi.it/en/education/master-programme/bioinformatics-computational-genomics
EU-UK-001,D2-UK-001,Bioinformatics and Theoretical Systems Biology,Likely,medium-high,2:1 accepted from physical computational mathematical and bioengineering subjects,"Mechatronics provides engineering, mathematics, control, electronics, sensing and programming; Earable/VinBigData/GeneStory add physiological-signal, medical-imaging and genomics R&D evidence; DNA adds scientific-software experience.",funding robustness,Proceed to Gate 2 while preserving normal document/language/supervisor checks.,https://www.imperial.ac.uk/study/courses/postgraduate-taught/bioinformatics/
EU-UK-002,D2-UK-002,Bioinformatics and Systems Biology,Likely,medium-high,accepts physical computing mathematics and biological/medical backgrounds,"Mechatronics provides engineering, mathematics, control, electronics, sensing and programming; Earable/VinBigData/GeneStory add physiological-signal, medical-imaging and genomics R&D evidence; DNA adds scientific-software experience.",funding,Proceed to Gate 2 while preserving normal document/language/supervisor checks.,https://www.manchester.ac.uk/study/masters/courses/list/08854/msc-bioinformatics-and-systems-biology/
EU-UK-003,D2-UK-003,Computational Biology,Likely,medium-high,strong mathematical/computational evidence is central,"Mechatronics provides engineering, mathematics, control, electronics, sensing and programming; Earable/VinBigData/GeneStory add physiological-signal, medical-imaging and genomics R&D evidence; DNA adds scientific-software experience.",funding and exact transcript fit,Proceed to Gate 2 while preserving normal document/language/supervisor checks.,https://www.postgraduate.study.cam.ac.uk/courses/directory/maammpcbi
NA-CA-001,D2-CA-001,Bioinformatics,Likely,medium-high,Engineering/Physics/Math/CS degree accepted with significant life-science experience; work experience may count,"Mechatronics provides engineering, mathematics, control, electronics, sensing and programming; Earable/VinBigData/GeneStory add physiological-signal, medical-imaging and genomics R&D evidence; DNA adds scientific-software experience.",whether GeneStory evidence clears 'significant life sciences'; supervisor fit,Proceed to Gate 2 while preserving normal document/language/supervisor checks.,https://www.grad.ubc.ca/prospective-students/graduate-degree-programs/master-of-science-bioinformatics
NA-CA-002,D2-CA-002,MScAC - Data Science for Biology,Conditional-high-risk,high,"Data Science for Biology accepts Engineering, but typical preparation includes third-year algorithms/complexity, upper-level systems and at least one third/fourth-year biology course; conditional admission can require missing coursework.","Engineering/quantitative experience is strong, but formal advanced algorithms/systems and upper-level biology are not clearly present.",Several prerequisite areas are only partially evidenced.,Keep as high-risk for 2028 if missing coursework can be completed before enrolment.,https://mscac.utoronto.ca/concentrations/dsb/
NA-CA-003,D2-CA-003,Biology MSc - Bioinformatics Option,Conditional-high-risk,high,Bioinformatics option sits within a Biology MSc; exact Biology MSc entry requirements for an engineering graduate are not yet established.,"GeneStory is strong domain evidence, but formal biology coursework remains limited.",Formal home-program admission may be biology-centric.,Verify with Biology graduate admissions before application.,https://www.mcgill.ca/biology/graduate-option-programs
AU-007,D2-AU-003,Quantitative Biology and Bioinformatics - Advanced,Conditional-high-risk,high,Advanced programme requires a qualifying cognate background/course set; current notes indicate an eight-course cognate mapping.,Quantitative coursework is strong but Mechatronics is not obviously one of the canonical cognate labels.,Formal cognate-course count may fail despite substantive fit.,Map all eligible math/stat/CS/biology courses before retaining.,https://programsandcourses.anu.edu.au/2027/program/VSCQB
AS-HK-005,D2-AS-001,Computing and Data Science MPhil - Bioinformatics,Likely,medium-high,general honours-equivalent degree; research proposal required,"Mechatronics provides engineering, mathematics, control, electronics, sensing and programming; Earable/VinBigData/GeneStory add physiological-signal, medical-imaging and genomics R&D evidence; DNA adds scientific-software experience.",PI fit and honours equivalence,Proceed to Gate 2 while preserving normal document/language/supervisor checks.,https://www.cs.hku.hk/programmes/research-based/mphil-phd-admission
AS-HK-006,D2-AS-003,Translational Genomics MPhil,Conditional-high-risk,high,"Graduate route exists, but Translational Genomics is housed in Medicine and engineering-background acceptance is not yet explicit.",Several years of genomics R&D are strong substantive evidence.,Formal undergraduate-discipline acceptance needs confirmation.,Ask programme whether Mechatronics + professional genomics R&D satisfies entry background.,https://www.gs.cuhk.edu.hk/programmes/medicine/mphil-phd-translational-genomics
AS-JP-004,D2-AS-005,Computational Biology and Medical Sciences - Computational Biology,Likely,medium-high,official FAQ says engineering backgrounds have completed programme and prior major does not bar Computational Biology,"Mechatronics provides engineering, mathematics, control, electronics, sensing and programming; Earable/VinBigData/GeneStory add physiological-signal, medical-imaging and genomics R&D evidence; DNA adds scientific-software experience.",exam content; advisor fit; funding,Proceed to Gate 2 while preserving normal document/language/supervisor checks.,https://www.cbms.k.u-tokyo.ac.jp/en/admission/application/
AS-KR-005,D2-AS-006,Interdisciplinary Program in Bioinformatics,Conditional-high-risk,high,"International Master's route exists, but current department-specific Bioinformatics prerequisites are not sufficiently published in the canonical source.",Engineering + genomics/software profile is substantively strong.,Cannot yet prove there is no hard life-science/CS prerequisite.,Refresh the 2027 department guide before Gate-1 closure.,https://en.snu.ac.kr/webdata/uploads/eng/file/2025/09/2026Spring_graduate_eng.pdf
AS-SG-007,D2-AS-007,MSc Biomedical Data Science,Likely,medium-high,explicitly targets computing/engineering graduates for bioinformatics/AI transition,"Mechatronics provides engineering, mathematics, control, electronics, sensing and programming; Earable/VinBigData/GeneStory add physiological-signal, medical-imaging and genomics R&D evidence; DNA adds scientific-software experience.",coursework cost and Vingroup eligibility for this exact programme,Proceed to Gate 2 while preserving normal document/language/supervisor checks.,https://www.ntu.edu.sg/engineering/coe-programmes/graduate/coe-programme-detail/master-of-science-in-biomedical-data-science
AS-SG-008,D2-AS-008,MSc Biomedical Informatics - Analytics,Likely,medium-high,non-clinicians with relevant industry expertise explicitly considered,"Mechatronics provides engineering, mathematics, control, electronics, sensing and programming; Earable/VinBigData/GeneStory add physiological-signal, medical-imaging and genomics R&D evidence; DNA adds scientific-software experience.",finance and research depth,Proceed to Gate 2 while preserving normal document/language/supervisor checks.,https://medicine.nus.edu.sg/graduatestudies/education/msc-in-biomedical-informatics/
AS-SG-009,D2-AS-009,MSc Precision Health and Medicine x AI - Capstone,Likely,medium-high,researchers bioinformaticians and data analysts are named target profiles; exact engineering entry needs audit,"Mechatronics provides engineering, mathematics, control, electronics, sensing and programming; Earable/VinBigData/GeneStory add physiological-signal, medical-imaging and genomics R&D evidence; DNA adds scientific-software experience.",eligibility and finance,Proceed to Gate 2 while preserving normal document/language/supervisor checks.,https://medicine.nus.edu.sg/graduatestudies/education/msc-in-precision-health-and-medicine/
AS-TW-009,D2-AS-012,Institute of Bioinformatics and Structural Biology,Conditional-high-risk,high,International MS exists but the institute also covers structural biology; published engineering-entry rules are not yet clear.,"Genomics/software experience helps, but formal biology preparation may be expected.",Exact prerequisite/background policy is unresolved.,Obtain current international admission sheet.,https://apply.nthu.edu.tw/en/department/48-bioinformatics-and-structural-biology
AS-TW-010,D2-AS-013,Institute of Bioinformatics and Systems Biology,Conditional-high-risk,high,"International Master's route is confirmed, but programme-specific admission/background requirements are not yet clear.",Engineering plus genomics work is a plausible fit.,Formal entry and English-completion rules remain unresolved.,Verify current NYCU international guide and institute requirements.,https://ceb.nycu.edu.tw/en/bse/
AS-HK-007,D2-AS-014,MSc Biomolecular Engineering and Health Informatics,Likely,medium-high,CS/Bioinformatics/Physics/BME and related backgrounds accepted; Mechatronics relation needs Gate 1,"Mechatronics provides engineering, mathematics, control, electronics, sensing and programming; Earable/VinBigData/GeneStory add physiological-signal, medical-imaging and genomics R&D evidence; DNA adds scientific-software experience.",finance and exact Mechatronics eligibility,Proceed to Gate 2 while preserving normal document/language/supervisor checks.,https://prog-crs.hkust.edu.hk/pgprog/2027-28/msc-behi
EU-IT-008,D2-EU-014,Quantitative and Computational Biology,Unlikely,very-high,"For non-L2 applicants, Trento requires at least 12 ECTS in physiology/biochemistry/molecular biology/experimental biology/genetics, 6 ECTS chemistry, 6 ECTS math/statistics and 6 ECTS physics; foreign degrees are content-mapped to these sectors.","Math/physics/engineering are present, but formal biology and chemistry credits are not.",Hard biology and chemistry baskets are not met by the canonical transcript.,Gate-1 drop unless previously omitted university coursework can satisfy both formal baskets.,https://corsi.unitn.it/en/quantitative-and-computational-biology
EU-IT-009,D2-EU-015,Quantitative Biology,Unlikely,very-high,Programme is primarily structured for biology/biotechnology backgrounds with substantial biological and chemical preparation.,Current undergraduate record is engineering-heavy without formal molecular/cell biology or chemistry depth.,Formal background mismatch is material even though quantitative methods are strong.,Do not prioritize unless admissions confirms an engineering pathway.,https://www.unimi.it/en/education/master-programme/quantitative-biology
EU-FR-004,D2-EU-016,Bioinformatics / Computational Biology - GENIOMHE-AI,Conditional-high-risk,high,"Engineering-school entrants are contemplated, but the M1 expects combined biology and informatics competencies.","Informatics/quantitative side is credible and GeneStory gives applied domain exposure, but formal biology coursework is thin.",Unclear whether professional genomics experience substitutes for academic biology competencies.,Request M1 admissions assessment.,https://www.universite-paris-saclay.fr/en/education/masters-degree/bioinformatics/computational-biology/m1-genomics-informatics-mathematics-and-artificial-intelligence-health-and-environment-geniomhe
EU-DE-011,D2-EU-017,Bioinformatics,Unlikely,very-high,"Requires 25 CP CS including programming and algorithms, 25 CP mathematics/statistics, and 25 CP biology/chemistry/biochemistry including 10 CP molecular biology/genetics; no conditional admission.",Math/programming are present but formal biology/chemistry/biochemistry is not.,The life-science basket alone is a clear blocker; CS-credit basket may also be short.,Gate-1 drop.,https://www.osa.fu-berlin.de/bioinformatics_msc/en/apply/admission_requirements/index.html
NA-CA-004,D2-CA-004,MSc Bioinformatics,Conditional-high-risk,high,Physical/computational-science entrants are considered only with sufficient biological background; supervisor agreement is required.,"GeneStory may satisfy the biological-background expectation, but the programme does not clearly state how professional experience is weighted.",Biology sufficiency is discretionary.,Contact prospective advisor/program before treating as clean.,https://www.uoguelph.ca/bioinformatics/node/408
NA-CA-005,D2-CA-005,MSc Computer Science (Thesis) - Bioinformatics,Conditional-high-risk,high,Requires at least an undergraduate-minor-equivalent CS background plus 3.2/4.0 minimum CGPA.,GPA clears the university minimum; formal CS breadth may not reach a minor-equivalent standard.,CS foundation rather than biology is the main blocker.,Map algorithms/systems/databases/software courses before applying.,https://www.mcgill.ca/gradapplicants/program/computer-science-msc
NA-CA-006,D2-CA-006,MSc Computing Science - thesis with Computational Biology research,Conditional-high-risk,high,"Non-CS applicants must demonstrate third-year competence equivalent to Operating Systems, Data Structures & Algorithms, and Databases.","Current profile has programming/embedded/AI but no clearly evidenced OS, algorithms and databases trio.",Published technical prerequisites are not currently demonstrated.,Keep high-risk; only apply if transcript/coursework can prove equivalents.,https://www.sfu.ca/fas/study/future-graduates/programs/master-science-thesis.html
NA-CA-007,D2-CA-007,MSc Computing Science - thesis with Bioinformatics / Multi-omics research,Conditional-high-risk,high,"Related-discipline applicants can be considered if CS deficiencies are bridgeable, but programme expects a degree similar to CS.",Software experience is strong; formal CS theory/systems depth is uncertain.,Degree-equivalence decision is discretionary.,Seek pre-assessment/supervisor support before applying.,https://www.ualberta.ca/en/computing-science/graduate-studies/financial-support-and-awards/index.html
AU-008,D2-AU-005,Master of Data Science - Research Stream with computational-biology thesis,Conditional-high-risk,high,"Engineering can enter the Data Science Master's, but the desired research stream is only entered after strong in-program performance.",Base degree eligibility is clean; research-stream eligibility is not guaranteed at admission.,The route being evaluated is conditional on later grades.,"Keep as conditional route, not guaranteed research Master's.",https://www.monash.edu/study/courses/find-a-course/data-science-c6004?international=true
EU-UK-004,D2-UK-004,Biomedical Engineering - Computational Bioengineering,Likely,medium-high,"minimum 2:1 in Engineering, Physical Sciences or Mathematics; unusually clean entry signal for Mechatronics","Mechatronics provides engineering, mathematics, control, electronics, sensing and programming; Earable/VinBigData/GeneStory add physiological-signal, medical-imaging and genomics R&D evidence; DNA adds scientific-software experience.",funding robustness and exact project/lab options,Proceed to Gate 2 while preserving normal document/language/supervisor checks.,https://www.imperial.ac.uk/study/courses/postgraduate-taught/biomedical-engineering-computational/
EU-UK-005,D2-UK-005,Biomedical Research - Data Science,Likely,medium-high,2:1 in an appropriate subject; exact Mechatronics suitability requires Gate 1,"Mechatronics provides engineering, mathematics, control, electronics, sensing and programming; Earable/VinBigData/GeneStory add physiological-signal, medical-imaging and genomics R&D evidence; DNA adds scientific-software experience.",entry-background fit and finance,Proceed to Gate 2 while preserving normal document/language/supervisor checks.,https://www.imperial.ac.uk/study/courses/postgraduate-taught/data-science/
EU-UK-006,D2-UK-006,Health Data Science,Likely,medium-high,upper second in clinical/scientific discipline with significant computational or mathematical element; Mechatronics is plausibly relevant but must be confirmed,"Mechatronics provides engineering, mathematics, control, electronics, sensing and programming; Earable/VinBigData/GeneStory add physiological-signal, medical-imaging and genomics R&D evidence; DNA adds scientific-software experience.",funding and exact engineering eligibility,Proceed to Gate 2 while preserving normal document/language/supervisor checks.,https://www.ucl.ac.uk/study/prospective-students/graduate/courses/health-data-science-msc
EU-ES-002,D2-EU-018,Health Data Science,Likely,medium-high,designed for scientific and technical graduates including engineering; strong math/programming expected,"Mechatronics provides engineering, mathematics, control, electronics, sensing and programming; Earable/VinBigData/GeneStory add physiological-signal, medical-imaging and genomics R&D evidence; DNA adds scientific-software experience.",online format and 2027/28 funding/fee details,Proceed to Gate 2 while preserving normal document/language/supervisor checks.,https://www.urv.cat/en/studies/master/courses/health-data-science/
NA-US-001,D2-US-001,Biomedical Engineering MSE - Biomedical Data Science / Computational Medicine / Genomics & Systems Biology,Conditional-high-risk,high,"Engineering/basic-science degree is appropriate, but JHU BME expects strong balanced preparation including biology/chemistry/physics/math; admitted cohort is highly competitive.",Engineering/physics/math are strong; formal chemistry/biology preparation is limited.,Formal science-breadth expectations create real risk independent of competitiveness.,Audit current prerequisite table before applying.,https://www.bme.jhu.edu/academics/graduate/masters-programs/masters-program/
NA-US-002,D2-US-002,MS Bioengineering - Computational and Systems Bioengineering,Likely,medium-high,"engineering, computer science or natural science accepted; minimum 3.0 and strong quantitative skills/life-science interest","Mechatronics provides engineering, mathematics, control, electronics, sensing and programming; Earable/VinBigData/GeneStory add physiological-signal, medical-imaging and genomics R&D evidence; DNA adds scientific-software experience.",actual assistantship probability and PI fit,Proceed to Gate 2 while preserving normal document/language/supervisor checks.,https://bioengineering.illinois.edu/academics/graduate/ms
NA-US-003,D2-US-003,Bioengineering MSE - Biomedical Data Science and Computational Medicine,Likely,medium-high,engineering/science applicants are the natural pool; exact Mechatronics course requirements need Gate 1,"Mechatronics provides engineering, mathematics, control, electronics, sensing and programming; Earable/VinBigData/GeneStory add physiological-signal, medical-imaging and genomics R&D evidence; DNA adds scientific-software experience.",funding and thesis availability,Proceed to Gate 2 while preserving normal document/language/supervisor checks.,https://catalog.upenn.edu/graduate/programs/bioengineering-mse/
NA-US-004,D2-US-004,Biomedical Data Science and Informatics,Unlikely,very-high,"Requires one year of college calculus, one year of college biology and programming/industry experience.",Calculus and programming are present; one year of formal college biology is not.,Published biology prerequisite is not met by current transcript.,Gate-1 drop unless formal biology coursework can be documented.,https://www.clemson.edu/cecas/departments/computing/academics/graduates/degrees/ms-bdsi.html
NA-US-005,D2-US-005,MS Bioengineering - Computational Bioengineering,Likely,medium-high,engineering degree is a strong fit; minimum 3.0 and research fit emphasized,"Mechatronics provides engineering, mathematics, control, electronics, sensing and programming; Earable/VinBigData/GeneStory add physiological-signal, medical-imaging and genomics R&D evidence; DNA adds scientific-software experience.",chemistry/biology prerequisites and funding certainty,Proceed to Gate 2 while preserving normal document/language/supervisor checks.,https://catalog.ku.edu/engineering/interdisciplinary-engineering-programs/ms-bioengineering/
AU-009,D2-AU-006,Master of Data Science - Biomedical Data Science specialisation,Likely,medium-high,2-year route accepts recognised Bachelor in any discipline with minimum QUT GPA 4/7,"Mechatronics provides engineering, mathematics, control, electronics, sensing and programming; Earable/VinBigData/GeneStory add physiological-signal, medical-imaging and genomics R&D evidence; DNA adds scientific-software experience.",whether profile differentiation is high enough versus stronger interdisciplinary engineering routes; AAS 2028,Proceed to Gate 2 while preserving normal document/language/supervisor checks.,https://www.qut.edu.au/courses/master-of-data-science
AS-JP-005,D2-AS-015,Bioinformatic Engineering,Conditional-high-risk,high,"2027 IST admissions include international selections and an English Information Technology Special Course, while the former Bioinformatic Engineering structure is being reorganised.",Bachelor eligibility is plausible.,It is not yet proven that the desired biological-information route can be completed through the English course after the 2027 reorganisation.,Wait for the October-2027 ITSCE guide / confirm lab participation in the English route.,https://www.ist.osaka-u.ac.jp/english/examinees/education/bi-purpose.php
AS-JP-006,D2-AS-016,Life Science Innovation - Bioinformatics,Likely,medium-high,standard foreign Bachelor is sufficient for eligibility; prospective adviser contact required; selection uses English score + research-plan interview,"Mechatronics provides engineering, mathematics, control, electronics, sensing and programming; Earable/VinBigData/GeneStory add physiological-signal, medical-imaging and genomics R&D evidence; DNA adds scientific-software experience.",degree may be more life-science-domain-heavy than desired; funding after MEXT policy change,Proceed to Gate 2 while preserving normal document/language/supervisor checks.,https://tlsi.tsukuba.ac.jp/en/
AS-TW-011,D2-AS-017,Graduate Institute of Biomedical Informatics,Likely,medium-high,international Master's programme in English exists; exact engineering-entry rules need current OGE guide audit,"Mechatronics provides engineering, mathematics, control, electronics, sensing and programming; Earable/VinBigData/GeneStory add physiological-signal, medical-imaging and genomics R&D evidence; DNA adds scientific-software experience.",formal background requirement and scholarship amount,Proceed to Gate 2 while preserving normal document/language/supervisor checks.,https://gibi.tmu.edu.tw/course/content?id=5&page=1&type=5
AS-TW-012,D2-AS-018,Graduate Program in Biomedical Informatics,Likely,medium-high,programme is promoted by Computer Science & Engineering and integrates Information Management + Mechanical Engineering; exact international entry rules to verify,"Mechatronics provides engineering, mathematics, control, electronics, sensing and programming; Earable/VinBigData/GeneStory add physiological-signal, medical-imaging and genomics R&D evidence; DNA adds scientific-software experience.",English delivery and funding details,Proceed to Gate 2 while preserving normal document/language/supervisor checks.,https://gao.yzu.edu.tw/index.php/en/admissions-2/academic-programs/engineering-2
AS-TW-013,D2-AS-019,Graduate Institute of Biomedical Engineering - AI / Biomedical Informatics,Likely,medium-high,engineering-oriented graduate institute; exact international admission requirements need audit,"Mechatronics provides engineering, mathematics, control, electronics, sensing and programming; Earable/VinBigData/GeneStory add physiological-signal, medical-imaging and genomics R&D evidence; DNA adds scientific-software experience.",how broad the computational track is and scholarship package,Proceed to Gate 2 while preserving normal document/language/supervisor checks.,https://www.be.ntust.edu.tw/p/412-1009-2981.php?Lang=en
ME-SA-001,D2-ME-001,Bioengineering - Bioinformatics and Machine Learning,Likely,medium-high,general KAUST MS admission accepts relevant Engineering/Math/Physical/Chemical/Biological Science degrees,"Mechatronics provides engineering, mathematics, control, electronics, sensing and programming; Earable/VinBigData/GeneStory add physiological-signal, medical-imaging and genomics R&D evidence; DNA adds scientific-software experience.",specific Bioinformatics/ML curriculum depth and PI fit,Proceed to Gate 2 while preserving normal document/language/supervisor checks.,https://www.kaust.edu.sa/en/study/biomed/bioengineering
ME-AE-001,D2-ME-002,MSc Computational Biology,Likely,medium-high,accepts STEM Bachelor including EE/CE/math/physics/other relevant engineering or science; minimum CGPA 3.0/4.0; GRE optional,"Mechatronics provides engineering, mathematics, control, electronics, sensing and programming; Earable/VinBigData/GeneStory add physiological-signal, medical-imaging and genomics R&D evidence; DNA adds scientific-software experience.",funding is not automatically guaranteed under current 2027 general MSc policy; advisor match and screening exam,Proceed to Gate 2 while preserving normal document/language/supervisor checks.,https://mbzuai.ac.ae/academics/msc-programs/masters-in-computational-biology
OC-NZ-001,D2-NZ-001,Master of Engineering in Bioengineering - Research,Likely,medium-high,180-point ME is available for applicants without honours; relevant Bachelor and GPE >=5.0; IELTS 6.5 with no band <6.0 for overseas applicants,"Mechatronics provides engineering, mathematics, control, electronics, sensing and programming; Earable/VinBigData/GeneStory add physiological-signal, medical-imaging and genomics R&D evidence; DNA adds scientific-software experience.",international funding is the major weakness; supervisor/project-specific funding needed,Proceed to Gate 2 while preserving normal document/language/supervisor checks.,https://www.auckland.ac.nz/en/abi/study-with-us/study-options.html
ME-IL-001,D2-IL-001,Biomedical Engineering MSc,Likely,medium-high,engineering Bachelor required; international programme currently states engineering average threshold around 80-86 depending page/version; supervisor matching required,"Mechatronics provides engineering, mathematics, control, electronics, sensing and programming; Earable/VinBigData/GeneStory add physiological-signal, medical-imaging and genomics R&D evidence; DNA adds scientific-software experience.",exact current grade threshold and geopolitical/practical considerations,Proceed to Gate 2 while preserving normal document/language/supervisor checks.,https://international.tau.ac.il/Biomedical_Engineering_MSc
ME-IL-002,D2-IL-002,Life Sciences MSc - Computational and Systems Biology,Likely,medium-high,"explicitly welcomes students from exact sciences including computer science, mathematics, physics and engineering as well as life sciences","Mechatronics provides engineering, mathematics, control, electronics, sensing and programming; Earable/VinBigData/GeneStory add physiological-signal, medical-imaging and genomics R&D evidence; DNA adds scientific-software experience.","degree awarded in Life Sciences, so later profile-differentiation score should test whether this shifts identity too far from engineering",Proceed to Gate 2 while preserving normal document/language/supervisor checks.,https://www.weizmann.ac.il/wsos/admissions/msc-programs/program-life-sciences
ME-IL-003,D2-IL-003,Biomedical Engineering MSc,Likely,medium-high,international graduate programme in Biomedical Engineering; engineering-oriented entry; exact grade/course requirements need central Graduate School audit,"Mechatronics provides engineering, mathematics, control, electronics, sensing and programming; Earable/VinBigData/GeneStory add physiological-signal, medical-imaging and genomics R&D evidence; DNA adds scientific-software experience.","funding amount, exact international admission threshold, and English-course coverage",Proceed to Gate 2 while preserving normal document/language/supervisor checks.,https://int.technion.ac.il/programs/graduate-school/biomedical-engineering/
NA-CA-008,D2-CA-008,MSc Biological and Biomedical Engineering - Thesis,Likely,medium-high,interdisciplinary engineering/natural-science programme; exact Mechatronics prerequisite map needs Gate 1,"Mechatronics provides engineering, mathematics, control, electronics, sensing and programming; Earable/VinBigData/GeneStory add physiological-signal, medical-imaging and genomics R&D evidence; DNA adds scientific-software experience.","international tuition versus stipend net residual, supervisor fit, and formal prerequisites",Proceed to Gate 2 while preserving normal document/language/supervisor checks.,https://www.mcgill.ca/gradapplicants/program/biological-and-biomedical-engineering-msc
NA-CA-009,D2-CA-009,Biomedical Engineering MASc,Likely,medium-high,research MASc admits through BME; supervisor must be secured before admission; current 2027 international rounds published,"Mechatronics provides engineering, mathematics, control, electronics, sensing and programming; Earable/VinBigData/GeneStory add physiological-signal, medical-imaging and genomics R&D evidence; DNA adds scientific-software experience.",exact supervisor fit and how UET GPA/classification maps to competitive admission,Proceed to Gate 2 while preserving normal document/language/supervisor checks.,https://bme.utoronto.ca/prospective-student/admission-to-graduate-studies/
NA-CA-010,D2-CA-010,Biomedical Engineering MASc,Likely,medium-high,"four-year engineering or related science degree; current official page lists 75% minimum while BME FAQ lists 80%, so use higher threshold until clarified","Mechatronics provides engineering, mathematics, control, electronics, sensing and programming; Earable/VinBigData/GeneStory add physiological-signal, medical-imaging and genomics R&D evidence; DNA adds scientific-software experience.",published minimum inconsistency and exact funding amount,Proceed to Gate 2 while preserving normal document/language/supervisor checks.,https://uwaterloo.ca/future-graduate-students/programs/by-faculty/engineering/biomedical-engineering-master-applied-science-masc
NA-CA-011,D2-CA-011,Biomedical Engineering MASc,Likely,medium-high,Honours Bachelor in Engineering/Sciences; anticipated minimum B+ 77-79%; engineering entrants deliberately take Health Sciences coursework,"Mechatronics provides engineering, mathematics, control, electronics, sensing and programming; Earable/VinBigData/GeneStory add physiological-signal, medical-imaging and genomics R&D evidence; DNA adds scientific-software experience.",PI density in data/systems versus materials/tissue areas and net funding package,Proceed to Gate 2 while preserving normal document/language/supervisor checks.,https://www.eng.mcmaster.ca/msbe/degree-options/biomedical-engineering-masc/
EU-CH-004,D2-EU-019,Biomedical Engineering,Likely,medium-high,specialised BME Master explicitly admits students from varied study fields; some modules are especially aligned with engineering/mechatronics backgrounds,"Mechatronics provides engineering, mathematics, control, electronics, sensing and programming; Earable/VinBigData/GeneStory add physiological-signal, medical-imaging and genomics R&D evidence; DNA adds scientific-software experience.",living-cost funding and exact individual admission assessment,Proceed to Gate 2 while preserving normal document/language/supervisor checks.,https://www.bme.master.unibe.ch/content/prospective_students/index_eng.html
EU-AT-001,D2-EU-020,Biomedical Engineering,Likely,medium-high,relevant Bachelor required; other degrees undergo admission procedure and may receive up to 22 ECTS supplementary courses under current curriculum,"Mechatronics provides engineering, mathematics, control, electronics, sensing and programming; Earable/VinBigData/GeneStory add physiological-signal, medical-imaging and genomics R&D evidence; DNA adds scientific-software experience.",Mechatronics equivalence and exact supplementary-course burden,Proceed to Gate 2 while preserving normal document/language/supervisor checks.,https://www.tugraz.at/en/studying-and-teaching/degree-and-certificate-programmes/masters-degree-programmes/biomedical-engineering
EU-AT-002,D2-EU-021,Medical Informatics,Conditional-high-risk,high,"Relevant technical degree requires 15 ECTS math/stat, 25 ECTS algorithms/data structures/programming and 15 ECTS CS foundations; up to 30 ECTS supplementary exams can be imposed.",Math/stat and programming are strong; 25 ECTS algorithms/data-structures/programming plus 15 ECTS broader CS may be difficult to prove.,"Hard CS-credit mapping is material, though supplementary exams provide some flexibility.",Map ECTS precisely before deciding.,https://www.meduniwien.ac.at/web/en/studies-further-education/medical-informatics-masters-programme/
EU-IE-001,D2-EU-022,Health Data Science,Likely,medium-high,"explicitly welcomes engineering, computing, statistics, mathematics and many other backgrounds; requires at least one introductory statistics module","Mechatronics provides engineering, mathematics, control, electronics, sensing and programming; Earable/VinBigData/GeneStory add physiological-signal, medical-imaging and genomics R&D evidence; DNA adds scientific-software experience.",high tuition and weaker systems/hardware emphasis,Proceed to Gate 2 while preserving normal document/language/supervisor checks.,https://www.universityofgalway.ie/science-engineering/postgraduateprogrammes/international-masters/health-data-science.html
EU-IE-002,D2-EU-023,Biomedical Engineering,Likely,medium-high,primarily aimed at mechanical/electrical engineers and related technical graduates; assumes engineering mathematics and programming,"Mechatronics provides engineering, mathematics, control, electronics, sensing and programming; Earable/VinBigData/GeneStory add physiological-signal, medical-imaging and genomics R&D evidence; DNA adds scientific-software experience.",high tuition and narrower modality breadth,Proceed to Gate 2 while preserving normal document/language/supervisor checks.,https://www.tcd.ie/biomedicalengineering/education/msc/faq/
NA-CA-012,D2-CA-012,Biomedical Engineering MSc - thesis,Likely,medium-high,minimum GPA 3.3 in last two years; research advisor required; coursework is adapted to undergraduate background,"Mechatronics provides engineering, mathematics, control, electronics, sensing and programming; Earable/VinBigData/GeneStory add physiological-signal, medical-imaging and genomics R&D evidence; DNA adds scientific-software experience.",funding package and exact fit with Mechatronics background,Proceed to Gate 2 while preserving normal document/language/supervisor checks.,https://www.ualberta.ca/en/graduate-programs/master-of-science-biomedical-engineering.html
NA-CA-013,D2-CA-013,Biomedical Engineering MASc - Bioinformatics specialization,Likely,medium-high,"joint institute draws from Mechanical Engineering, EECS, Systems & Computer Engineering, CS and Physics; exact GPA/background gate needs later audit","Mechatronics provides engineering, mathematics, control, electronics, sensing and programming; Earable/VinBigData/GeneStory add physiological-signal, medical-imaging and genomics R&D evidence; DNA adds scientific-software experience.",funding certainty and exact admission threshold,Proceed to Gate 2 while preserving normal document/language/supervisor checks.,https://www.uottawa.ca/faculty-engineering/graduate-studies/programs/biomedical-engineering
NA-CA-014,D2-CA-014,Biomedical Engineering MASc,Likely,medium-high,research programme jointly spans Medicine and Engineering; students with deficiencies can be assigned appropriate foundation courses,"Mechatronics provides engineering, mathematics, control, electronics, sensing and programming; Earable/VinBigData/GeneStory add physiological-signal, medical-imaging and genomics R&D evidence; DNA adds scientific-software experience.",stipend is modest relative to other Canadian options and research breadth may be less data-centric,Proceed to Gate 2 while preserving normal document/language/supervisor checks.,https://www.dal.ca/faculty/school-biomedical-engineering/education/FundingOpportunities.html
EU-CH-005,D2-EU-024,Joint MSc Biomedical Engineering,Likely,medium-high,"explicitly designed for diverse backgrounds; engineering degrees including electrical, mechanical and systems engineering are admitted; biomedical or engineering basics are assigned according to prior training","Mechatronics provides engineering, mathematics, control, electronics, sensing and programming; Earable/VinBigData/GeneStory add physiological-signal, medical-imaging and genomics R&D evidence; DNA adds scientific-software experience.",living-cost funding and whether Mechatronics maps directly to listed engineering backgrounds,Proceed to Gate 2 while preserving normal document/language/supervisor checks.,https://dbe.unibas.ch/en/education/msc-in-biomedical-engineering/
AS-JP-007,D2-AS-020,Course of Bioengineering and Bioinformatics - Graduate School of Information Science and Technology,Conditional-high-risk,high,"Programme fit is strong, but exact international Master's examination and language-of-instruction route has not yet been verified.",Engineering/information background is plausible.,Execution/language gate is unresolved.,Verify 2027 international guide and English completion.,https://www.ist.hokudai.ac.jp/eng/divisions/bioinfo/
AS-JP-008,D2-AS-021,Program of Computational Biology,Likely,medium-high,foreign 16-year Bachelor route is explicitly eligible; prospective laboratory assignment is required before application,"Mechatronics provides engineering, mathematics, control, electronics, sensing and programming; Earable/VinBigData/GeneStory add physiological-signal, medical-imaging and genomics R&D evidence; DNA adds scientific-software experience.",which computational-biology labs sit under the MEXT Information Science quota and supervisor fit,Proceed to Gate 2 while preserving normal document/language/supervisor checks.,https://www.naist.jp/en/education_research/science_technology/education_programs/cb.html
AS-JP-009,D2-AS-022,Graduate School of Systems Life Sciences - Bioinformatics / Life Engineering,Conditional-high-risk,high,"International Master's study exists, but 2027 application mechanics and English-completion path for the intended Systems Life Sciences route need refresh.",Engineering + biological-data experience is substantively coherent.,Route-specific language/admission conditions remain unresolved.,Refresh the 2027/28 application guide.,https://www.isc.kyushu-u.ac.jp/graduate/voices/sls/
AS-JP-010,D2-AS-023,Systems Science - Graduate School of Informatics,Conditional-high-risk,high,"Systems Science is a strong methods fit, but the exact international entrance examination and ability to complete the intended route in English are not yet established.",Mechatronics is academically aligned with systems science.,Language/exam route can be a practical blocker.,Verify current international Master's guide before applying.,https://www.sys.i.kyoto-u.ac.jp/en/
AS-JP-011,D2-AS-024,Biomedical Informatics Course - Graduate School of Computer Science and Systems Engineering,Conditional-high-risk,high,"Biomedical Informatics sits in Computer Science and Systems Engineering, but an English international Master's route has not yet been fully verified.",Profile is a substantive fit.,Language/admission route remains uncertain.,Obtain current international admissions documentation.,https://www.kyutech.ac.jp/english/academics/csse/
AS-KR-006,D2-AS-025,Biomedical Engineering MS,Likely,medium-high,BME MS is explicitly interdisciplinary; all lectures are conducted in English and faculty contact is strongly recommended,"Mechatronics provides engineering, mathematics, control, electronics, sensing and programming; Earable/VinBigData/GeneStory add physiological-signal, medical-imaging and genomics R&D evidence; DNA adds scientific-software experience.",exact scholarship package and Gate-1 transcript expectations,Proceed to Gate 2 while preserving normal document/language/supervisor checks.,https://bme.unist.ac.kr/eng/graduate/
AU-010,D2-AU-007,Master of Biomedical Systems and Technology,Likely,medium-high,explicitly designed for four-year Engineering degrees including Mechatronics; minimum QUT GPA 4/7,"Mechatronics provides engineering, mathematics, control, electronics, sensing and programming; Earable/VinBigData/GeneStory add physiological-signal, medical-imaging and genomics R&D evidence; DNA adds scientific-software experience.",methods depth in biological-data analytics versus medtech/product emphasis; AAS 2028,Proceed to Gate 2 while preserving normal document/language/supervisor checks.,https://www.qut.edu.au/courses/master-of-biomedical-systems-and-technology
AU-011,D2-AU-008,Master of Digital Health and Data Science,Likely,medium-high,engineering is explicitly a cognate discipline; Bachelor-equivalent plus credit average/work experience routes exist,"Mechatronics provides engineering, mathematics, control, electronics, sensing and programming; Earable/VinBigData/GeneStory add physiological-signal, medical-imaging and genomics R&D evidence; DNA adds scientific-software experience.",profile differentiation may be weaker than engineering-labelled programmes; funding and research depth,Proceed to Gate 2 while preserving normal document/language/supervisor checks.,https://cusp.sydney.edu.au/students/view-degree-page/dvid/7108
AU-012,D2-AU-009,Master of Health Data Analytics,Likely,medium-high,Bachelor in any field with current minimum around 60%; broad entry makes formal admission clean,"Mechatronics provides engineering, mathematics, control, electronics, sensing and programming; Earable/VinBigData/GeneStory add physiological-signal, medical-imaging and genomics R&D evidence; DNA adds scientific-software experience.",less engineering/systems emphasis than QUT/UNSW/UQ; finance,Proceed to Gate 2 while preserving normal document/language/supervisor checks.,https://www.monash.edu/study/courses/find-a-course/health-data-analytics-m6036
EU-DE-012,D2-EU-026,Medical Informatics,Conditional-high-risk,high,Comparable Medical Informatics/Bioinformatics/CS degrees can study in English; non-comparable backgrounds generally require German C1.,Mechatronics is likely non-comparable to Medical Informatics under the published examples.,German C1 could become a formal language blocker.,Treat as high-risk unless admissions classifies the degree as comparable or German C1 is obtained.,https://uni-tuebingen.de/en/study/finding-a-course/degree-programs-available/detail/course/medical-informatics-master/
EU-FR-005,D2-EU-027,Health Engineering - BioHealth Engineering,Conditional-high-risk,high,Published M1 target backgrounds emphasize biology/biotech/biochemistry/chemistry/physics/mathematics/informatics; other profiles are committee reviewed.,"Math/informatics elements and healthcare-data experience help, but Mechatronics is not a named standard path.",Admission depends on committee interpretation and biology balance.,Retain only pending formal profile review.,https://formations.univ-grenoble-alpes.fr/fr/catalogue-2021/master-XB/master-ingenierie-de-la-sante-IAQKSXOB/parcours-biohealth-engineering-1st-year-MA28LBNP.html
AF-ZA-001,D2-AF-001,MSc Computational Health Informatics,Likely,medium-high,"minimum 65% at Honours/equivalent four-year level; suitable disciplines explicitly include engineering, CS, statistics, biology, genetics, epidemiology and bioinformatics","Mechatronics provides engineering, mathematics, control, electronics, sensing and programming; Earable/VinBigData/GeneStory add physiological-signal, medical-imaging and genomics R&D evidence; DNA adds scientific-software experience.",funding robustness and whether omics focus is too dominant relative to desired breadth,Proceed to Gate 2 while preserving normal document/language/supervisor checks.,https://health.uct.ac.za/human-genetics/teaching/Msc_CHIP
AF-ZA-002,D2-AF-002,MSc Biomedical Engineering,Likely,medium-high,explicitly requires a four-year Engineering degree or Honours in mathematical/physical/computer sciences,"Mechatronics provides engineering, mathematics, control, electronics, sensing and programming; Earable/VinBigData/GeneStory add physiological-signal, medical-imaging and genomics R&D evidence; DNA adds scientific-software experience.",computational/data breadth depends heavily on supervisor/project and funding,Proceed to Gate 2 while preserving normal document/language/supervisor checks.,https://health.uct.ac.za/biomedical-engineering/programmes/biomedical-engineering
LA-BR-001,D2-LA-001,MSc Bioengineering - Health Technology research line,Conditional-high-risk,high,"2027 Master's selection is active, but foreign-degree documentation and language requirements still require exact call review.",Engineering background is substantively relevant.,Portuguese/foreign-document requirements may be material.,Audit the 2027 call before treating as actionable.,https://bioeng.eesc.usp.br/linhas_de_pesquisa/tecnologia-em-saude/
