opportunity_id,program,funding_architecture,structurality,tuition_support,living_support,residual_cost_band,obligation,cycle,evidence_confidence,next_funding_action,funding_source
EU-FI-001,Health Technology Engineering,tuition-scholarship-only,scholarship is competitive/partial and does not structurally cover living,full tuition possible; living self-funded,not yet established,high-unless-additional-funding,none identified / needs audit,upcoming,medium-low,Keep only if living funding or unusually strong profile fit emerges.,https://www.aalto.fi/en/study-options/health-technology-engineering-master-of-science-technology
EU-FI-002,Biomedical Engineering,tuition-scholarship-only,scholarship is competitive/partial and does not structurally cover living,structurally lower tuition; partial waivers,not yet established,high-unless-additional-funding,none identified / needs audit,upcoming,medium-low,Keep only if living funding or unusually strong profile fit emerges.,https://www.oulu.fi/en/apply/masters-biomedical-engineering
EU-FI-003,Biomedical Informatics - Biomedical Sciences and Engineering,tuition-scholarship-only,scholarship is competitive/partial and does not structurally cover living,partial tuition scholarship,not yet established,high-unless-additional-funding,none identified / needs audit,upcoming,medium-low,Keep only if living funding or unusually strong profile fit emerges.,https://www.tuni.fi/en/study-with-us/biomedical-sciences-and-engineering
EU-FI-004,Biomedical Micro- and Nanodevices - Biomedical Sciences and Engineering,tuition-scholarship-only,scholarship is competitive/partial and does not structurally cover living,partial tuition scholarship,not yet established,high-unless-additional-funding,none identified / needs audit,upcoming,medium-low,Keep only if living funding or unusually strong profile fit emerges.,https://www.tuni.fi/en/study-with-us/biomedical-sciences-and-engineering
EU-SE-003,Systems Control and Robotics,tuition-scholarship-only,scholarship is competitive/partial and does not structurally cover living,full tuition scholarship possible; living self-funded,not yet established,high-unless-additional-funding,none identified / needs audit,upcoming,medium-low,Keep only if living funding or unusually strong profile fit emerges.,https://www.kth.se/en/studies/master/systems-control-robotics
EU-NL-002,Biomedical Engineering - Medical Devices,tuition-scholarship-only,scholarship is competitive/partial and does not structurally cover living,departmental full/partial scholarship routes,not yet established,high-unless-additional-funding,none identified / needs audit,upcoming,medium-low,Keep only if living funding or unusually strong profile fit emerges.,https://bioelectronics.tudelft.nl/Education/detail.php?ti=27
EU-NL-003,Electrical Engineering - Signals Networking and Sensing,tuition-scholarship-only,scholarship is competitive/partial and does not structurally cover living,departmental full/partial scholarship routes,not yet established,high-unless-additional-funding,none identified / needs audit,upcoming,medium-low,Keep only if living funding or unusually strong profile fit emerges.,https://sps.ewi.tudelft.nl/Education/detail.php?ti=53
EU-DE-001,Microsystems Engineering - Biomedical Engineering concentration,low-cost-self-fund,"cost advantage is structural, but living is self-funded",low-tuition self-fund,not yet established,moderate,none identified / needs audit,upcoming,medium-low,Model living cost and any small scholarships; tuition is not the main risk.,https://www.tf.uni-freiburg.de/en/study-programs/microsystem-engineering/m-sc-microsystems-engineering-en
EU-DE-002,Biomedical Engineering,low-cost-self-fund,"cost advantage is structural, but living is self-funded",low-tuition self-fund,not yet established,moderate,none identified / needs audit,upcoming,medium-low,Model living cost and any small scholarships; tuition is not the main risk.,https://www.uni-heidelberg.de/en/study/all-subjects/biomedical-engineering/biomedical-engineering-master
EU-DE-003,Biomedical Engineering and Medical Physics,weak-or-unknown,not yet established,tuition with waiver possibilities,not yet established,unknown,none identified / needs audit,upcoming,medium-low,Dedicated funding audit required.,https://www.tum.de/en/studies/degree-programs/detail/biomedical-engineering-and-medical-physics-master-of-science-msc
EU-IT-001,Biomedical Engineering,competitive-scholarship-route,funding depends on competitive scholarship/nomination,merit scholarships; DSU; Invest Your Talent in Italy,not yet established,low-if-full-award-otherwise-variable,none identified / needs audit,upcoming,medium-low,"Audit exact award amount, eligibility and 2027/28 cycle.",https://www.polimi.it/en/education/laurea-magistrale-programmes/programme-detail/biomedical-engineering
EU-IT-002,Biomedical Engineering - Biomedical Engineering for Neuroscience,weak-or-unknown,not yet established,ER.GO need-based support,not yet established,unknown,none identified / needs audit,upcoming,medium-low,Dedicated funding audit required.,https://www.unibo.it/en/study/second-cycle-degree/programme/2026/6705
AS-KR-001,Bio and Brain Engineering,competitive-full-internal,KAIST Scholarship/KGPS considered within admission funding selection; broad international funding ecosystem but not identical to automatic admission funding,full tuition if KAIST scholarship/KGPS awarded,"KGPS currently KRW 1,000,000/month for four semesters; standard KAIST scholarship includes stipend/insurance",low-if-awarded,no return-service bond identified,upcoming,high,Verify Fall 2027 KGPS/KAIST Scholarship terms when cycle opens.,https://admission.kaist.ac.kr/intl-graduate/FinancialSupport/Scholarship/KAISTScholarship/
AS-SG-001,Biomedical Engineering MEng by Research,competitive-full-internal,separate competitive NUS Research Scholarship,full tuition waiver if awarded,"S$2,900/month for international Master's (Research), typically up to 2 years",near-zero-if-awarded,Graduate Assistantship duties; no specific service bond,upcoming,high,Treat scholarship selection as a separate probability; do not equate admission with funding.,https://nusgs.nus.edu.sg/scholarships/nus-research-scholarship
AS-HK-001,Biomedical Engineering MPhil,admission-linked-research-studentship,available to qualified full-time research postgraduates; result announced with admission,non-local tuition remains payable,"HK$229,200/year studentship for 2026/27 during normative period",low-to-moderate,teaching/research assistance; no post-study service bond identified,TBA,high,Subtract 2027/28 tuition and estimate Hong Kong living residual.,https://www.gs.cuhk.edu.hk/admissions/scholarships-fees/studentships
EU-DE-005,Medical Engineering - Medical Robotics,competitive-scholarship-route,funding depends on competitive scholarship/nomination,EUR 4000/semester from summer 2027; scholarships/waivers to audit,not yet established,low-if-full-award-otherwise-variable,none identified / needs audit,actionable,medium-low,"Audit exact award amount, eligibility and 2027/28 cycle.",https://www.medical-engineering.study.fau.eu/prospective-students/joining-the-master-degree-program/
EU-DE-006,Medical Engineering Science,low-cost-self-fund,"cost advantage is structural, but living is self-funded",no tuition; semester contribution only,not yet established,moderate,none identified / needs audit,upcoming,medium-low,Model living cost and any small scholarships; tuition is not the main risk.,https://www2.uni-luebeck.de/en/study-program/technology/medical-engineering/masters-degree-program-in-medical-engineering/
EU-FR-002,BME Paris - Health Engineering,competitive-scholarship-route,funding depends on competitive scholarship/nomination,Eiffel institution-nomination route; tuition audit pending,not yet established,low-if-full-award-otherwise-variable,none identified / needs audit,upcoming,medium-low,"Audit exact award amount, eligibility and 2027/28 cycle.",https://utcbs.u-paris.fr/en/teaching/
EU-IT-004,Bioengineering,competitive-scholarship-route,funding depends on competitive scholarship/nomination,Invest Your Talent in Italy,not yet established,low-if-full-award-otherwise-variable,none identified / needs audit,upcoming,medium-low,"Audit exact award amount, eligibility and 2027/28 cycle.",https://corsi.unige.it/en/corsi/11933
EU-DE-009,Neuroscience - Neurotechnology elective path,weak-or-unknown,not yet established,EUR 1500/semester non-EU tuition; funding audit pending,not yet established,unknown,none identified / needs audit,upcoming,medium-low,Dedicated funding audit required.,https://www.mscneuro.uni-freiburg.de/
AS-KR-002,Interdisciplinary Program in Bioengineering,competitive-scholarship-route,funding depends on competitive scholarship/nomination,GSFS / SNU Global Scholarship / GKS,not yet established,low-if-full-award-otherwise-variable,none identified / needs audit,upcoming,medium-low,"Audit exact award amount, eligibility and 2027/28 cycle.",https://eng.snu.ac.kr/en/academics/graduate-programs/interdisciplinary-program-in-bioengineering
AS-KR-003,Interdisciplinary Bioscience and Bioengineering,research-funded-conditional,2026 regular TA/RA framework; actual amount varies by lab,"KRW 884,000/month tuition component","KRW 966,000/month living component; total regular Master's support KRW 1.85m/month",low-to-moderate,TA/RA/research duties; no return-service obligation,upcoming,high,Refresh Fall 2027 package and verify PI/lab top-up.,https://adm-g.postech.ac.kr/ENG/graduate-info/support-policy/
AS-KR-004,Electrical Engineering,research-funded-conditional,2026 regular TA/RA framework; actual amount varies by lab,"KRW 884,000/month tuition component","KRW 966,000/month living component; total regular Master's support KRW 1.85m/month",low-to-moderate,TA/RA/research duties; no return-service obligation,upcoming,high,Refresh Fall 2027 package and verify PI/lab top-up.,https://adm-g.postech.ac.kr/ENG/graduate-info/support-policy/
AS-JP-001,Department of Bioengineering - Global30,competitive-scholarship-route,funding depends on competitive scholarship/nomination,MEXT Embassy / special priority-placement MEXT routes,not yet established,low-if-full-award-otherwise-variable,none identified / needs audit,upcoming,medium-low,"Audit exact award amount, eligibility and 2027/28 cycle.",https://bioeng.t.u-tokyo.ac.jp/admission/?lang=en
AS-JP-002,Graduate School of Biomedical Engineering,competitive-scholarship-route,funding depends on competitive scholarship/nomination,MEXT / university funding audit pending,not yet established,low-if-full-award-otherwise-variable,none identified / needs audit,actionable,medium-low,"Audit exact award amount, eligibility and 2027/28 cycle.",https://www.bme.tohoku.ac.jp/english/admission/
AS-HK-002,Master of Philosophy in Bioengineering,admission-linked-research-studentship,research-postgraduate studentship normally/commonly linked to full-time admission; exact award conditions vary by university,research tuition remains payable unless separately waived,university PGS/studentship supports living during normative period,low-to-moderate,research/teaching duties possible; no post-study service bond identified,upcoming,medium-high,Confirm current 2027/28 stipend and tuition for this university.,https://prog-crs.hkust.edu.hk/pgprog/2026-27/mphil-phd-bien
AS-TW-002,Institute of Biomedical Engineering,competitive-scholarship-route,NTHU International Student Scholarship is selected with admission and renewable under rules,Category A: full tuition + credit fee waiver; Category B: full tuition + credit fee waiver,"Category A adds NT$5,000/month for Master's; Category B has no living stipend",low-to-moderate-if-A; moderate-if-B,scholarship progress/renewal requirements; no return-service obligation,upcoming,high,Treat Category A and B as separate financial scenarios; compare with Taiwan Scholarship.,https://www.oga.nthu.edu.tw/TabContentView/49
AS-TW-003,Department of Biomedical Engineering and Environmental Sciences,competitive-scholarship-route,NTHU International Student Scholarship is selected with admission and renewable under rules,Category A: full tuition + credit fee waiver; Category B: full tuition + credit fee waiver,"Category A adds NT$5,000/month for Master's; Category B has no living stipend",low-to-moderate-if-A; moderate-if-B,scholarship progress/renewal requirements; no return-service obligation,upcoming,high,Treat Category A and B as separate financial scenarios; compare with Taiwan Scholarship.,https://www.oga.nthu.edu.tw/TabContentView/49
AS-HK-003,Electronic and Computer Engineering MPhil,admission-linked-research-studentship,research-postgraduate studentship normally/commonly linked to full-time admission; exact award conditions vary by university,research tuition remains payable unless separately waived,university PGS/studentship supports living during normative period,low-to-moderate,research/teaching duties possible; no post-study service bond identified,upcoming,medium-high,Confirm current 2027/28 stipend and tuition for this university.,https://prog-crs.hkust.edu.hk/pgprog/2027-28/mphil-phd-ece
AS-HK-004,Electrical and Computer Engineering MPhil,admission-linked-research-studentship,research-postgraduate studentship normally/commonly linked to full-time admission; exact award conditions vary by university,research tuition remains payable unless separately waived,university PGS/studentship supports living during normative period,low-to-moderate,research/teaching duties possible; no post-study service bond identified,actionable,medium-high,Confirm current 2027/28 stipend and tuition for this university.,https://ece.hku.hk/study/rpg/
AS-SG-004,Electrical and Electronic Engineering MEng by Research,competitive-full-internal,"NTU Research Scholarship is a competitive award, not automatic with admission",annual tuition covered if awarded,"international Master's stipend currently S$2,900/month under NTU research-scholarship framework",near-zero-if-awarded,Graduate Assistantship duties; no post-study service bond,upcoming,medium-high,Verify school-level scholarship availability for 2027 and treat funding probability separately from admission.,https://www.ntu.edu.sg/admissions/graduate/financialmatters/scholarships/rss
AS-SG-005,Chemical and Biomedical Engineering MEng by Research,competitive-full-internal,"NTU Research Scholarship is a competitive award, not automatic with admission",annual tuition covered if awarded,"international Master's stipend currently S$2,900/month under NTU research-scholarship framework",near-zero-if-awarded,Graduate Assistantship duties; no post-study service bond,upcoming,medium-high,Verify school-level scholarship availability for 2027 and treat funding probability separately from admission.,https://www.ntu.edu.sg/admissions/graduate/financialmatters/scholarships/rss
AS-SG-006,Electrical and Computer Engineering MEng by Research,competitive-full-internal,separate competitive NUS Research Scholarship,full tuition waiver if awarded,"S$2,900/month for international Master's (Research), typically up to 2 years",near-zero-if-awarded,Graduate Assistantship duties; no specific service bond,upcoming,high,Treat scholarship selection as a separate probability; do not equate admission with funding.,https://nusgs.nus.edu.sg/scholarships/nus-research-scholarship
AS-TW-005,Smart Medicine and Health Informatics,competitive-scholarship-route,NTU Outstanding International Graduate Student Scholarship is competitive; prospective students may be considered under current university materials,"tuition waiver capped around NT$65,000 under current OIA scheme","NT$8,000/month for Master's under current scheme; advisor/department support may affect living stipend",moderate-if-awarded,renewal/selection conditions; no return-service obligation,actionable,high,Verify 2027 prospective-student award mechanics and programme fees.,https://isss.ntu.edu.tw/zh-hant/finances/scholarships/
AS-TW-006,Biomedical Electronics and Bioinformatics,competitive-scholarship-route,NTU Outstanding International Graduate Student Scholarship is competitive; prospective students may be considered under current university materials,"tuition waiver capped around NT$65,000 under current OIA scheme","NT$8,000/month for Master's under current scheme; advisor/department support may affect living stipend",moderate-if-awarded,renewal/selection conditions; no return-service obligation,actionable,high,Verify 2027 prospective-student award mechanics and programme fees.,https://isss.ntu.edu.tw/zh-hant/finances/scholarships/
AS-TW-007,Biomedical Engineering,competitive-scholarship-route,NTU Outstanding International Graduate Student Scholarship is competitive; prospective students may be considered under current university materials,"tuition waiver capped around NT$65,000 under current OIA scheme","NT$8,000/month for Master's under current scheme; advisor/department support may affect living stipend",moderate-if-awarded,renewal/selection conditions; no return-service obligation,actionable,high,Verify 2027 prospective-student award mechanics and programme fees.,https://isss.ntu.edu.tw/zh-hant/finances/scholarships/
AS-TW-008,Institute of Intelligent Bioelectrical Engineering,competitive-scholarship-route,NYCU International Student Scholarship can be awarded with admission; award may combine stipend and tuition treatment,up to full tuition/credit waiver or local-student-rate tuition depending plan,"Master's stipend can be up to NT$22,000/month; actual award plan varies and is reviewed/renewed",low-to-moderate-if-strong-award,annual review/renewal; no return-service obligation,upcoming,high,Model Plan A/B/C/D separately and verify 2027 award letter structure.,https://oia.nycu.edu.tw/oia/en/app/data/view?id=792&module=nycu0012&serno=0f046f83-4147-4ec7-8921-bbaccd8c678f
EM-EU-001,EMJM in Imaging,full-external-competitive,Erasmus Mundus scholarship is a separate highly competitive award,participation costs covered if scholarship awarded,"EU scholarship unit typically EUR 1,400/month up to 24 months for current EMJM rules",near-zero-if-awarded,mobility/programme rules; no return-home service bond,upcoming,medium-high,Verify exact 2027 call and scholarship quota; do not count as expected funding.,https://erasmus-plus.ec.europa.eu/programme-guide/part-b/key-action-2/erasmus-mundus
EM-EU-003,Medical Image Analysis (MAIA),full-external-competitive,Erasmus Mundus scholarship is a separate highly competitive award,participation costs covered if scholarship awarded,"EU scholarship unit typically EUR 1,400/month up to 24 months for current EMJM rules",near-zero-if-awarded,mobility/programme rules; no return-home service bond,upcoming,medium-high,Verify exact 2027 call and scholarship quota; do not count as expected funding.,https://erasmus-plus.ec.europa.eu/programme-guide/part-b/key-action-2/erasmus-mundus
EM-EU-004,Euro-Asian Master in Medical Technology and Healthcare Business,full-external-competitive,Erasmus Mundus scholarship is a separate highly competitive award,participation costs covered if scholarship awarded,"EU scholarship unit typically EUR 1,400/month up to 24 months for current EMJM rules",near-zero-if-awarded,mobility/programme rules; no return-home service bond,2027 call TBA,medium-high,Verify exact 2027 call and scholarship quota; do not count as expected funding.,https://erasmus-plus.ec.europa.eu/programme-guide/part-b/key-action-2/erasmus-mundus
EM-EU-005,Erasmus Mundus Master in Biomedical Engineering,full-external-competitive,Erasmus Mundus scholarship is a separate highly competitive award,participation costs covered if scholarship awarded,"EU scholarship unit typically EUR 1,400/month up to 24 months for current EMJM rules",near-zero-if-awarded,mobility/programme rules; no return-home service bond,2027 call TBA,medium-high,Verify exact 2027 call and scholarship quota; do not count as expected funding.,https://erasmus-plus.ec.europa.eu/programme-guide/part-b/key-action-2/erasmus-mundus
EM-EU-006,Artificial Intelligence for Image Processing and Computer Vision,full-external-competitive,Erasmus Mundus scholarship is a separate highly competitive award,participation costs covered if scholarship awarded,"EU scholarship unit typically EUR 1,400/month up to 24 months for current EMJM rules",near-zero-if-awarded,mobility/programme rules; no return-home service bond,actionable,medium-high,Verify exact 2027 call and scholarship quota; do not count as expected funding.,https://erasmus-plus.ec.europa.eu/programme-guide/part-b/key-action-2/erasmus-mundus
EM-EU-007,Advanced Microscopy with Artificial Intelligence,full-external-competitive,Erasmus Mundus scholarship is a separate highly competitive award,participation costs covered if scholarship awarded,"EU scholarship unit typically EUR 1,400/month up to 24 months for current EMJM rules",near-zero-if-awarded,mobility/programme rules; no return-home service bond,upcoming,medium-high,Verify exact 2027 call and scholarship quota; do not count as expected funding.,https://erasmus-plus.ec.europa.eu/programme-guide/part-b/key-action-2/erasmus-mundus
AU-001,Master of Philosophy in Engineering - Biomedical Engineering,full-external-competitive,Australia Awards is external and competitive; 2028 intake terms are not yet published,full academic fees if awarded under current AAS structure,contribution to living expenses + establishment + travel + OSHC under current AAS structure,near-zero-if-awarded,must return to Vietnam and not permanently re-enter Australia for at least 2 years,2028 route,high-current-policy/2028-TBA,Treat 2028 as first-class; verify course eligibility and 2028 country profile when call opens.,https://australiaawardsvietnam.org/awardees/scholarship-benefits/
AU-003,Master of Engineering Science (Research),full-external-competitive,Australia Awards is external and competitive; 2028 intake terms are not yet published,full academic fees if awarded under current AAS structure,contribution to living expenses + establishment + travel + OSHC under current AAS structure,near-zero-if-awarded,must return to Vietnam and not permanently re-enter Australia for at least 2 years,2028 route,high-current-policy/2028-TBA,Treat 2028 as first-class; verify course eligibility and 2028 country profile when call opens.,https://australiaawardsvietnam.org/awardees/scholarship-benefits/
AU-004,Master of Engineering Science - Biomedical Engineering,full-external-competitive,Australia Awards is external and competitive; 2028 intake terms are not yet published,full academic fees if awarded under current AAS structure,contribution to living expenses + establishment + travel + OSHC under current AAS structure,near-zero-if-awarded,must return to Vietnam and not permanently re-enter Australia for at least 2 years,2028 route,high-current-policy/2028-TBA,Treat 2028 as first-class; verify course eligibility and 2028 country profile when call opens.,https://australiaawardsvietnam.org/awardees/scholarship-benefits/
EU-FI-005,Medical Physics and Biomedical Instrumentation - Biomedical Sciences and Engineering,tuition-scholarship-only,scholarship is competitive/partial and does not structurally cover living,partial tuition scholarship,not yet established,high-unless-additional-funding,none identified / needs audit,upcoming,medium-low,Keep only if living funding or unusually strong profile fit emerges.,https://www.tuni.fi/en/tau/masters-programmes/medical-physics-and-biomedical-instrumentation-biomedical-sciences-and
AU-005,Master of Bioinformatics (Research Extensive),full-external-competitive,Australia Awards is external and competitive; 2028 intake terms are not yet published,full academic fees if awarded under current AAS structure,contribution to living expenses + establishment + travel + OSHC under current AAS structure,near-zero-if-awarded,must return to Vietnam and not permanently re-enter Australia for at least 2 years,2028 route,high-current-policy/2028-TBA,Treat 2028 as first-class; verify course eligibility and 2028 country profile when call opens.,https://australiaawardsvietnam.org/awardees/scholarship-benefits/
AU-006,Master of Bioinformatics - Research Stream,full-external-competitive,Australia Awards is external and competitive; 2028 intake terms are not yet published,full academic fees if awarded under current AAS structure,contribution to living expenses + establishment + travel + OSHC under current AAS structure,near-zero-if-awarded,must return to Vietnam and not permanently re-enter Australia for at least 2 years,2028 route,high-current-policy/2028-TBA,Treat 2028 as first-class; verify course eligibility and 2028 country profile when call opens.,https://australiaawardsvietnam.org/awardees/scholarship-benefits/
EU-FI-006,Life Science Technologies - Bioinformatics and Digital Health,tuition-scholarship-only,scholarship is competitive/partial and does not structurally cover living,tuition scholarship possible; living support still needs audit,not yet established,high-unless-additional-funding,none identified / needs audit,upcoming,medium-low,Keep only if living funding or unusually strong profile fit emerges.,https://www.aalto.fi/en/programmes/masters-programme-in-life-science-technologies/curriculum-2026-2028
EU-FI-007,Life Science Informatics - Bioinformatics and Systems Medicine,competitive-scholarship-route,funding depends on competitive scholarship/nomination,EUR 15000/year; scholarship audit needed,not yet established,low-if-full-award-otherwise-variable,none identified / needs audit,upcoming,medium-low,"Audit exact award amount, eligibility and 2027/28 cycle.",https://www.helsinki.fi/en/degree-programmes/life-science-informatics-masters-programme
EU-BE-005,Master of Bioinformatics - Engineering Major,competitive-scholarship-route,funding depends on competitive scholarship/nomination,Master Mind / ASEAN / fee-waiver routes need programme-specific audit,not yet established,low-if-full-award-otherwise-variable,none identified / needs audit,upcoming,medium-low,"Audit exact award amount, eligibility and 2027/28 cycle.",https://onderwijsaanbod.kuleuven.be/opleidingen/e/SC_51016883
EU-NL-006,Bioinformatics and Systems Biology,weak-or-unknown,not yet established,high non-EU tuition; funding audit needed,not yet established,unknown,none identified / needs audit,upcoming,medium-low,Dedicated funding audit required.,https://vu.nl/en/education/master/bioinformatics-and-systems-biology-joint-degree-vu-uva/admissions
EU-NL-007,Bioinformatics and Biocomplexity,competitive-scholarship-route,funding depends on competitive scholarship/nomination,non-EU fee high; scholarship audit needed,not yet established,low-if-full-award-otherwise-variable,none identified / needs audit,upcoming,medium-low,"Audit exact award amount, eligibility and 2027/28 cycle.",https://www.uu.nl/en/masters/bioinformatics-and-biocomplexity
EU-ES-001,Bioinformatics for Health Sciences,weak-or-unknown,not yet established,funding/tuition audit needed,not yet established,unknown,none identified / needs audit,upcoming,medium-low,Dedicated funding audit required.,https://www.upf.edu/web/bioinformatics/admissio
EU-IT-007,Bioinformatics for Computational Genomics,competitive-scholarship-route,funding depends on competitive scholarship/nomination,Italian merit/DSU/IYT possibilities require dedicated audit,not yet established,low-if-full-award-otherwise-variable,none identified / needs audit,upcoming,medium-low,"Audit exact award amount, eligibility and 2027/28 cycle.",https://www.unimi.it/en/education/master-programme/bioinformatics-computational-genomics
EU-UK-001,Bioinformatics and Theoretical Systems Biology,weak-or-unknown,not yet established,Chevening/other funding needed; high sticker price,not yet established,unknown,none identified / needs audit,upcoming,medium-low,Dedicated funding audit required.,https://www.imperial.ac.uk/study/courses/postgraduate-taught/bioinformatics/
EU-UK-002,Bioinformatics and Systems Biology,weak-or-unknown,not yet established,Chevening/other funding needed,not yet established,unknown,none identified / needs audit,upcoming,medium-low,Dedicated funding audit required.,https://www.manchester.ac.uk/study/masters/courses/list/08854/msc-bioinformatics-and-systems-biology/
EU-UK-003,Computational Biology,weak-or-unknown,not yet established,university funding highly competitive,not yet established,unknown,none identified / needs audit,upcoming,medium-low,Dedicated funding audit required.,https://www.postgraduate.study.cam.ac.uk/courses/directory/maammpcbi
NA-CA-001,Bioinformatics,research-funded-conditional,"supervisor commitment/funding is part of research admission, but current MSc amount needs fresh program-level confirmation",international tuition payable from stipend/package,program historically requires supervisor funding; exact current MSc minimum not freshly verified,unknown,supervisor-backed research; no service return identified,upcoming,medium,Get current Bioinformatics MSc funding letter/amount directly from program before ranking.,https://www.bioinformatics.ubc.ca/files/2011/06/BIOF-student-program-guidelines.pdf
NA-CA-003,Biology MSc - Bioinformatics Option,weak-or-unknown,not yet established,research funding needs supervisor-level audit,not yet established,unknown,none identified / needs audit,upcoming,medium-low,Dedicated funding audit required.,https://www.mcgill.ca/biology/graduate-option-programs
AS-HK-005,Computing and Data Science MPhil - Bioinformatics,weak-or-unknown,not yet established,PGS at least HKD 225120/year on current school page,not yet established,unknown,none identified / needs audit,upcoming,medium-low,Dedicated funding audit required.,https://www.cs.hku.hk/programmes/research-based/mphil-phd-admission
AS-HK-006,Translational Genomics MPhil,weak-or-unknown,not yet established,CUHK research-postgraduate studentship ecosystem,not yet established,unknown,none identified / needs audit,upcoming,medium-low,Dedicated funding audit required.,https://www.gs.cuhk.edu.hk/programmes/medicine/mphil-phd-translational-genomics
AS-JP-004,Computational Biology and Medical Sciences - Computational Biology,competitive-scholarship-route,funding depends on competitive scholarship/nomination,MEXT/university funding to audit,not yet established,low-if-full-award-otherwise-variable,none identified / needs audit,upcoming,medium-low,"Audit exact award amount, eligibility and 2027/28 cycle.",https://www.cbms.k.u-tokyo.ac.jp/en/admission/application/
AS-KR-005,Interdisciplinary Program in Bioinformatics,competitive-scholarship-route,funding depends on competitive scholarship/nomination,GSFS / SNU Global / GKS possible,not yet established,low-if-full-award-otherwise-variable,none identified / needs audit,TBA,medium-low,"Audit exact award amount, eligibility and 2027/28 cycle.",https://en.snu.ac.kr/webdata/uploads/eng/file/2025/09/2026Spring_graduate_eng.pdf
AS-SG-007,MSc Biomedical Data Science,full-external-competitive,NTU VinGroup Graduate Scholarship is competitive and renewable,annual tuition + miscellaneous fees covered if awarded,"S$1,500/month Master's stipend + S$1,500 settling + S$500 airfare",low-to-moderate-if-awarded,Vietnam service obligation under VinGroup scholarship terms,2028 route,high,Verify this exact MSc Biomedical Data Science is eligible in the next scholarship cycle.,https://www.ntu.edu.sg/graduate-college/admissions/scholarships/vingroup-graduate-scholarship
AS-SG-008,MSc Biomedical Informatics - Analytics,high-cost-scholarship-dependent,no structural full funding identified,very high tuition; scholarship route needs audit,not yet established,high,none identified / needs audit,upcoming,medium-low,Require major scholarship before treating as financially viable.,https://medicine.nus.edu.sg/graduatestudies/education/msc-in-biomedical-informatics/
AS-SG-009,MSc Precision Health and Medicine x AI - Capstone,high-cost-scholarship-dependent,no structural full funding identified,high tuition; funding audit needed,not yet established,high,none identified / needs audit,upcoming,medium-low,Require major scholarship before treating as financially viable.,https://medicine.nus.edu.sg/graduatestudies/education/msc-in-precision-health-and-medicine/
AS-TW-009,Institute of Bioinformatics and Structural Biology,competitive-scholarship-route,NTHU International Student Scholarship is selected with admission and renewable under rules,Category A: full tuition + credit fee waiver; Category B: full tuition + credit fee waiver,"Category A adds NT$5,000/month for Master's; Category B has no living stipend",low-to-moderate-if-A; moderate-if-B,scholarship progress/renewal requirements; no return-service obligation,upcoming,high,Treat Category A and B as separate financial scenarios; compare with Taiwan Scholarship.,https://www.oga.nthu.edu.tw/TabContentView/49
AS-TW-010,Institute of Bioinformatics and Systems Biology,competitive-scholarship-route,NYCU International Student Scholarship can be awarded with admission; award may combine stipend and tuition treatment,up to full tuition/credit waiver or local-student-rate tuition depending plan,"Master's stipend can be up to NT$22,000/month; actual award plan varies and is reviewed/renewed",low-to-moderate-if-strong-award,annual review/renewal; no return-service obligation,upcoming,high,Model Plan A/B/C/D separately and verify 2027 award letter structure.,https://oia.nycu.edu.tw/oia/en/app/data/view?id=792&module=nycu0012&serno=0f046f83-4147-4ec7-8921-bbaccd8c678f
AS-HK-007,MSc Biomolecular Engineering and Health Informatics,high-cost-scholarship-dependent,no structural full funding identified,HKD 229000; funding weak unless scholarship found,not yet established,high,none identified / needs audit,upcoming,medium-low,Require major scholarship before treating as financially viable.,https://prog-crs.hkust.edu.hk/pgprog/2027-28/msc-behi
EU-FR-004,Bioinformatics / Computational Biology - GENIOMHE-AI,competitive-scholarship-route,funding depends on competitive scholarship/nomination,Paris-Saclay scholarship / Eiffel possibilities need programme-specific audit,not yet established,low-if-full-award-otherwise-variable,none identified / needs audit,TBA,medium-low,"Audit exact award amount, eligibility and 2027/28 cycle.",https://www.universite-paris-saclay.fr/en/education/masters-degree/bioinformatics/computational-biology/m1-genomics-informatics-mathematics-and-artificial-intelligence-health-and-environment-geniomhe
NA-CA-004,MSc Bioinformatics,research-package-with-offer,thesis MSc offer requires supervisor and includes a funding package,depends on supervisor home department,stipend expected; composition may include GTA/GRA and varies by home department,unknown,supervisor-backed research; no service return identified,upcoming,high,Audit candidate supervisors and their home-department package before ranking.,https://www.uoguelph.ca/bioinformatics/node/597
AU-008,Master of Data Science - Research Stream with computational-biology thesis,full-external-competitive,Australia Awards is external and competitive; 2028 intake terms are not yet published,full academic fees if awarded under current AAS structure,contribution to living expenses + establishment + travel + OSHC under current AAS structure,near-zero-if-awarded,must return to Vietnam and not permanently re-enter Australia for at least 2 years,TBA,high-current-policy/2028-TBA,Treat 2028 as first-class; verify course eligibility and 2028 country profile when call opens.,https://australiaawardsvietnam.org/awardees/scholarship-benefits/
EU-UK-004,Biomedical Engineering - Computational Bioengineering,competitive-scholarship-route,funding depends on competitive scholarship/nomination,high international tuition; department scholarships are limited; Chevening/external funding needed,not yet established,low-if-full-award-otherwise-variable,none identified / needs audit,upcoming,medium-low,"Audit exact award amount, eligibility and 2027/28 cycle.",https://www.imperial.ac.uk/study/courses/postgraduate-taught/biomedical-engineering-computational/
EU-UK-005,Biomedical Research - Data Science,weak-or-unknown,not yet established,high international tuition; external funding needed,not yet established,unknown,none identified / needs audit,upcoming,medium-low,Dedicated funding audit required.,https://www.imperial.ac.uk/study/courses/postgraduate-taught/data-science/
EU-UK-006,Health Data Science,high-cost-scholarship-dependent,no structural full funding identified,high London tuition; Spärck AI Scholarship existed for 2026/27 and future cycle needs refresh,not yet established,high,none identified / needs audit,upcoming,medium-low,Require major scholarship before treating as financially viable.,https://www.ucl.ac.uk/study/prospective-students/graduate/courses/health-data-science-msc
EU-ES-002,Health Data Science,low-cost-self-fund,public fee is structurally low; programme is online,non-EU price €46.11/ECTS plus first-time €218.15 foreign-degree academic tax and general fees,self-funded; online format may allow living in Vietnam rather than relocating,low-to-moderate,none,upcoming,high,Model total 120-ECTS fee and evaluate whether online delivery supports the desired research/network outcome.,https://www.urv.cat/en/studies/master/courses/health-data-science/faq/
NA-US-001,Biomedical Engineering MSE - Biomedical Data Science / Computational Medicine / Genomics & Systems Biology,high-cost-scholarship-dependent,no structural full funding identified,very high tuition; second-year PI funding may exist but is not guaranteed,not yet established,high,none identified / needs audit,upcoming,medium-low,Require major scholarship before treating as financially viable.,https://www.bme.jhu.edu/academics/graduate/masters-programs/masters-program/
NA-US-002,MS Bioengineering - Computational and Systems Bioengineering,weak-or-unknown,not yet established,MS students can compete for RA/TA/fellowships with tuition/service-fee waivers,not yet established,unknown,none identified / needs audit,TBA,medium-low,Dedicated funding audit required.,https://bioengineering.illinois.edu/academics/graduate/ms
NA-US-003,Bioengineering MSE - Biomedical Data Science and Computational Medicine,high-cost-scholarship-dependent,no structural full funding identified,high tuition; Master's funding likely limited and needs dedicated audit,not yet established,high,none identified / needs audit,upcoming,medium-low,Require major scholarship before treating as financially viable.,https://catalog.upenn.edu/graduate/programs/bioengineering-mse/
NA-US-005,MS Bioengineering - Computational Bioengineering,weak-or-unknown,not yet established,MS students are eligible for competitive RA/TA/fellowships; funding can be arranged with advisor,not yet established,unknown,none identified / needs audit,upcoming,medium-low,Dedicated funding audit required.,https://catalog.ku.edu/engineering/interdisciplinary-engineering-programs/ms-bioengineering/
AU-009,Master of Data Science - Biomedical Data Science specialisation,full-external-competitive,Australia Awards is external and competitive; 2028 intake terms are not yet published,full academic fees if awarded under current AAS structure,contribution to living expenses + establishment + travel + OSHC under current AAS structure,near-zero-if-awarded,must return to Vietnam and not permanently re-enter Australia for at least 2 years,upcoming,high-current-policy/2028-TBA,Treat 2028 as first-class; verify course eligibility and 2028 country profile when call opens.,https://australiaawardsvietnam.org/awardees/scholarship-benefits/
AS-JP-006,Life Science Innovation - Bioinformatics,competitive-scholarship-route,funding depends on competitive scholarship/nomination,MEXT Embassy route possible; university-recommendation general route is expected to be discontinued from 2027 except special programs,not yet established,low-if-full-award-otherwise-variable,none identified / needs audit,upcoming,medium-low,"Audit exact award amount, eligibility and 2027/28 cycle.",https://tlsi.tsukuba.ac.jp/en/
AS-TW-011,Graduate Institute of Biomedical Informatics,competitive-scholarship-route,funding depends on competitive scholarship/nomination,Taiwan government / TMU scholarship ecosystem; package details need refresh,not yet established,low-if-full-award-otherwise-variable,none identified / needs audit,TBA,medium-low,"Audit exact award amount, eligibility and 2027/28 cycle.",https://gibi.tmu.edu.tw/course/content?id=5&page=1&type=5
AS-TW-012,Graduate Program in Biomedical Informatics,competitive-scholarship-route,funding depends on competitive scholarship/nomination,university/Taiwan scholarship routes need dedicated audit,not yet established,low-if-full-award-otherwise-variable,none identified / needs audit,upcoming,medium-low,"Audit exact award amount, eligibility and 2027/28 cycle.",https://gao.yzu.edu.tw/index.php/en/admissions-2/academic-programs/engineering-2
AS-TW-013,Graduate Institute of Biomedical Engineering - AI / Biomedical Informatics,competitive-scholarship-route,funding depends on competitive scholarship/nomination,Taiwan Tech / Taiwan Scholarship funding routes need audit,not yet established,low-if-full-award-otherwise-variable,none identified / needs audit,upcoming,medium-low,"Audit exact award amount, eligibility and 2027/28 cycle.",https://www.be.ntust.edu.tw/p/412-1009-2981.php?Lang=en
ME-SA-001,Bioengineering - Bioinformatics and Machine Learning,admission-linked-full,all admitted MS students unless externally sponsored,full tuition + bench fees,"about USD 20,000/year stipend + base housing + health insurance + relocation",near-zero,no return-service obligation identified,upcoming,high,Audit PI/lab fit; finance is already strong.,https://admissions.kaust.edu.sa/fees-funding
ME-AE-001,MSc Computational Biology,competitive-scholarship-route,funding depends on competitive scholarship/nomination,2027 MSc funding is conditional on faculty-sponsored RA/TA or approved scholarship; university news describes the computational-biology model as fully funded but current admissions terms should control,not yet established,low-if-full-award-otherwise-variable,none identified / needs audit,upcoming,medium-low,"Audit exact award amount, eligibility and 2027/28 cycle.",https://mbzuai.ac.ae/academics/msc-programs/masters-in-computational-biology
OC-NZ-001,Master of Engineering in Bioengineering - Research,competitive-scholarship-route,funding depends on competitive scholarship/nomination,"international university scholarships are mostly partial; core ABI research-Master scholarships are domestic-only, though individual funded projects may exist",not yet established,low-if-full-award-otherwise-variable,none identified / needs audit,upcoming,medium-low,"Audit exact award amount, eligibility and 2027/28 cycle.",https://www.auckland.ac.nz/en/abi/study-with-us/study-options.html
ME-IL-002,Life Sciences MSc - Computational and Systems Biology,admission-linked-full,all full-time MSc students entitled to fellowship,no tuition,"NIS 7,000/month regular MSc fellowship for 24 months",near-zero-to-low,full-time research commitment; no service return identified,upcoming,high,Audit profile differentiation and lab fit; funding is structurally strong.,https://www.weizmann.ac.il/wsos/fellowship-aid/msc-students
NA-CA-008,MSc Biological and Biomedical Engineering - Thesis,guaranteed-research-package,thesis MSc minimum funding policy,international tuition/fees paid from package,2026/27 minimum total funding about CAD 28.3k; international net living allowance materially lower after fees,moderate-to-high,research progress; no service return identified,upcoming,high,Model international net stipend carefully; formal eligibility is already weak due life-science course.,https://bbme.research.mcgill.ca/admin/Policy_Minimum_Stipend_MSc_Thesis.pdf
NA-CA-009,Biomedical Engineering MASc,guaranteed-research-package,"minimum MASc package guaranteed for funded cohort, years 1-2",package includes support intended to cover fees; tuition still charged separately,"2026/27 international minimum stipend total CAD 44,500-46,499+ depending award tier",low-to-moderate,research progress; no service return identified,upcoming,high,Model exact international tuition/fees against current stipend and Toronto living costs.,https://bme.utoronto.ca/current-students/tuition-and-funding/
NA-CA-010,Biomedical Engineering MASc,guaranteed-research-package,all full-time MASc students guaranteed minimum funding within time limit,"CAD 18,000/year minimum funding is used first toward tuition; international differential can be material",remaining funding after tuition may be limited; TA/RA may be additional,moderate-to-high,research progress; no service return identified,upcoming,high,Audit BME-specific international tuition and available international awards before treating Waterloo as financially safe.,https://uwaterloo.ca/engineering/graduate-students/funding-scholarships-and-awards/minimum-funding-and-other-support
NA-CA-011,Biomedical Engineering MASc,research-package-with-offer,full-time MASc receives department/supervisor funding for 24 months,international tuition charged; package amount not stated on current program page,scholarship and/or TA support; exact net living support unknown,unknown,supervisor/research progress; no service return identified,upcoming,high,Get current offer-level minimum package and international tuition before financial ranking.,https://www.eng.mcmaster.ca/msbe/degree-options/biomedical-engineering-masc/
EU-CH-004,Biomedical Engineering,low-cost-self-fund,tuition is fixed by university; no structural Master's stipend identified,"CHF 850/semester + CHF 1,700/semester non-Swiss surcharge = CHF 2,550/semester, plus semester fee",self-funded; Swiss living cost is the dominant exposure,high,none,TBA,high,Keep only as academic amplifier unless living funding is found.,https://www.unibe.ch/studies/organizational_matters/renewal_of_semester_registration/fees/index_eng.html
EU-AT-001,Biomedical Engineering,low-cost-self-fund,low public-university tuition is structural; no living stipend attached,€726.72/semester for non-EU + €26.20 student-union fee,"self-funded; TU Graz cites roughly €1,300/month average student spending in Austria",moderate,none,upcoming,high,Treat as a genuine low-cost hedge; later compare Graz living cost and possible scholarships.,https://www.tugraz.at/en/studying-and-teaching/studying-at-tu-graz/prospective-students/financial-matters/tuition-fees-and-the-austrian-student-union-fee
EU-IE-001,Health Data Science,high-cost-scholarship-dependent,no structural full funding identified,2026/27 non-EU fee EUR 27640; only partial/general scholarships found so far,not yet established,high,none identified / needs audit,upcoming,medium-low,Require major scholarship before treating as financially viable.,https://www.universityofgalway.ie/science-engineering/postgraduateprogrammes/international-masters/health-data-science.html
EU-IE-002,Biomedical Engineering,high-cost-scholarship-dependent,no structural full funding identified,2026/27 non-EU tuition EUR 28440; funding/scholarship route needs dedicated audit,not yet established,high,none identified / needs audit,upcoming,medium-low,Require major scholarship before treating as financially viable.,https://www.tcd.ie/biomedicalengineering/education/msc/faq/
NA-CA-012,Biomedical Engineering MSc - thesis,guaranteed-research-package,thesis MSc requires supervisor funding; department states minimum annual funding for full-time students,tuition is paid by the student from the package,"minimum annual funding CAD 25,000; supervisor must confirm funding before application",moderate,research/supervisor commitment; no return-service obligation,upcoming,high,Model international tuition + Edmonton living against CAD 25k; then audit specific supervisors.,https://www.ualberta.ca/en/biomedical-engineering/graduate/msc-program.html
NA-CA-013,Biomedical Engineering MASc - Bioinformatics specialization,weak-or-unknown,not yet established,assistantship/supervisor funding not yet verified on current official programme page,not yet established,unknown,none identified / needs audit,upcoming,medium-low,Dedicated funding audit required.,https://www.uottawa.ca/faculty-engineering/graduate-studies/programs/biomedical-engineering
NA-CA-014,Biomedical Engineering MASc,guaranteed-research-package,all BME graduate students funded,tuition and fees deducted from stipend,"guaranteed take-home about CAD 16,000-17,000/year in years 1-2",moderate,research progress; no service return identified,upcoming,high,Compare Halifax living budget against guaranteed take-home.,https://www.dal.ca/faculty/school-biomedical-engineering/education/FundingOpportunities.html
EU-CH-005,Joint MSc Biomedical Engineering,research-funded-conditional,research funding exists but amount/coverage or automaticity is not fully established,Swiss tuition/living funding needs dedicated audit; no structural stipend identified,not yet established,unknown-to-moderate,none identified / needs audit,upcoming,medium-low,Audit package amount versus tuition/living.,https://dbe.unibas.ch/en/education/msc-in-biomedical-engineering/
AS-JP-007,Course of Bioengineering and Bioinformatics - Graduate School of Information Science and Technology,competitive-scholarship-route,funding depends on competitive scholarship/nomination,MEXT/university scholarships possible; no structural stipend verified,not yet established,low-if-full-award-otherwise-variable,none identified / needs audit,upcoming,medium-low,"Audit exact award amount, eligibility and 2027/28 cycle.",https://www.ist.hokudai.ac.jp/eng/divisions/bioinfo/
AS-JP-008,Program of Computational Biology,full-external-limited,2027 MEXT International Priority Graduate Program has limited Master's slots,tuition + entrance fee exemption if selected,"JPY 144,000/month + airfare if selected",near-zero-if-awarded,MEXT/program conditions; no post-study service bond identified,upcoming,high,Confirm eligible Computational Biology labs under Information Science quota and nomination process.,https://www.naist.jp/en/education_research/science_technology/education_programs/cb.html
AS-JP-009,Graduate School of Systems Life Sciences - Bioinformatics / Life Engineering,competitive-scholarship-route,funding depends on competitive scholarship/nomination,MEXT and university/private scholarships available; some 2026 scholarships include Systems Life Sciences but no structural package,not yet established,low-if-full-award-otherwise-variable,none identified / needs audit,upcoming,medium-low,"Audit exact award amount, eligibility and 2027/28 cycle.",https://www.isc.kyushu-u.ac.jp/graduate/voices/sls/
AS-JP-011,Biomedical Informatics Course - Graduate School of Computer Science and Systems Engineering,competitive-scholarship-route,funding depends on competitive scholarship/nomination,MEXT/JASSO/university support possible; no structural package verified,not yet established,low-if-full-award-otherwise-variable,none identified / needs audit,upcoming,medium-low,"Audit exact award amount, eligibility and 2027/28 cycle.",https://www.kyutech.ac.jp/english/academics/csse/
AS-KR-006,Biomedical Engineering MS,admission-linked-full,department states full financial support for all BME graduate students,tuition fee waiver,"KRW 7,680,000/year support plus stipend; exact stipend formula needs offer-level confirmation",low-to-unknown,no return-service obligation identified,upcoming,high,Confirm exact 2027 international MS stipend and lab-specific top-up.,https://bme.unist.ac.kr/eng/graduate/
AU-010,Master of Biomedical Systems and Technology,full-external-competitive,Australia Awards is external and competitive; 2028 intake terms are not yet published,full academic fees if awarded under current AAS structure,contribution to living expenses + establishment + travel + OSHC under current AAS structure,near-zero-if-awarded,must return to Vietnam and not permanently re-enter Australia for at least 2 years,upcoming,high-current-policy/2028-TBA,Treat 2028 as first-class; verify course eligibility and 2028 country profile when call opens.,https://australiaawardsvietnam.org/awardees/scholarship-benefits/
AU-011,Master of Digital Health and Data Science,full-external-competitive,Australia Awards is external and competitive; 2028 intake terms are not yet published,full academic fees if awarded under current AAS structure,contribution to living expenses + establishment + travel + OSHC under current AAS structure,near-zero-if-awarded,must return to Vietnam and not permanently re-enter Australia for at least 2 years,upcoming,high-current-policy/2028-TBA,Treat 2028 as first-class; verify course eligibility and 2028 country profile when call opens.,https://australiaawardsvietnam.org/awardees/scholarship-benefits/
AU-012,Master of Health Data Analytics,full-external-competitive,Australia Awards is external and competitive; 2028 intake terms are not yet published,full academic fees if awarded under current AAS structure,contribution to living expenses + establishment + travel + OSHC under current AAS structure,near-zero-if-awarded,must return to Vietnam and not permanently re-enter Australia for at least 2 years,upcoming,high-current-policy/2028-TBA,Treat 2028 as first-class; verify course eligibility and 2028 country profile when call opens.,https://australiaawardsvietnam.org/awardees/scholarship-benefits/
EU-FR-005,Health Engineering - BioHealth Engineering,competitive-scholarship-route,funding depends on competitive scholarship/nomination,UGA/GRAL/Idex scholarships exist for some health-engineering cohorts; exact 2027/28 eligibility needs audit,not yet established,low-if-full-award-otherwise-variable,none identified / needs audit,TBA,medium-low,"Audit exact award amount, eligibility and 2027/28 cycle.",https://formations.univ-grenoble-alpes.fr/fr/catalogue-2021/master-XB/master-ingenierie-de-la-sante-IAQKSXOB/parcours-biohealth-engineering-1st-year-MA28LBNP.html
AF-ZA-001,MSc Computational Health Informatics,competitive-scholarship-route,funding depends on competitive scholarship/nomination,international funding is not structural; UCT has international/refugee scholarships and NRF calls but most major local aid is citizenship-restricted,not yet established,low-if-full-award-otherwise-variable,none identified / needs audit,upcoming,medium-low,"Audit exact award amount, eligibility and 2027/28 cycle.",https://health.uct.ac.za/human-genetics/teaching/Msc_CHIP
AF-ZA-002,MSc Biomedical Engineering,competitive-scholarship-route,funding depends on competitive scholarship/nomination,international/refugee scholarships exist; dedicated BME funding for internationals is competitive and not structural,not yet established,low-if-full-award-otherwise-variable,none identified / needs audit,upcoming,medium-low,"Audit exact award amount, eligibility and 2027/28 cycle.",https://health.uct.ac.za/biomedical-engineering/programmes/biomedical-engineering
LA-BR-001,MSc Bioengineering - Health Technology research line,competitive-scholarship-route,funding depends on competitive scholarship/nomination,CAPES scholarships may be awarded after enrolment through internal selection subject to programme quotas; exact net-cost/tuition and international eligibility need audit,not yet established,low-if-full-award-otherwise-variable,none identified / needs audit,upcoming,medium-low,"Audit exact award amount, eligibility and 2027/28 cycle.",https://bioeng.eesc.usp.br/linhas_de_pesquisa/tecnologia-em-saude/
