canonical_id,staging_id,university,program,gate1_status,confidence,formal_requirement,applicant_evidence,blocker_or_uncertainty,next_action,source
EU-FI-006,D2-EU-001,Aalto University,Life Science Technologies - Bioinformatics and Digital Health,Likely,medium-high,engineering/science with strong math/computational background appears explicitly relevant,"Four-year Mechatronics degree with strong mathematics/programming/engineering foundation; substantial R&D across physiological signals, medical imaging and genomics strengthens interdisciplinary relevance.","No current formal academic blocker identified; later language/test/supervisor requirements are execution items, not Gate-1 blockers.",Carry to Gate 2 funding and later profile-differentiation/PI audit.,https://www.aalto.fi/en/programmes/masters-programme-in-life-science-technologies/curriculum-2026-2028
EU-FI-007,D2-EU-002,University of Helsinki,Life Science Informatics - Bioinformatics and Systems Medicine,Likely,medium-high,programme explicitly spans mathematics/statistics/informatics and life-science backgrounds,"Four-year Mechatronics degree with strong mathematics/programming/engineering foundation; substantial R&D across physiological signals, medical imaging and genomics strengthens interdisciplinary relevance.","No current formal academic blocker identified; later language/test/supervisor requirements are execution items, not Gate-1 blockers.",Carry to Gate 2 funding and later profile-differentiation/PI audit.,https://www.helsinki.fi/en/degree-programmes/life-science-informatics-masters-programme
EU-SE-004,D2-EU-003,Uppsala University,Bioinformatics - Computer Science Background,Conditional-high-risk,medium,Needs 25 credits math/statistics and 30 credits computer science.,"Four-year Mechatronics degree with strong mathematics/programming/engineering foundation; substantial R&D across physiological signals, medical imaging and genomics strengthens interdisciplinary relevance.",Math is likely adequate; formal CS-credit total is not yet demonstrated.,Map transcript to 30 CS credits before spending application effort.,https://www.uu.se/en/study/programme/masters-programme-bioinformatics-computer-science-background
EU-CH-003,D2-EU-004,ETH Zurich / UZH / Basel,Computational Biology and Bioinformatics,Conditional-high-risk,medium,"Engineering is accepted but CBB expects a defined mix of biology, computer science and mathematics; GRE also applies to non-EU/EFTA degrees.","Four-year Mechatronics degree with strong mathematics/programming/engineering foundation; substantial R&D across physiological signals, medical imaging and genomics strengthens interdisciplinary relevance.","Quantitative/engineering background is strong, but formal biology/bioinformatics coursework is thin.",Run exact ETH prerequisite-table mapping; keep as moonshot if GRE is planned.,https://cbb.ethz.ch/application-admission.html
EU-BE-005,D2-EU-005,KU Leuven,Master of Bioinformatics - Engineering Major,Likely,medium-high,dedicated Engineering major with biology reorientation package,"Four-year Mechatronics degree with strong mathematics/programming/engineering foundation; substantial R&D across physiological signals, medical imaging and genomics strengthens interdisciplinary relevance.","No current formal academic blocker identified; later language/test/supervisor requirements are execution items, not Gate-1 blockers.",Carry to Gate 2 funding and later profile-differentiation/PI audit.,https://onderwijsaanbod.kuleuven.be/opleidingen/e/SC_51016883
EU-NL-006,D2-EU-006,VU Amsterdam / University of Amsterdam,Bioinformatics and Systems Biology,Likely,medium-high,"Requires mathematics, programming and molecular-biology proficiency. International applicants may still be admitted with a gap; the board can compensate a missing key subject through stronger overall preparation, and minor gaps are handled in the first compulsory courses.","Four-year Mechatronics degree with strong mathematics/programming/engineering foundation; substantial R&D across physiological signals, medical imaging and genomics strengthens interdisciplinary relevance.","Mechatronics is not named explicitly, but mathematics/programming are well evidenced and the single major gap is formal molecular biology; the published policy allows compensation rather than making that gap a hard blocker.",Carry to Gate 2; prepare evidence of quantitative/programming strength and GeneStory biological-domain experience.,https://vu.nl/en/education/master/bioinformatics-and-systems-biology-joint-degree-vu-uva/admissions
EU-NL-007,D2-EU-007,Utrecht University,Bioinformatics and Biocomplexity,Likely,medium,Relevant science backgrounds include physics or mathematics with demonstrated interest/experience in biological sciences; international degrees are assessed for research-university equivalence.,"Four-year Mechatronics degree with strong mathematics/programming/engineering foundation; substantial R&D across physiological signals, medical imaging and genomics strengthens interdisciplinary relevance.","Mechatronics is not listed by name, but it is quantitatively adjacent and GeneStory provides substantial biological-science experience.",Carry to Gate 2 while keeping direct-entry equivalence as an admissions-board check.,https://www.uu.nl/en/masters/bioinformatics-and-biocomplexity
EU-NL-008,D2-EU-008,Wageningen University,Bioinformatics and Systems Biology,Conditional-high-risk,medium,"Strong computational route exists, but programme expects life-science knowledge and assesses foreign background individually.","Four-year Mechatronics degree with strong mathematics/programming/engineering foundation; substantial R&D across physiological signals, medical imaging and genomics strengthens interdisciplinary relevance.",GeneStory gives real life-science experience but transcript has little formal biology.,Check whether professional genomics experience can support direct admission without bridging.,https://www.wur.nl/en/en/education/master/masters-bioinformatics-and-systems-biology
EU-DK-002,D2-EU-009,DTU,Bioinformatics,Unlikely,high,"International applicants need 60 ECTS relevant subjects including at least 5 ECTS molecular biology, 5 programming, 5 math and 5 statistics.",Current canonical transcript does not show the published hard prerequisite basket.,Programming/math/statistics are plausible; no clear formal molecular-biology course exists.,Treat as formal mismatch unless transcript/syllabus proves a qualifying molecular-biology course.,https://www.dtu.dk/english/education/graduate/msc-programmes/bioinformatics/prerequisites
EU-DK-003,D2-EU-010,University of Copenhagen,Bioinformatics,Unlikely,high,"For 2027/28 international applicants need 10 ECTS biology/molecular biology/genetics/biochemistry, 10 ECTS bioinformatics, 5 ECTS programming and 5 ECTS ML, plus mathematics.",Current canonical transcript does not show the published hard prerequisite basket.,Work experience cannot substitute for the published Bachelor-course requirements; transcript lacks the biology/bioinformatics baskets.,Drop from Gate 1 unless previously unrecorded formal courses satisfy the baskets.,https://www.ku.dk/studies/masters/bioinformatics
EU-DE-010,D2-EU-011,Saarland University,Bioinformatics,Unlikely,high,"Requires at least 18 CP mathematics, 18 CP computer science, 18 CP bioinformatics, and 10 CP life sciences such as chemistry, molecular biology or genetics, within a comparable formal degree.","Four-year Mechatronics degree with strong mathematics/programming/engineering foundation; substantial R&D across physiological signals, medical imaging and genomics strengthens interdisciplinary relevance.",The current Mechatronics transcript does not contain the published formal bioinformatics and life-science credit baskets; professional genomics experience does not substitute for them.,Drop from Gate 1 unless previously unrecorded formal coursework satisfies the required baskets.,https://www.uni-saarland.de/en/study/programmes/master/bioinformatics.html
EU-ES-001,D2-EU-012,Universitat Pompeu Fabra,Bioinformatics for Health Sciences,Likely,medium-high,explicitly accepts Computer Science Engineering and basic sciences,"Four-year Mechatronics degree with strong mathematics/programming/engineering foundation; substantial R&D across physiological signals, medical imaging and genomics strengthens interdisciplinary relevance.","No current formal academic blocker identified; later language/test/supervisor requirements are execution items, not Gate-1 blockers.",Carry to Gate 2 funding and later profile-differentiation/PI audit.,https://www.upf.edu/web/bioinformatics/admissio
EU-IT-007,D2-EU-013,University of Milan / Politecnico di Milano,Bioinformatics for Computational Genomics,Likely,medium-high,explicit alignment plan for CS/engineering/math/physics backgrounds,"Four-year Mechatronics degree with strong mathematics/programming/engineering foundation; substantial R&D across physiological signals, medical imaging and genomics strengthens interdisciplinary relevance.","No current formal academic blocker identified; later language/test/supervisor requirements are execution items, not Gate-1 blockers.",Carry to Gate 2 funding and later profile-differentiation/PI audit.,https://www.unimi.it/en/education/master-programme/bioinformatics-computational-genomics
EU-UK-001,D2-UK-001,Imperial College London,Bioinformatics and Theoretical Systems Biology,Likely,medium-high,2:1 accepted from physical computational mathematical and bioengineering subjects,"Four-year Mechatronics degree with strong mathematics/programming/engineering foundation; substantial R&D across physiological signals, medical imaging and genomics strengthens interdisciplinary relevance.","No current formal academic blocker identified; later language/test/supervisor requirements are execution items, not Gate-1 blockers.",Carry to Gate 2 funding and later profile-differentiation/PI audit.,https://www.imperial.ac.uk/study/courses/postgraduate-taught/bioinformatics/
EU-UK-002,D2-UK-002,University of Manchester,Bioinformatics and Systems Biology,Likely,medium-high,accepts physical computing mathematics and biological/medical backgrounds,"Four-year Mechatronics degree with strong mathematics/programming/engineering foundation; substantial R&D across physiological signals, medical imaging and genomics strengthens interdisciplinary relevance.","No current formal academic blocker identified; later language/test/supervisor requirements are execution items, not Gate-1 blockers.",Carry to Gate 2 funding and later profile-differentiation/PI audit.,https://www.manchester.ac.uk/study/masters/courses/list/08854/msc-bioinformatics-and-systems-biology/
EU-UK-003,D2-UK-003,University of Cambridge,Computational Biology,Likely,medium-high,strong mathematical/computational evidence is central,"Four-year Mechatronics degree with strong mathematics/programming/engineering foundation; substantial R&D across physiological signals, medical imaging and genomics strengthens interdisciplinary relevance.","No current formal academic blocker identified; later language/test/supervisor requirements are execution items, not Gate-1 blockers.",Carry to Gate 2 funding and later profile-differentiation/PI audit.,https://www.postgraduate.study.cam.ac.uk/courses/directory/maammpcbi
NA-CA-001,D2-CA-001,University of British Columbia,Bioinformatics,Likely,medium-high,Engineering/Physics/Math/CS degree accepted with significant life-science experience; work experience may count,"Four-year Mechatronics degree with strong mathematics/programming/engineering foundation; substantial R&D across physiological signals, medical imaging and genomics strengthens interdisciplinary relevance.","No current formal academic blocker identified; later language/test/supervisor requirements are execution items, not Gate-1 blockers.",Carry to Gate 2 funding and later profile-differentiation/PI audit.,https://www.grad.ubc.ca/prospective-students/graduate-degree-programs/master-of-science-bioinformatics
NA-CA-002,D2-CA-002,University of Toronto,MScAC - Data Science for Biology,Conditional-high-risk,medium,"Data Science for Biology typically expects third-year algorithms, systems/software coursework and at least one advanced biology course; conditional admission can be used for exceptional applicants.","Four-year Mechatronics degree with strong mathematics/programming/engineering foundation; substantial R&D across physiological signals, medical imaging and genomics strengthens interdisciplinary relevance.","Professional software/genomics evidence is strong, but formal algorithms/systems/biology preparation is not clean.",Keep high-risk; only pursue if committee confirms conditional route is realistic.,https://mscac.utoronto.ca/concentrations/dsb/
NA-CA-003,D2-CA-003,McGill University,Biology MSc - Bioinformatics Option,Conditional-high-risk,medium,"Bioinformatics option is interdisciplinary, but base MSc Biology admission from an engineering degree is not yet established.","Four-year Mechatronics degree with strong mathematics/programming/engineering foundation; substantial R&D across physiological signals, medical imaging and genomics strengthens interdisciplinary relevance.",GeneStory/public genomics work may help materially.,Audit Biology MSc formal degree/background requirements.,https://www.mcgill.ca/biology/graduate-option-programs
AU-007,D2-AU-003,Australian National University,Quantitative Biology and Bioinformatics - Advanced,Conditional-high-risk,medium,"Advanced route needs eight cognate courses and at least four in CS/math/statistics/computational chemistry, with GPA 5.5/7 in degree and cognate set.","Four-year Mechatronics degree with strong mathematics/programming/engineering foundation; substantial R&D across physiological signals, medical imaging and genomics strengthens interdisciplinary relevance.","Several math/statistics/programming courses likely count, but eight-cognate mapping is not yet proven.",Perform course-by-course ANU cognate mapping.,https://programsandcourses.anu.edu.au/2027/program/VSCQB
AS-HK-005,D2-AS-001,University of Hong Kong,Computing and Data Science MPhil - Bioinformatics,Likely,medium-high,general honours-equivalent degree; research proposal required,"Four-year Mechatronics degree with strong mathematics/programming/engineering foundation; substantial R&D across physiological signals, medical imaging and genomics strengthens interdisciplinary relevance.","No current formal academic blocker identified; later language/test/supervisor requirements are execution items, not Gate-1 blockers.",Carry to Gate 2 funding and later profile-differentiation/PI audit.,https://www.cs.hku.hk/programmes/research-based/mphil-phd-admission
AS-HK-006,D2-AS-003,Chinese University of Hong Kong,Translational Genomics MPhil,Likely,medium-high,general Graduate School route; exact engineering-background acceptance needs Gate 1,"Four-year Mechatronics degree with strong mathematics/programming/engineering foundation; substantial R&D across physiological signals, medical imaging and genomics strengthens interdisciplinary relevance.","No current formal academic blocker identified; later language/test/supervisor requirements are execution items, not Gate-1 blockers.",Carry to Gate 2 funding and later profile-differentiation/PI audit.,https://www.gs.cuhk.edu.hk/programmes/medicine/mphil-phd-translational-genomics
AS-JP-004,D2-AS-005,University of Tokyo,Computational Biology and Medical Sciences - Computational Biology,Likely,medium-high,official FAQ says engineering backgrounds have completed programme and prior major does not bar Computational Biology,"Four-year Mechatronics degree with strong mathematics/programming/engineering foundation; substantial R&D across physiological signals, medical imaging and genomics strengthens interdisciplinary relevance.","No current formal academic blocker identified; later language/test/supervisor requirements are execution items, not Gate-1 blockers.",Carry to Gate 2 funding and later profile-differentiation/PI audit.,https://www.cbms.k.u-tokyo.ac.jp/en/admission/application/
AS-KR-005,D2-AS-006,Seoul National University,Interdisciplinary Program in Bioinformatics,Likely,medium-high,Master programme exists for international admissions; detailed department gate needs refresh,"Four-year Mechatronics degree with strong mathematics/programming/engineering foundation; substantial R&D across physiological signals, medical imaging and genomics strengthens interdisciplinary relevance.","No current formal academic blocker identified; later language/test/supervisor requirements are execution items, not Gate-1 blockers.",Carry to Gate 2 funding and later profile-differentiation/PI audit.,https://en.snu.ac.kr/webdata/uploads/eng/file/2025/09/2026Spring_graduate_eng.pdf
AS-SG-007,D2-AS-007,Nanyang Technological University,MSc Biomedical Data Science,Likely,medium-high,explicitly targets computing/engineering graduates for bioinformatics/AI transition,"Four-year Mechatronics degree with strong mathematics/programming/engineering foundation; substantial R&D across physiological signals, medical imaging and genomics strengthens interdisciplinary relevance.","No current formal academic blocker identified; later language/test/supervisor requirements are execution items, not Gate-1 blockers.",Carry to Gate 2 funding and later profile-differentiation/PI audit.,https://www.ntu.edu.sg/engineering/coe-programmes/graduate/coe-programme-detail/master-of-science-in-biomedical-data-science
AS-SG-008,D2-AS-008,National University of Singapore,MSc Biomedical Informatics - Analytics,Likely,medium-high,non-clinicians with relevant industry expertise explicitly considered,"Four-year Mechatronics degree with strong mathematics/programming/engineering foundation; substantial R&D across physiological signals, medical imaging and genomics strengthens interdisciplinary relevance.","No current formal academic blocker identified; later language/test/supervisor requirements are execution items, not Gate-1 blockers.",Carry to Gate 2 funding and later profile-differentiation/PI audit.,https://medicine.nus.edu.sg/graduatestudies/education/msc-in-biomedical-informatics/
AS-SG-009,D2-AS-009,National University of Singapore,MSc Precision Health and Medicine x AI - Capstone,Likely,medium-high,researchers bioinformaticians and data analysts are named target profiles; exact engineering entry needs audit,"Four-year Mechatronics degree with strong mathematics/programming/engineering foundation; substantial R&D across physiological signals, medical imaging and genomics strengthens interdisciplinary relevance.","No current formal academic blocker identified; later language/test/supervisor requirements are execution items, not Gate-1 blockers.",Carry to Gate 2 funding and later profile-differentiation/PI audit.,https://medicine.nus.edu.sg/graduatestudies/education/msc-in-precision-health-and-medicine/
AS-TW-009,D2-AS-012,National Tsing Hua University,Institute of Bioinformatics and Structural Biology,Conditional-high-risk,medium,"International MS exists, but engineering-to-Bioinformatics/Structural Biology formal entry rules remain unclear.","Four-year Mechatronics degree with strong mathematics/programming/engineering foundation; substantial R&D across physiological signals, medical imaging and genomics strengthens interdisciplinary relevance.",Research experience fits computational side; structural-biology emphasis may create hidden prerequisites.,Verify current international admission guide and advisor expectations.,https://apply.nthu.edu.tw/en/department/48-bioinformatics-and-structural-biology
AS-TW-010,D2-AS-013,National Yang Ming Chiao Tung University,Institute of Bioinformatics and Systems Biology,Conditional-high-risk,medium,International route exists but programme-specific prerequisites are not yet explicit in the captured source.,"Four-year Mechatronics degree with strong mathematics/programming/engineering foundation; substantial R&D across physiological signals, medical imaging and genomics strengthens interdisciplinary relevance.",GeneStory makes substantive fit plausible.,Verify central NYCU guide and institute-specific degree requirements.,https://ceb.nycu.edu.tw/en/bse/
AS-HK-007,D2-AS-014,HKUST,MSc Biomolecular Engineering and Health Informatics,Likely,medium-high,"2027/28 admission accepts Bachelor's degrees in biomolecular engineering, health informatics, chemical/bio/biomedical engineering, biotechnology, materials, chemistry, physics, polymer science, bioinformatics, computer science, or a related area.","Four-year Mechatronics degree with strong mathematics/programming/engineering foundation; substantial R&D across physiological signals, medical imaging and genomics strengthens interdisciplinary relevance.","Mechatronics is not named, but Mechatronics plus physiological-sensing, medical-imaging and genomics R&D provides a credible related-area case; no hard prerequisite-credit basket is published.",Carry to Gate 2; present the interdisciplinary engineering/biological-data trajectory clearly.,https://prog-crs.hkust.edu.hk/pgprog/2027-28/msc-behi
EU-IT-008,D2-EU-014,University of Trento,Quantitative and Computational Biology,Unlikely,high,"Non-EU applicants need formal curricular credits including at least 12 ECTS biology/chemistry sectors with at least 6 ECTS biology, plus quantitative/physics sectors.",Current canonical transcript does not show the published hard prerequisite basket.,Quantitative side is strong; transcript lacks the published biology-credit basket.,Formal mismatch unless course-by-course review identifies qualifying biology credits.,https://corsi.unitn.it/en/quantitative-and-computational-biology
EU-IT-009,D2-EU-015,University of Milan,Quantitative Biology,Unlikely,high,Current admission rules require at least 12 CFU in biological disciplines in addition to the programme's quantitative preparation expectations.,"Four-year Mechatronics degree with strong mathematics/programming/engineering foundation; substantial R&D across physiological signals, medical imaging and genomics strengthens interdisciplinary relevance.",The canonical transcript does not show 12 formal biology credits.,Drop from Gate 1 unless the transcript audit identifies the required biological credits.,https://www.unimi.it/en/education/master-programme/quantitative-biology
EU-FR-004,D2-EU-016,Universite Paris-Saclay,Bioinformatics / Computational Biology - GENIOMHE-AI,Conditional-high-risk,medium,Engineering entrants are possible but M1 expects both biology and informatics competencies.,"Four-year Mechatronics degree with strong mathematics/programming/engineering foundation; substantial R&D across physiological signals, medical imaging and genomics strengthens interdisciplinary relevance.",GeneStory supplies biological-domain experience; transcript-level biology remains limited.,Map admission competencies and determine whether professional experience is accepted.,https://www.universite-paris-saclay.fr/en/education/masters-degree/bioinformatics/computational-biology/m1-genomics-informatics-mathematics-and-artificial-intelligence-health-and-environment-geniomhe
EU-DE-011,D2-EU-017,Freie Universitat Berlin,Bioinformatics,Unlikely,high,"Requires 25 CP CS (including programming and algorithms), 25 CP math/statistics, and 25 CP biology/chemistry/biochemistry including molecular biology/genetics; no conditional admission.",Current canonical transcript does not show the published hard prerequisite basket.,"Math is plausible, but formal CS algorithms and especially 25 CP biology/chemistry are not present.",Drop as formal mismatch.,https://www.osa.fu-berlin.de/bioinformatics_msc/en/apply/admission_requirements/index.html
NA-CA-004,D2-CA-004,University of Guelph,MSc Bioinformatics,Likely,medium-high,"accepts life, physical, statistical, mathematical and computational-science backgrounds; minimum B/75% in final two years","Four-year Mechatronics degree with strong mathematics/programming/engineering foundation; substantial R&D across physiological signals, medical imaging and genomics strengthens interdisciplinary relevance.","No current formal academic blocker identified; later language/test/supervisor requirements are execution items, not Gate-1 blockers.",Carry to Gate 2 funding and later profile-differentiation/PI audit.,https://www.uoguelph.ca/bioinformatics/node/408
NA-CA-005,D2-CA-005,McGill University,MSc Computer Science (Thesis) - Bioinformatics,Conditional-high-risk,medium,McGill CS MSc expects at least a strong undergraduate CS minor; professional programming cannot replace formal coursework.,"Four-year Mechatronics degree with strong mathematics/programming/engineering foundation; substantial R&D across physiological signals, medical imaging and genomics strengthens interdisciplinary relevance.",Transcript has programming/AI but not a clearly equivalent CS minor including core systems/theory.,Keep only as high-risk technical-degree route.,https://www.mcgill.ca/gradapplicants/program/computer-science-msc
NA-CA-006,D2-CA-006,Simon Fraser University,MSc Computing Science - thesis with Computational Biology research,Conditional-high-risk,medium,"Exceptional non-CS applicants must demonstrate third-year competence in OS, data structures/algorithms and databases.","Four-year Mechatronics degree with strong mathematics/programming/engineering foundation; substantial R&D across physiological signals, medical imaging and genomics strengthens interdisciplinary relevance.",Current transcript does not clearly show those three formal CS areas.,High-risk unless syllabi prove equivalent coursework.,https://www.sfu.ca/fas/study/future-graduates/programs/master-science-thesis.html
NA-CA-007,D2-CA-007,University of Alberta,MSc Computing Science - thesis with Bioinformatics / Multi-omics research,Conditional-high-risk,medium,Degree should be similar to CS; related disciplines may be admitted if deficiencies are bridgeable.,"Four-year Mechatronics degree with strong mathematics/programming/engineering foundation; substantial R&D across physiological signals, medical imaging and genomics strengthens interdisciplinary relevance.",Mechatronics has programming/AI but formal CS breadth is uncertain.,Audit Alberta CS prerequisite equivalence before prioritising.,https://www.ualberta.ca/en/computing-science/graduate-studies/financial-support-and-awards/index.html
AU-008,D2-AU-005,Monash University,Master of Data Science - Research Stream with computational-biology thesis,Likely,medium-high,engineering can enter; research stream requires strong in-course performance including >=80% across level-5 units and >=75% in research methods under current map,"Four-year Mechatronics degree with strong mathematics/programming/engineering foundation; substantial R&D across physiological signals, medical imaging and genomics strengthens interdisciplinary relevance.","No current formal academic blocker identified; later language/test/supervisor requirements are execution items, not Gate-1 blockers.",Carry to Gate 2 funding and later profile-differentiation/PI audit.,https://www.monash.edu/study/courses/find-a-course/data-science-c6004?international=true
EU-UK-004,D2-UK-004,Imperial College London,Biomedical Engineering - Computational Bioengineering,Likely,medium-high,"minimum 2:1 in Engineering, Physical Sciences or Mathematics; unusually clean entry signal for Mechatronics","Four-year Mechatronics degree with strong mathematics/programming/engineering foundation; substantial R&D across physiological signals, medical imaging and genomics strengthens interdisciplinary relevance.","No current formal academic blocker identified; later language/test/supervisor requirements are execution items, not Gate-1 blockers.",Carry to Gate 2 funding and later profile-differentiation/PI audit.,https://www.imperial.ac.uk/study/courses/postgraduate-taught/biomedical-engineering-computational/
EU-UK-005,D2-UK-005,Imperial College London,Biomedical Research - Data Science,Likely,medium-high,2:1 in an appropriate subject; exact Mechatronics suitability requires Gate 1,"Four-year Mechatronics degree with strong mathematics/programming/engineering foundation; substantial R&D across physiological signals, medical imaging and genomics strengthens interdisciplinary relevance.","No current formal academic blocker identified; later language/test/supervisor requirements are execution items, not Gate-1 blockers.",Carry to Gate 2 funding and later profile-differentiation/PI audit.,https://www.imperial.ac.uk/study/courses/postgraduate-taught/data-science/
EU-UK-006,D2-UK-006,University College London,Health Data Science,Likely,medium-high,upper second in clinical/scientific discipline with significant computational or mathematical element; Mechatronics is plausibly relevant but must be confirmed,"Four-year Mechatronics degree with strong mathematics/programming/engineering foundation; substantial R&D across physiological signals, medical imaging and genomics strengthens interdisciplinary relevance.","No current formal academic blocker identified; later language/test/supervisor requirements are execution items, not Gate-1 blockers.",Carry to Gate 2 funding and later profile-differentiation/PI audit.,https://www.ucl.ac.uk/study/prospective-students/graduate/courses/health-data-science-msc
EU-ES-002,D2-EU-018,URV / UPC / UB / UAB / UdG / UdL / UVic / Universite Grenoble Alpes,Health Data Science,Likely,medium-high,designed for scientific and technical graduates including engineering; strong math/programming expected,"Four-year Mechatronics degree with strong mathematics/programming/engineering foundation; substantial R&D across physiological signals, medical imaging and genomics strengthens interdisciplinary relevance.","No current formal academic blocker identified; later language/test/supervisor requirements are execution items, not Gate-1 blockers.",Carry to Gate 2 funding and later profile-differentiation/PI audit.,https://www.urv.cat/en/studies/master/courses/health-data-science/
NA-US-001,D2-US-001,Johns Hopkins University,Biomedical Engineering MSE - Biomedical Data Science / Computational Medicine / Genomics & Systems Biology,Likely,medium-high,"A Bachelor's degree in engineering or basic science is preferred. Balanced preparation in mathematics, physics, chemistry and biology is expected, but admitted students with deficiencies may complete additional coursework.","Four-year Mechatronics degree with strong mathematics/programming/engineering foundation; substantial R&D across physiological signals, medical imaging and genomics strengthens interdisciplinary relevance.","Formal biology/chemistry preparation is thinner than ideal, but the published policy permits deficiency coursework rather than making those subjects an absolute admission blocker.",Carry to Gate 2; later evaluate competitiveness and cost separately.,https://www.bme.jhu.edu/academics/graduate/masters-programs/masters-program/
NA-US-002,D2-US-002,University of Illinois Urbana-Champaign,MS Bioengineering - Computational and Systems Bioengineering,Likely,medium-high,"engineering, computer science or natural science accepted; minimum 3.0 and strong quantitative skills/life-science interest","Four-year Mechatronics degree with strong mathematics/programming/engineering foundation; substantial R&D across physiological signals, medical imaging and genomics strengthens interdisciplinary relevance.","No current formal academic blocker identified; later language/test/supervisor requirements are execution items, not Gate-1 blockers.",Carry to Gate 2 funding and later profile-differentiation/PI audit.,https://bioengineering.illinois.edu/academics/graduate/ms
NA-US-003,D2-US-003,University of Pennsylvania,Bioengineering MSE - Biomedical Data Science and Computational Medicine,Likely,medium-high,engineering/science applicants are the natural pool; exact Mechatronics course requirements need Gate 1,"Four-year Mechatronics degree with strong mathematics/programming/engineering foundation; substantial R&D across physiological signals, medical imaging and genomics strengthens interdisciplinary relevance.","No current formal academic blocker identified; later language/test/supervisor requirements are execution items, not Gate-1 blockers.",Carry to Gate 2 funding and later profile-differentiation/PI audit.,https://catalog.upenn.edu/graduate/programs/bioengineering-mse/
NA-US-004,D2-US-004,Clemson University / MUSC,Biomedical Data Science and Informatics,Unlikely,high,Requires one year of college biology in addition to calculus and programming.,Current canonical transcript does not show the published hard prerequisite basket.,No clear year-long formal biology sequence is present.,Drop unless transcript contains the required biology sequence.,https://www.clemson.edu/cecas/departments/computing/academics/graduates/degrees/ms-bdsi.html
NA-US-005,D2-US-005,University of Kansas,MS Bioengineering - Computational Bioengineering,Likely,medium-high,engineering degree is a strong fit; minimum 3.0 and research fit emphasized,"Four-year Mechatronics degree with strong mathematics/programming/engineering foundation; substantial R&D across physiological signals, medical imaging and genomics strengthens interdisciplinary relevance.","No current formal academic blocker identified; later language/test/supervisor requirements are execution items, not Gate-1 blockers.",Carry to Gate 2 funding and later profile-differentiation/PI audit.,https://catalog.ku.edu/engineering/interdisciplinary-engineering-programs/ms-bioengineering/
AU-009,D2-AU-006,Queensland University of Technology,Master of Data Science - Biomedical Data Science specialisation,Likely,medium-high,2-year route accepts recognised Bachelor in any discipline with minimum QUT GPA 4/7,"Four-year Mechatronics degree with strong mathematics/programming/engineering foundation; substantial R&D across physiological signals, medical imaging and genomics strengthens interdisciplinary relevance.","No current formal academic blocker identified; later language/test/supervisor requirements are execution items, not Gate-1 blockers.",Carry to Gate 2 funding and later profile-differentiation/PI audit.,https://www.qut.edu.au/courses/master-of-data-science
AS-JP-005,D2-AS-015,The University of Osaka,Bioinformatic Engineering,Conditional-high-risk,medium,"A concrete information-science route exists, but 2027 reorganisation and English-route mechanics are not yet clean; most ordinary courses are Japanese.","Four-year Mechatronics degree with strong mathematics/programming/engineering foundation; substantial R&D across physiological signals, medical imaging and genomics strengthens interdisciplinary relevance.","Bachelor-level eligibility is plausible, but an actionable English Master's route must be confirmed.",Verify 2027 English special-course/lab eligibility before treating as actionable.,https://www.ist.osaka-u.ac.jp/english/examinees/education/bi-purpose.php
AS-JP-006,D2-AS-016,University of Tsukuba,Life Science Innovation - Bioinformatics,Likely,medium-high,standard foreign Bachelor is sufficient for eligibility; prospective adviser contact required; selection uses English score + research-plan interview,"Four-year Mechatronics degree with strong mathematics/programming/engineering foundation; substantial R&D across physiological signals, medical imaging and genomics strengthens interdisciplinary relevance.","No current formal academic blocker identified; later language/test/supervisor requirements are execution items, not Gate-1 blockers.",Carry to Gate 2 funding and later profile-differentiation/PI audit.,https://tlsi.tsukuba.ac.jp/en/
AS-TW-011,D2-AS-017,Taipei Medical University,Graduate Institute of Biomedical Informatics,Likely,medium-high,international Master's programme in English exists; exact engineering-entry rules need current OGE guide audit,"Four-year Mechatronics degree with strong mathematics/programming/engineering foundation; substantial R&D across physiological signals, medical imaging and genomics strengthens interdisciplinary relevance.","No current formal academic blocker identified; later language/test/supervisor requirements are execution items, not Gate-1 blockers.",Carry to Gate 2 funding and later profile-differentiation/PI audit.,https://gibi.tmu.edu.tw/course/content?id=5&page=1&type=5
AS-TW-012,D2-AS-018,Yuan Ze University,Graduate Program in Biomedical Informatics,Likely,medium-high,programme is promoted by Computer Science & Engineering and integrates Information Management + Mechanical Engineering; exact international entry rules to verify,"Four-year Mechatronics degree with strong mathematics/programming/engineering foundation; substantial R&D across physiological signals, medical imaging and genomics strengthens interdisciplinary relevance.","No current formal academic blocker identified; later language/test/supervisor requirements are execution items, not Gate-1 blockers.",Carry to Gate 2 funding and later profile-differentiation/PI audit.,https://gao.yzu.edu.tw/index.php/en/admissions-2/academic-programs/engineering-2
AS-TW-013,D2-AS-019,National Taiwan University of Science and Technology,Graduate Institute of Biomedical Engineering - AI / Biomedical Informatics,Likely,medium-high,engineering-oriented graduate institute; exact international admission requirements need audit,"Four-year Mechatronics degree with strong mathematics/programming/engineering foundation; substantial R&D across physiological signals, medical imaging and genomics strengthens interdisciplinary relevance.","No current formal academic blocker identified; later language/test/supervisor requirements are execution items, not Gate-1 blockers.",Carry to Gate 2 funding and later profile-differentiation/PI audit.,https://www.be.ntust.edu.tw/p/412-1009-2981.php?Lang=en
ME-SA-001,D2-ME-001,KAUST,Bioengineering - Bioinformatics and Machine Learning,Likely,medium-high,general KAUST MS admission accepts relevant Engineering/Math/Physical/Chemical/Biological Science degrees,"Four-year Mechatronics degree with strong mathematics/programming/engineering foundation; substantial R&D across physiological signals, medical imaging and genomics strengthens interdisciplinary relevance.","No current formal academic blocker identified; later language/test/supervisor requirements are execution items, not Gate-1 blockers.",Carry to Gate 2 funding and later profile-differentiation/PI audit.,https://www.kaust.edu.sa/en/study/biomed/bioengineering
ME-AE-001,D2-ME-002,Mohamed bin Zayed University of Artificial Intelligence,MSc Computational Biology,Likely,medium-high,accepts STEM Bachelor including EE/CE/math/physics/other relevant engineering or science; minimum CGPA 3.0/4.0; GRE optional,"Four-year Mechatronics degree with strong mathematics/programming/engineering foundation; substantial R&D across physiological signals, medical imaging and genomics strengthens interdisciplinary relevance.","No current formal academic blocker identified; later language/test/supervisor requirements are execution items, not Gate-1 blockers.",Carry to Gate 2 funding and later profile-differentiation/PI audit.,https://mbzuai.ac.ae/academics/msc-programs/masters-in-computational-biology
OC-NZ-001,D2-NZ-001,University of Auckland,Master of Engineering in Bioengineering - Research,Likely,medium-high,180-point ME is available for applicants without honours; relevant Bachelor and GPE >=5.0; IELTS 6.5 with no band <6.0 for overseas applicants,"Four-year Mechatronics degree with strong mathematics/programming/engineering foundation; substantial R&D across physiological signals, medical imaging and genomics strengthens interdisciplinary relevance.","No current formal academic blocker identified; later language/test/supervisor requirements are execution items, not Gate-1 blockers.",Carry to Gate 2 funding and later profile-differentiation/PI audit.,https://www.auckland.ac.nz/en/abi/study-with-us/study-options.html
ME-IL-001,D2-IL-001,Tel Aviv University,Biomedical Engineering MSc,Conditional-high-risk,medium,Engineering Bachelor is required and programme publishes a grade threshold/equivalence that needs country-specific interpretation.,"Four-year Mechatronics degree with strong mathematics/programming/engineering foundation; substantial R&D across physiological signals, medical imaging and genomics strengthens interdisciplinary relevance.","Engineering degree and Distinction support the case, but exact UET grade equivalence is unresolved.",Obtain official international-grade conversion/department confirmation.,https://international.tau.ac.il/Biomedical_Engineering_MSc
ME-IL-002,D2-IL-002,Weizmann Institute of Science,Life Sciences MSc - Computational and Systems Biology,Likely,medium-high,"explicitly welcomes students from exact sciences including computer science, mathematics, physics and engineering as well as life sciences","Four-year Mechatronics degree with strong mathematics/programming/engineering foundation; substantial R&D across physiological signals, medical imaging and genomics strengthens interdisciplinary relevance.","No current formal academic blocker identified; later language/test/supervisor requirements are execution items, not Gate-1 blockers.",Carry to Gate 2 funding and later profile-differentiation/PI audit.,https://www.weizmann.ac.il/wsos/admissions/msc-programs/program-life-sciences
ME-IL-003,D2-IL-003,Technion - Israel Institute of Technology,Biomedical Engineering MSc,Conditional-high-risk,medium,Engineering-oriented MSc exists; exact course and grade thresholds for international applicants need confirmation.,"Four-year Mechatronics degree with strong mathematics/programming/engineering foundation; substantial R&D across physiological signals, medical imaging and genomics strengthens interdisciplinary relevance.",Mechatronics is directionally appropriate.,Verify Technion graduate-school threshold and departmental prerequisites.,https://int.technion.ac.il/programs/graduate-school/biomedical-engineering/
NA-CA-008,D2-CA-008,McGill University,MSc Biological and Biomedical Engineering - Thesis,Likely,high,"Engineering applicants need CGPA at least 3.3/4.0 and a university-level general life-science course; applicants missing at most two prerequisites, including the life-science course, may be admitted and make them up in the first year.","Four-year Mechatronics degree with strong mathematics/programming/engineering foundation; substantial R&D across physiological signals, medical imaging and genomics strengthens interdisciplinary relevance.",GPA 3.47/4 clears the published numerical threshold before foreign-grade equivalence; the missing life-science course is explicitly bridgeable after admission.,Carry to Gate 2 and supervisor-fit audit; document relevant GeneStory/Earable biological experience.,https://www.mcgill.ca/gradapplicants/program/biological-and-biomedical-engineering-msc
NA-CA-009,D2-CA-009,University of Toronto,Biomedical Engineering MASc,Likely,medium-high,research MASc admits through BME; supervisor must be secured before admission; current 2027 international rounds published,"Four-year Mechatronics degree with strong mathematics/programming/engineering foundation; substantial R&D across physiological signals, medical imaging and genomics strengthens interdisciplinary relevance.","No current formal academic blocker identified; later language/test/supervisor requirements are execution items, not Gate-1 blockers.",Carry to Gate 2 funding and later profile-differentiation/PI audit.,https://bme.utoronto.ca/prospective-student/admission-to-graduate-studies/
NA-CA-010,D2-CA-010,University of Waterloo,Biomedical Engineering MASc,Likely,medium-high,"four-year engineering or related science degree; current official page lists 75% minimum while BME FAQ lists 80%, so use higher threshold until clarified","Four-year Mechatronics degree with strong mathematics/programming/engineering foundation; substantial R&D across physiological signals, medical imaging and genomics strengthens interdisciplinary relevance.","No current formal academic blocker identified; later language/test/supervisor requirements are execution items, not Gate-1 blockers.",Carry to Gate 2 funding and later profile-differentiation/PI audit.,https://uwaterloo.ca/future-graduate-students/programs/by-faculty/engineering/biomedical-engineering-master-applied-science-masc
NA-CA-011,D2-CA-011,McMaster University,Biomedical Engineering MASc,Likely,medium-high,Honours Bachelor in Engineering/Sciences; anticipated minimum B+ 77-79%; engineering entrants deliberately take Health Sciences coursework,"Four-year Mechatronics degree with strong mathematics/programming/engineering foundation; substantial R&D across physiological signals, medical imaging and genomics strengthens interdisciplinary relevance.","No current formal academic blocker identified; later language/test/supervisor requirements are execution items, not Gate-1 blockers.",Carry to Gate 2 funding and later profile-differentiation/PI audit.,https://www.eng.mcmaster.ca/msbe/degree-options/biomedical-engineering-masc/
EU-CH-004,D2-EU-019,University of Bern,Biomedical Engineering,Likely,medium-high,specialised BME Master explicitly admits students from varied study fields; some modules are especially aligned with engineering/mechatronics backgrounds,"Four-year Mechatronics degree with strong mathematics/programming/engineering foundation; substantial R&D across physiological signals, medical imaging and genomics strengthens interdisciplinary relevance.","No current formal academic blocker identified; later language/test/supervisor requirements are execution items, not Gate-1 blockers.",Carry to Gate 2 funding and later profile-differentiation/PI audit.,https://www.bme.master.unibe.ch/content/prospective_students/index_eng.html
EU-AT-001,D2-EU-020,Graz University of Technology,Biomedical Engineering,Conditional-high-risk,medium,Other degrees undergo equivalence assessment and may receive up to 22 ECTS supplementary courses.,"Four-year Mechatronics degree with strong mathematics/programming/engineering foundation; substantial R&D across physiological signals, medical imaging and genomics strengthens interdisciplinary relevance.","Mechatronics is closely related and should map well, but supplement burden is unknown.",Map TU Graz equivalence; acceptable if supplements remain modest.,https://www.tugraz.at/en/studying-and-teaching/degree-and-certificate-programmes/masters-degree-programmes/biomedical-engineering
EU-AT-002,D2-EU-021,TU Wien + Medical University of Vienna,Medical Informatics,Conditional-high-risk,medium,"Requires 15 ECTS math/statistics, 25 ECTS algorithms/data structures/programming, and 15 ECTS CS foundations; at most 30 ECTS supplementary exams can be imposed.","Four-year Mechatronics degree with strong mathematics/programming/engineering foundation; substantial R&D across physiological signals, medical imaging and genomics strengthens interdisciplinary relevance.",Math likely maps; the 40 ECTS CS requirement is not clearly met by the transcript.,High-risk: exact CS-credit mapping determines whether gaps fit inside the 30-ECTS supplement ceiling.,https://www.meduniwien.ac.at/web/en/studies-further-education/medical-informatics-masters-programme/
EU-IE-001,D2-EU-022,University of Galway,Health Data Science,Likely,medium-high,"explicitly welcomes engineering, computing, statistics, mathematics and many other backgrounds; requires at least one introductory statistics module","Four-year Mechatronics degree with strong mathematics/programming/engineering foundation; substantial R&D across physiological signals, medical imaging and genomics strengthens interdisciplinary relevance.","No current formal academic blocker identified; later language/test/supervisor requirements are execution items, not Gate-1 blockers.",Carry to Gate 2 funding and later profile-differentiation/PI audit.,https://www.universityofgalway.ie/science-engineering/postgraduateprogrammes/international-masters/health-data-science.html
EU-IE-002,D2-EU-023,Trinity College Dublin,Biomedical Engineering,Likely,medium-high,primarily aimed at mechanical/electrical engineers and related technical graduates; assumes engineering mathematics and programming,"Four-year Mechatronics degree with strong mathematics/programming/engineering foundation; substantial R&D across physiological signals, medical imaging and genomics strengthens interdisciplinary relevance.","No current formal academic blocker identified; later language/test/supervisor requirements are execution items, not Gate-1 blockers.",Carry to Gate 2 funding and later profile-differentiation/PI audit.,https://www.tcd.ie/biomedicalengineering/education/msc/faq/
NA-CA-012,D2-CA-012,University of Alberta,Biomedical Engineering MSc - thesis,Likely,medium-high,minimum GPA 3.3 in last two years; research advisor required; coursework is adapted to undergraduate background,"Four-year Mechatronics degree with strong mathematics/programming/engineering foundation; substantial R&D across physiological signals, medical imaging and genomics strengthens interdisciplinary relevance.","No current formal academic blocker identified; later language/test/supervisor requirements are execution items, not Gate-1 blockers.",Carry to Gate 2 funding and later profile-differentiation/PI audit.,https://www.ualberta.ca/en/graduate-programs/master-of-science-biomedical-engineering.html
NA-CA-013,D2-CA-013,University of Ottawa + Carleton University,Biomedical Engineering MASc - Bioinformatics specialization,Likely,medium-high,"joint institute draws from Mechanical Engineering, EECS, Systems & Computer Engineering, CS and Physics; exact GPA/background gate needs later audit","Four-year Mechatronics degree with strong mathematics/programming/engineering foundation; substantial R&D across physiological signals, medical imaging and genomics strengthens interdisciplinary relevance.","No current formal academic blocker identified; later language/test/supervisor requirements are execution items, not Gate-1 blockers.",Carry to Gate 2 funding and later profile-differentiation/PI audit.,https://www.uottawa.ca/faculty-engineering/graduate-studies/programs/biomedical-engineering
NA-CA-014,D2-CA-014,Dalhousie University,Biomedical Engineering MASc,Likely,medium-high,research programme jointly spans Medicine and Engineering; students with deficiencies can be assigned appropriate foundation courses,"Four-year Mechatronics degree with strong mathematics/programming/engineering foundation; substantial R&D across physiological signals, medical imaging and genomics strengthens interdisciplinary relevance.","No current formal academic blocker identified; later language/test/supervisor requirements are execution items, not Gate-1 blockers.",Carry to Gate 2 funding and later profile-differentiation/PI audit.,https://www.dal.ca/faculty/school-biomedical-engineering/education/FundingOpportunities.html
EU-CH-005,D2-EU-024,University of Basel + FHNW,Joint MSc Biomedical Engineering,Likely,medium-high,"explicitly designed for diverse backgrounds; engineering degrees including electrical, mechanical and systems engineering are admitted; biomedical or engineering basics are assigned according to prior training","Four-year Mechatronics degree with strong mathematics/programming/engineering foundation; substantial R&D across physiological signals, medical imaging and genomics strengthens interdisciplinary relevance.","No current formal academic blocker identified; later language/test/supervisor requirements are execution items, not Gate-1 blockers.",Carry to Gate 2 funding and later profile-differentiation/PI audit.,https://dbe.unibas.ch/en/education/msc-in-biomedical-engineering/
AS-JP-007,D2-AS-020,Hokkaido University,Course of Bioengineering and Bioinformatics - Graduate School of Information Science and Technology,Conditional-high-risk,medium,"Course is highly aligned, but current international Master's entrance route/language mechanics are not yet fully verified.","Four-year Mechatronics degree with strong mathematics/programming/engineering foundation; substantial R&D across physiological signals, medical imaging and genomics strengthens interdisciplinary relevance.",Engineering/information-science background is plausible.,Verify Hokkaido international admission and English completion path.,https://www.ist.hokudai.ac.jp/eng/divisions/bioinfo/
AS-JP-008,D2-AS-021,Nara Institute of Science and Technology (NAIST),Program of Computational Biology,Likely,medium-high,foreign 16-year Bachelor route is explicitly eligible; prospective laboratory assignment is required before application,"Four-year Mechatronics degree with strong mathematics/programming/engineering foundation; substantial R&D across physiological signals, medical imaging and genomics strengthens interdisciplinary relevance.","No current formal academic blocker identified; later language/test/supervisor requirements are execution items, not Gate-1 blockers.",Carry to Gate 2 funding and later profile-differentiation/PI audit.,https://www.naist.jp/en/education_research/science_technology/education_programs/cb.html
AS-JP-009,D2-AS-022,Kyushu University,Graduate School of Systems Life Sciences - Bioinformatics / Life Engineering,Likely,medium-high,Graduate School of Systems Life Sciences offers an international course in which the degree can be completed entirely in English; normal foreign-Bachelor eligibility applies through the international admissions route.,"Four-year Mechatronics degree with strong mathematics/programming/engineering foundation; substantial R&D across physiological signals, medical imaging and genomics strengthens interdisciplinary relevance.","Track/lab selection still matters, but there is no current hard academic mismatch identified.",Carry to Gate 2 and later PI/lab audit.,https://www.isc.kyushu-u.ac.jp/graduate/voices/sls/
AS-JP-010,D2-AS-023,Kyoto University,Systems Science - Graduate School of Informatics,Unlikely,high,"Kyoto Systems Science has a regular Master's route, but the university's current language table shows the general Systems Science Master's is primarily Japanese; the English international Master's route is attached to other courses, not clearly Systems Science.","Four-year Mechatronics degree with strong mathematics/programming/engineering foundation; substantial R&D across physiological signals, medical imaging and genomics strengthens interdisciplinary relevance.",The research fit is excellent but a fully English Systems Science degree route is not currently established.,Drop from the actionable universe unless a specific English Systems Science route/lab is confirmed for the target intake.,https://www.sys.i.kyoto-u.ac.jp/en/
AS-JP-011,D2-AS-024,Kyushu Institute of Technology (Kyutech),Biomedical Informatics Course - Graduate School of Computer Science and Systems Engineering,Likely,high,Kyutech's 2027 international Master's route accepts applicants who completed 16 years of education or hold an eligible foreign Bachelor's degree; selection uses written exam/interview/transcript and desired-supervisor contact.,"Four-year Mechatronics degree with strong mathematics/programming/engineering foundation; substantial R&D across physiological signals, medical imaging and genomics strengthens interdisciplinary relevance.","Entrance examination and supervisor contact are execution steps, not formal academic blockers.",Carry to Gate 2; later audit English-course completeness and funding.,https://www.kyutech.ac.jp/english/academics/csse/
AS-KR-006,D2-AS-025,UNIST,Biomedical Engineering MS,Likely,medium-high,BME MS is explicitly interdisciplinary; all lectures are conducted in English and faculty contact is strongly recommended,"Four-year Mechatronics degree with strong mathematics/programming/engineering foundation; substantial R&D across physiological signals, medical imaging and genomics strengthens interdisciplinary relevance.","No current formal academic blocker identified; later language/test/supervisor requirements are execution items, not Gate-1 blockers.",Carry to Gate 2 funding and later profile-differentiation/PI audit.,https://bme.unist.ac.kr/eng/graduate/
AU-010,D2-AU-007,Queensland University of Technology,Master of Biomedical Systems and Technology,Likely,medium-high,explicitly designed for four-year Engineering degrees including Mechatronics; minimum QUT GPA 4/7,"Four-year Mechatronics degree with strong mathematics/programming/engineering foundation; substantial R&D across physiological signals, medical imaging and genomics strengthens interdisciplinary relevance.","No current formal academic blocker identified; later language/test/supervisor requirements are execution items, not Gate-1 blockers.",Carry to Gate 2 funding and later profile-differentiation/PI audit.,https://www.qut.edu.au/courses/master-of-biomedical-systems-and-technology
AU-011,D2-AU-008,University of Sydney,Master of Digital Health and Data Science,Likely,medium-high,engineering is explicitly a cognate discipline; Bachelor-equivalent plus credit average/work experience routes exist,"Four-year Mechatronics degree with strong mathematics/programming/engineering foundation; substantial R&D across physiological signals, medical imaging and genomics strengthens interdisciplinary relevance.","No current formal academic blocker identified; later language/test/supervisor requirements are execution items, not Gate-1 blockers.",Carry to Gate 2 funding and later profile-differentiation/PI audit.,https://cusp.sydney.edu.au/students/view-degree-page/dvid/7108
AU-012,D2-AU-009,Monash University,Master of Health Data Analytics,Likely,medium-high,Bachelor in any field with current minimum around 60%; broad entry makes formal admission clean,"Four-year Mechatronics degree with strong mathematics/programming/engineering foundation; substantial R&D across physiological signals, medical imaging and genomics strengthens interdisciplinary relevance.","No current formal academic blocker identified; later language/test/supervisor requirements are execution items, not Gate-1 blockers.",Carry to Gate 2 funding and later profile-differentiation/PI audit.,https://www.monash.edu/study/courses/find-a-course/health-data-analytics-m6036
EU-DE-012,D2-EU-026,University of Tübingen,Medical Informatics,Unlikely,high,"Admission is for Medical Informatics or comparable fields such as bioinformatics, computational biology or computer science; applicants outside a comparable field may fall into a variant requiring German C1 in addition to English B2.","Four-year Mechatronics degree with strong mathematics/programming/engineering foundation; substantial R&D across physiological signals, medical imaging and genomics strengthens interdisciplinary relevance.","Mechatronics is not clearly within the published comparable-field examples, and the German C1 requirement creates a material formal/language barrier for the current plan.",Drop unless the programme confirms Mechatronics qualifies for the English-only comparable-field route or German C1 becomes realistic.,https://uni-tuebingen.de/en/study/finding-a-course/degree-programs-available/detail/course/medical-informatics-master/
EU-FR-005,D2-EU-027,Université Grenoble Alpes,Health Engineering - BioHealth Engineering,Conditional-high-risk,medium,Programme accepts varied quantitative backgrounds by committee but has meaningful biology/biotech content.,"Four-year Mechatronics degree with strong mathematics/programming/engineering foundation; substantial R&D across physiological signals, medical imaging and genomics strengthens interdisciplinary relevance.","Engineering profile may qualify, but biology depth could matter.",Verify committee criteria and whether Mechatronics is routinely admitted.,https://formations.univ-grenoble-alpes.fr/fr/catalogue-2021/master-XB/master-ingenierie-de-la-sante-IAQKSXOB/parcours-biohealth-engineering-1st-year-MA28LBNP.html
AF-ZA-001,D2-AF-001,University of Cape Town,MSc Computational Health Informatics,Likely,medium-high,"minimum 65% at Honours/equivalent four-year level; suitable disciplines explicitly include engineering, CS, statistics, biology, genetics, epidemiology and bioinformatics","Four-year Mechatronics degree with strong mathematics/programming/engineering foundation; substantial R&D across physiological signals, medical imaging and genomics strengthens interdisciplinary relevance.","No current formal academic blocker identified; later language/test/supervisor requirements are execution items, not Gate-1 blockers.",Carry to Gate 2 funding and later profile-differentiation/PI audit.,https://health.uct.ac.za/human-genetics/teaching/Msc_CHIP
AF-ZA-002,D2-AF-002,University of Cape Town,MSc Biomedical Engineering,Likely,medium-high,explicitly requires a four-year Engineering degree or Honours in mathematical/physical/computer sciences,"Four-year Mechatronics degree with strong mathematics/programming/engineering foundation; substantial R&D across physiological signals, medical imaging and genomics strengthens interdisciplinary relevance.","No current formal academic blocker identified; later language/test/supervisor requirements are execution items, not Gate-1 blockers.",Carry to Gate 2 funding and later profile-differentiation/PI audit.,https://health.uct.ac.za/biomedical-engineering/programmes/biomedical-engineering
LA-BR-001,D2-LA-001,University of São Paulo (USP),MSc Bioengineering - Health Technology research line,Conditional-high-risk,medium,"2027 selection exists, but foreign-degree recognition, Portuguese requirements and programme-specific eligibility are not yet fully captured.","Four-year Mechatronics degree with strong mathematics/programming/engineering foundation; substantial R&D across physiological signals, medical imaging and genomics strengthens interdisciplinary relevance.",Engineering background is relevant to Bioengineering.,Verify foreign applicant rules and language before calling direct entry.,https://bioeng.eesc.usp.br/linhas_de_pesquisa/tecnologia-em-saude/
