id,country,university,program,degree_type,duration,fit_category,eligibility,status_2027,funding_class,verification,notes,source
EU-FI-001,Finland,Aalto University,Health Technology Engineering,MSc,2 years,health systems; signals; sensing,Likely,upcoming,full tuition possible; living self-funded,verified,"Mechatronics explicitly relevant; strong systems/signal fit",https://www.aalto.fi/en/study-options/health-technology-engineering-master-of-science-technology
EU-FI-002,Finland,University of Oulu,Biomedical Engineering,MSc,2 years,biosignals; sensors; medical data,Likely,upcoming,structurally lower tuition; partial waivers,verified,"Strong signal-processing and sensing curriculum",https://www.oulu.fi/en/apply/masters-biomedical-engineering
EU-FI-003,Finland,Tampere University,Biomedical Informatics - Biomedical Sciences and Engineering,MSc,2 years,biomedical informatics; genomics/data,Conditional-likely,upcoming,partial tuition scholarship,partial,"Keeps genomics optionality; funding weaker",https://www.tuni.fi/en/study-with-us/biomedical-sciences-and-engineering
EU-FI-004,Finland,Tampere University,Biomedical Micro- and Nanodevices - Biomedical Sciences and Engineering,MSc,2 years,biosensing; devices,Likely,upcoming,partial tuition scholarship,partial,"Device/sensing branch for Mechatronics",https://www.tuni.fi/en/study-with-us/biomedical-sciences-and-engineering
EU-SE-001,Sweden,Chalmers University of Technology,Biomedical Engineering,MSc,2 years,biosignals; sensing; translational BME,Conditional,upcoming,SI if eligible; Chalmers partial scholarships,verified,"Formal Signals and Systems prerequisite must be resolved",https://www.chalmers.se/en/education/find-masters-programme/biomedical-engineering-msc/
EU-SE-002,Sweden,KTH Royal Institute of Technology,Medical Engineering,MSc,2 years,medical engineering; electronics; systems,Conditional,upcoming,full tuition scholarship possible; living self-funded,verified,"Strong technical-backbone x biomedical-domain architecture",https://www.kth.se/en/studies/master/medical-engineering
EU-SE-003,Sweden,KTH Royal Institute of Technology,Systems Control and Robotics,MSc,2 years,systems; control; estimation,Likely,upcoming,full tuition scholarship possible; living self-funded,verified,"Methods-first control option with biomedical thesis potential",https://www.kth.se/en/studies/master/systems-control-robotics
EU-NL-001,Netherlands,University of Twente,Biomedical Engineering - Physiological Signals and Systems,MSc,2 years,physiological signals; system identification,Conditional-high-risk,upcoming,partial scholarship,verified,"Excellent research fit; Mechatronics eligibility needs admissions confirmation",https://www.utwente.nl/en/education/master/programmes/biomedical-engineering/specialisation/physiological-signals-systems/
EU-NL-002,Netherlands,TU Delft,Biomedical Engineering - Medical Devices,MSc,2 years,medical devices; bioelectronics; signal processing,Conditional-likely,upcoming,departmental full/partial scholarship routes,verified,"Medical Devices includes biomedical microsystems sensors estimation/detection; Microelectronics department confirms some scholarships cover full MSc tuition plus living contribution for 2 years; exact 2027 named award details still need audit",https://bioelectronics.tudelft.nl/Education/detail.php?ti=27
EU-NL-003,Netherlands,TU Delft,Electrical Engineering - Signals Networking and Sensing,MSc,2 years,signal processing; systems; sensing,Likely,upcoming,departmental full/partial scholarship routes,verified,"Methods-first option with Statistical Digital Signal Processing Estimation and Detection Bayesian ML Sparse Signal Processing plus biomedical applications; Microelectronics department confirms full/partial scholarships exist",https://sps.ewi.tudelft.nl/Education/detail.php?ti=53
EU-NL-004,Netherlands,Eindhoven University of Technology,Biomedical Engineering,MSc,2 years,research-oriented BME; modelling; imaging,Unknown,TBA,funding audit pending,partial,"Research ecosystem verified; admission/funding pages still to audit",https://research.tue.nl/en/organisations/biomedical-engineering/
EU-DE-001,Germany,University of Freiburg,Microsystems Engineering - Biomedical Engineering concentration,MSc,2 years,microsystems; biomedical sensing; circuits,Likely,upcoming,low-tuition self-fund,verified,"Explicitly accepts Mechatronics; EUR 1690/semester for non-EU; thesis in research group",https://www.tf.uni-freiburg.de/en/study-programs/microsystem-engineering/m-sc-microsystems-engineering-en
EU-DE-002,Germany,Heidelberg University,Biomedical Engineering,MSc,2 years,biomedical engineering; medical physics,Conditional-likely,upcoming,low-tuition self-fund,verified,"English 4-semester MSc; non-EU consecutive Master students generally pay EUR 1500/semester plus semester fees; living estimate at least EUR 992/month",https://www.uni-heidelberg.de/en/study/all-subjects/biomedical-engineering/biomedical-engineering-master
EU-DE-003,Germany,Technical University of Munich,Biomedical Engineering and Medical Physics,MSc,2 years,biosensors; imaging; medical physics,Conditional-likely,upcoming,tuition with waiver possibilities,partial,"Strong research but more physics/modality-heavy",https://www.tum.de/en/studies/degree-programs/detail/biomedical-engineering-and-medical-physics-master-of-science-msc
EU-DK-001,Denmark,Technical University of Denmark,Biomedical Engineering,MSc,2 years,biosignals; wearables; biomedical systems,Unlikely,upcoming,limited full tuition waivers,verified,"Formal chemistry/biology/BME ECTS appear to be a hard risk",https://www.dtu.dk/english/education/graduate/msc-programmes/biomedical-engineering
EU-BE-001,Belgium,KU Leuven,Biomedical Engineering,MSc,2 years,broad BME; bioinformatics option,Conditional-high-risk,upcoming,Master Mind / KU Leuven ASEAN / faculty fee waiver,verified,"Vietnam is eligible for KU Leuven ASEAN Scholarship; BME was Master Mind-eligible in 2026/27; preparatory-program admission would make Master Mind ineligible",https://onderwijsaanbod.kuleuven.be/opleidingen/e/SC_55911729.htm
EU-BE-002,Belgium,Ghent University,Biomedical Engineering,MSc,2 years,broad BME; neuro-engineering; sensors,Conditional-high-risk,upcoming,Master Mind possible; preparatory-program risk,verified,"International BSc Engineering applicants may be admitted only via preparatory programme after assessment; GRE Quantitative is mandatory from 2025/26 onward; Master Mind requires strong GPA and coordinator preselection",https://www.ugent.be/ea/bme/en/international-prospective-students.htm
EU-FR-001,France,Grenoble INP - UGA,Signal and Image Processing - SIGMA,National Master,2 years,signals; systems; inverse problems; biomedical applications,Not-actionable,not actionable 2027,Eiffel possible in eligible cycles; public-university fee structure,verified,"Methodological fit is excellent, but official page says M1 does not open in 2026 and M2 does not open in 2027",https://www.grenoble-inp.fr/en/academics/master-tsi-parcours-signal-image-processing-methods-and-applications-sigma
EU-IT-001,Italy,Politecnico di Milano,Biomedical Engineering,MSc,2 years,information bioengineering; electronic technologies,Likely,upcoming,merit scholarships; DSU; Invest Your Talent in Italy,verified,"2026/27 IYT course list explicitly includes Biomedical Engineering; Polimi merit awards include full tuition waiver and some allowances up to EUR 10000/year; DSU is a separate need-based route",https://www.polimi.it/en/education/laurea-magistrale-programmes/programme-detail/biomedical-engineering
EU-IT-002,Italy,University of Bologna,Biomedical Engineering - Biomedical Engineering for Neuroscience,MSc,2 years,BME; neuroscience,Conditional-likely,upcoming,ER.GO need-based support,verified,"English 120-ECTS degree; ER.GO 2026/27 offered off-site awards up to EUR 7171.11 with income-based scaling plus tuition-exemption route; foreign-income documents must be translated/legalized",https://www.unibo.it/en/study/second-cycle-degree/programme/2026/6705
EU-CH-001,Switzerland,ETH Zurich,Biomedical Engineering,MSc,2 years,bioelectronics; sensing; research,Conditional-high-risk,actionable,ESOP full tuition + living support,verified,"Moonshot; non-EU applicants need current GRE requirements checked carefully",https://master-biomed.ethz.ch/
EU-CH-002,Switzerland,EPFL,Life Sciences Engineering,MSc,2 years,neuroengineering; biological data science; genomics,Conditional-high-risk,actionable,EPFL Excellence Fellowship partial/substantial,verified,"Excellent optionality; formal life-science foundation is the main risk",https://www.epfl.ch/education/master/programs/life-sciences-engineering/
AS-KR-001,South Korea,KAIST,Bio and Brain Engineering,MS research,2 years,neural engineering; bioelectronics; systems biology,Likely,upcoming,KAIST/KGPS/GKS full-funding routes,verified,"Strong BCI-genomics optionality and research orientation",https://bioeng.kaist.ac.kr/
AS-SG-001,Singapore,National University of Singapore,Biomedical Engineering MEng by Research,MEng research,1-3 years,research engineering; neurotechnology; biosignals; genomics electives,Likely,upcoming,NUS Research Scholarship full tuition + stipend,verified,"Research modules include Neurosensors and Signal Processing Neurotechnology Advanced Electrophysiology Biosensors and cross-faculty Advanced Genetics and Genome Sciences; scholarship applicants are expected to have at least Second Class Upper or equivalent",https://cde.nus.edu.sg/bme/graduate-research-programmes/
AS-HK-001,Hong Kong SAR,Chinese University of Hong Kong,Biomedical Engineering MPhil,MPhil research,2 years,wearables; instrumentation; robotics,Likely,TBA,postgraduate studentship route,partial,"Research-degree path worth full funding audit",https://www.gs.cuhk.edu.hk/programmes/engineering/mphil-phd-biomedical-engineering
AS-SG-002,Singapore,Nanyang Technological University,Graduate Research Programme - legacy placeholder,MEng research,~2 years,robotics; sensing; systems,Superseded,TBA,replaced by exact department rows,partial,"Superseded by exact EEE and Chemical/Biomedical MEng research rows; retain temporarily for traceability",https://www.ntu.edu.sg/education/graduate-programme
EU-DE-004,Germany,RWTH Aachen University,Biomedical Engineering,MSc,2 years,biomedical engineering; quantitative physiology; medical systems,Unlikely,upcoming,no tuition; semester contribution only,verified,"English interdisciplinary MSc across medicine engineering and natural sciences; programme includes quantitative physiology and device/system projects; subject-fit review is programme-specific",https://www.medizin.rwth-aachen.de/cms/Medizin/Studium/Studiengaenge/~bmeu/Biomedical-Engineering-M-Sc/?lidx=1
EU-DE-005,Germany,FAU Erlangen-Nuernberg,Medical Engineering - Medical Robotics,MSc,2 years,medical robotics; electrical engineering; AI; research,Likely,actionable,EUR 4000/semester from summer 2027; scholarships/waivers to audit,verified,"English specialization; related technical Bachelor with strong math CS and EE; 30-ECTS thesis plus research/lab work; summer 2027 applications Sep 15 2026-Jan 15 2027",https://www.medical-engineering.study.fau.eu/prospective-students/joining-the-master-degree-program/
EU-DE-006,Germany,University of Luebeck,Medical Engineering Science,MSc,2 years,medical visualization; medical photonics; engineering,Conditional-likely,upcoming,no tuition; semester contribution only,verified,"120 ECTS; German/English; no tuition and official living estimate about EUR 900/month; university itself offers no regular full scholarship",https://www2.uni-luebeck.de/en/study-program/technology/medical-engineering/masters-degree-program-in-medical-engineering/
EU-NL-005,Netherlands,University of Groningen,Biomedical Engineering,MSc,2 years,medical devices; medical imaging; research internship,Conditional-high-risk,upcoming,high tuition; funding audit pending,verified,"English 120-EC programme with UMCG collaboration internship and master project; current non-EU tuition for BME family is high so finance may become a later gate",https://www.rug.nl/masters/biomedical-engineering/?lang=en
EU-BE-003,Belgium,Vrije Universiteit Brussel,Biomedical Engineering - Neuro-engineering,MSc,2 years,neuro-engineering; biomedical signals; medical devices,Conditional-high-risk,upcoming,Master Mind possible if eligible,verified,"English 120 ECTS; Neuro-engineering profile and 24-ECTS thesis; GRE Quantitative required; international preparatory programme can be assigned ad hoc; Master Mind currently requires GPA 3.5/4 so funding eligibility is a risk for a 3.47 transcript",https://www.vub.be/en/studying-vub/all-study-programmes-vub/bachelors-and-masters-programmes-vub/master-biomedical-engineering/program/master/master-biomedical-engineering-neuro-engineering
EU-BE-004,Belgium,Universite libre de Bruxelles,Biomedical Engineering,MSc,2 years,biomedical instrumentation; imaging; biomechanics,Conditional-likely,upcoming,funding audit pending,verified,"English 120-credit programme with first-year projects and second-year dissertation plus optional hospital/company placement; funding route still needs dedicated audit",https://www.ulb.be/en/programme/ma-ircb
EU-FR-002,France,Universite Paris Cite / PSL / Arts et Metiers,BME Paris - Health Engineering,Master,2 years,bioengineering; neuro; biomedical engineering,Conditional-likely,upcoming,Eiffel institution-nomination route; tuition audit pending,verified,"Two-year interdisciplinary BME Paris programme crossing engineering and biomedical sciences; Bioengineering and Innovation in Neuroscience is a relevant direction; Eiffel 2027 call is open and must be submitted by the institution",https://utcbs.u-paris.fr/en/teaching/
EU-IT-003,Italy,University of Pisa / Scuola Superiore SantAnna,Bionics Engineering,MSc,2 years,neural engineering; biorobotics; statistical signal processing,Conditional-high-risk,upcoming,IYT full tuition+living; SantAnna second-level residential competition,verified,"Very strong BCI/research-engineering fit; foreign applicants are mapped against substantial math/physics/bioengineering prerequisites; 2026/27 SantAnna second-level competition offered tuition-free study plus free housing/meals for winners",https://www.unipi.it/en/education/courses/master-degree/bionics-engineering-wber-lm-en/
EU-IT-004,Italy,University of Genoa,Bioengineering,MSc,2 years,neurotechnologies; rehabilitation; instrumentation; e-health,Likely,upcoming,Invest Your Talent in Italy,verified,"English 120-ECTS programme; 2026/27 non-EU preselection required engineering Bachelor and minimum CGPA 75%; IYT course list explicitly includes Bioengineering",https://corsi.unige.it/en/corsi/11933
EU-IT-005,Italy,University of Bergamo,Medical Engineering,MSc,2 years,biological-system modelling; medical data; devices,Unlikely,upcoming,Invest Your Talent in Italy,verified,"Excellent thematic fit but hard prerequisite risk: official rules require at least 10 ECTS Bioengineering and 5 ECTS Medical Disciplines in addition to engineering/math basics",https://en.unibg.it/study/courses/graduate/medical-engineering
EU-IT-006,Italy,University of Padua,Bioengineering,MSc,2 years,bioengineering; modelling; biomedical systems,Conditional-high-risk,upcoming,Padua International Excellence; regional scholarship,verified,"Programme language is Italian and English rather than clearly all-English; 2026/27 Padua Excellence offered EUR 8000/year plus tuition waiver for English-taught curricula; regional scholarship uses ISEE-parificato for international families",https://www.unipd.it/en/corsi-di-laurea/bioingegneria
EU-FR-003,France,Universite Paris-Saclay,Electrical Engineering E3A -> Control Signal and Image Processing (ATSI),Master,2 years,systems; control; signal processing; research engineering,Conditional-high-risk,upcoming,Paris-Saclay International Master Scholarship; Eiffel possible,verified,"Methods-first pathway explicitly targets research engineer roles; M2 ATSI is English/French and applies control/signal/image processing to medicine and robotics; M1 Orsay-Gif is currently French so language fit is a real constraint",https://www.universite-paris-saclay.fr/en/education/masters-degree/electrical-engineering
EU-DE-007,Germany,RWTH Aachen University,Electrical Engineering Information Technology and Computer Engineering - Biomedical Systems Engineering,MSc,2 years,biomedical systems; signal processing; robotics; systems physiology,Conditional-likely,upcoming,no tuition; semester contribution only,verified,"Fully English major inside a broad EE master; official curriculum lists Biomedical Systems Engineering as one of the MSc concentrations with research areas in physiology imaging instrumentation robotics and learning systems",https://www.elektrotechnik.rwth-aachen.de/global/show_document.asp?download=1&id=aaaaaaaadekbmrd
EU-DE-008,Germany,Karlsruhe Institute of Technology,Biomedical Engineering,MSc,2 years,biomedical signal processing; robotics; bioelectronics; modelling,Conditional-high-risk,actionable,EUR 1500/semester non-EU tuition; funding audit pending,verified,"English 120-ECTS MSc with focus areas Biomedical Imaging and Signal Processing Biomedical Robotics Bioelectronics Medical Product Development and Modelling; admission ranking gives up to 24 points for prior BME content so formal biomedical-course gap is a real risk",https://www.etit.kit.edu/english/master_bme.php
EU-DE-009,Germany,University of Freiburg,Neuroscience - Neurotechnology elective path,MSc,2 years,neurotechnology; brain-signal processing; EEG; neuroprosthetics,Likely,upcoming,EUR 1500/semester non-EU tuition; funding audit pending,verified,"Engineering bachelors are explicitly eligible; Neurotechnology electives include Biomedical Microsystems Neuroprosthetics Signal Processing and Analysis in Brain Signals EEG in Neuroscience and Numerical Optimal Control; narrower domain fit than methods-first EE routes",https://www.mscneuro.uni-freiburg.de/
AS-KR-002,South Korea,Seoul National University,Interdisciplinary Program in Bioengineering,MS research,2 years,bioelectronics; biomechanical systems; biomedical signal processing; bioinformatics,Conditional-likely,upcoming,GSFS / SNU Global Scholarship / GKS,verified,"Research areas span bioelectronics biomechanics biomaterials biomolecular engineering and bio-info/systems; official examples include biomedical measurement systems molecular diagnostics and bionic signal processing; international scholarship routes exist but 2027 exact cycle terms need refresh",https://eng.snu.ac.kr/en/academics/graduate-programs/interdisciplinary-program-in-bioengineering
AS-KR-003,South Korea,POSTECH,Interdisciplinary Bioscience and Bioengineering,MS research,2 years,bioengineering; bioscience; research engineering,Likely,upcoming,TA/RA scholarship; GKS,verified,"POSTECH international graduate admissions explicitly include Interdisciplinary Bioscience and Bioengineering; 2026 regular TA/RA support for Master students was KRW 884000/month tuition component + KRW 966000/month living allowance; actual amount varies by lab",https://adm-g.postech.ac.kr/ENG/
AS-KR-004,South Korea,POSTECH,Electrical Engineering,MS research,2 years,signals; control; circuits; biomedical applications,Likely,upcoming,TA/RA scholarship; GKS,verified,"General Master interview covers control circuits digital/microprocessors and other EE fundamentals; useful methods-first path if biomedical/neural thesis fit is found; POSTECH provides regular TA/RA support for graduate students",https://eee.postech.ac.kr/en-academics/en-graduate/
AS-JP-001,Japan,University of Tokyo,Department of Bioengineering - Global30,Master,2 years,bioengineering; biomedical systems; research,Conditional-likely,upcoming,MEXT Embassy / special priority-placement MEXT routes,verified,"October-entry Global30 Master route exists; department states a MEXT priority-placement special program for Biomedical Engineering Innovation began in Oct 2025; supervisor/research-area fit is central",https://bioeng.t.u-tokyo.ac.jp/admission/?lang=en
AS-JP-002,Japan,Tohoku University,Graduate School of Biomedical Engineering,Master of Biomedical Engineering,2 years,biomedical engineering; sensing; imaging; systems,Conditional-likely,actionable,MEXT / university funding audit pending,verified,"April and October intakes; 2027 April guidelines are published; prospective advisor permission is required before application; TOEFL or TOEIC score is required instead of an on-site English test",https://www.bme.tohoku.ac.jp/english/admission/
AS-JP-003,Japan,University of Osaka,Graduate School of Engineering - Master Degree Program Conducted in English,Master,2 years,engineering research; bioengineering depending course,Conditional-likely,upcoming,MEXT special programs / university funding,partial,"October 2027 English Master admissions are published; MEXT special-program routes exist but currently listed priority programs are not specifically biomedical, so exact bioengineering fit requires department-level mapping",https://www.eng.osaka-u.ac.jp/en/entrance/f_admissions/
AS-HK-002,Hong Kong SAR,HKUST,Master of Philosophy in Bioengineering,MPhil research,2 years,bioengineering; biomedical systems; research,Likely,upcoming,Postgraduate Studentship,verified,"Full-time MPhil is 2 years; regular research postgraduates are eligible for PGS; 2026/27 PGS rate was HKD 19135/month intended to cover subsistence tuition and other study expenses",https://prog-crs.hkust.edu.hk/pgprog/2026-27/mphil-phd-bien
AS-TW-001,Taiwan,National Taiwan University,Graduate Institute / Department of Biomedical Engineering,Master research,2 years,biomedical engineering; measurement; research,Superseded,upcoming,MOE Taiwan Scholarship / NTU graduate scholarship,verified,"NTU BME has active graduate scholarship ecosystem; MOE Taiwan Scholarship provides up to NTD 40000 tuition/miscellaneous per semester and NTD 20000/month stipend; NTU outstanding graduate scholarship can add tuition waiver plus NTD 8000/month subject to rules",https://bme.ntu.edu.tw/
AS-TW-002,Taiwan,National Tsing Hua University,Institute of Biomedical Engineering,MSc research,2 years,biosensors; biomaterials; biomechanics; translation,Likely,upcoming,NTHU International Student Scholarship / Taiwan Scholarship,verified,"English-taught program; annual intake about 20 MSc students; NTHU scholarship states tuition waiver plus NTD 5000/month for Master students while MOE Taiwan Scholarship offers NTD 20000/month for Master students",https://apply.nthu.edu.tw/en/department/32-biomedical-engineering
AS-TW-003,Taiwan,National Tsing Hua University,Department of Biomedical Engineering and Environmental Sciences,Master research,2 years,medical physics; biomedical engineering; imaging,Conditional-likely,upcoming,NTHU International Student Scholarship / Taiwan Scholarship,verified,"English-taught pathway sufficient for graduation; biomedical engineering focus with medical physics/nuclear-medicine heritage; broad enough to retain instrumentation orientation",https://apply.nthu.edu.tw/en/department/37-biomedical-engineering-and-environmental-sciences
AS-TW-004,Taiwan,National Yang Ming Chiao Tung University,Institute of Biomedical Engineering / Intelligent Bioelectrical Engineering,Master research,2 years,bioelectrical engineering; biomedical signals; research,Superseded,upcoming,NYCU International Student Scholarship / Taiwan Scholarship,partial,"NYCU biomedical engineering institutes are active for international students; current scholarship rules allow tuition awards and monthly stipends but award size depends on annual budget plus compulsory advisor/department match-funding; exact 2027 admission-program English fit still needs confirmation",https://www.nycu.edu.tw/ibe/en/index
AS-SG-003,Singapore,Nanyang Technological University,Graduate Research Programme - relevant engineering school,MEng research,2 years,research engineering; sensing; robotics; systems,Superseded,upcoming,NTU Research Scholarship full tuition + S$2900/month,verified,"NTU Research Scholarship is open to international full-time graduate-research Master candidates with at least Honours Distinction or equivalent; covers annual tuition and S$2900/month for international Master students, with GAP teaching/lab duties and no bond",https://www.ntu.edu.sg/admissions/graduate/financialmatters/scholarships/rss
AS-HK-003,Hong Kong SAR,HKUST,Electronic and Computer Engineering MPhil,MPhil research,2 years,neuroengineering; biosignal processing; control; estimation; bioelectronics,Likely,upcoming,HKUST Postgraduate Studentship,verified,"2027/28 official ECE research foci include Biomedical Engineering with neuroengineering biosignal processing medical electronics and bioinformatics plus Control and Robotic Systems with detection estimation sensing and healthcare applications; non-local Fall deadline Jun 1 2027 and rolling admission",https://prog-crs.hkust.edu.hk/pgprog/2027-28/mphil-phd-ece
AS-HK-004,Hong Kong SAR,University of Hong Kong,Electrical and Computer Engineering MPhil,MPhil research,2 years,biomedical engineering; signal processing; neuroimaging; sensing,Likely,actionable,HKU Postgraduate Scholarship,verified,"Good honours degree is the general entry bar; ECE research areas include Biomedical Engineering plus control/intelligent systems; current graduate courses include DSP probability/random processes wearable electronics biophotonics and biomedical quantum technologies; 2027/28 main RPG round closes Dec 1 2026",https://ece.hku.hk/study/rpg/
AS-SG-004,Singapore,Nanyang Technological University,Electrical and Electronic Engineering MEng by Research,MEng research,1-3 years,signal processing; control; bioelectronics; sensing,Conditional-likely,upcoming,NTU Research Scholarship full tuition + S$2900/month,verified,"Independent supervised research plus thesis and 10 AU coursework from Aug 2026 onward; EEE research ecosystem covers control robotics bioelectronics signal/information processing and healthcare sensing",https://www.ntu.edu.sg/spms/admissions/grad/detail/doctor-of-philosophy-%28ph.d%29-and-master-of-engineering-%28m.eng%29-programme
AS-SG-005,Singapore,Nanyang Technological University,Chemical and Biomedical Engineering MEng by Research,MEng research,1-3 years,biomedical engineering; biotechnology; tissue engineering; translation,Conditional-likely,upcoming,NTU Research Scholarship full tuition + S$2900/month,verified,"Original-research MEng housed in CCEB; selection is holistic on proposal research/work experience and references; biomedical scope currently leans tissue engineering and biotechnology more than neural systems",https://www.ntu.edu.sg/engineering/coe-programmes/graduate/coe-programme-detail/master-of-engineering-%28meng%29-%28by-research%29
AS-SG-006,Singapore,National University of Singapore,Electrical and Computer Engineering MEng by Research,MEng research,1-3 years,signal processing; embedded systems; neuroengineering; sensing,Likely,upcoming,NUS Research Scholarship full tuition + stipend,verified,"Good Bachelor degree plus research ability; ECE explicitly offers financial support for suitably qualified candidates and has research in medical instrumentation micro/nanotechnology signal processing neuroengineering wearable healthcare and biomedical sensor fusion",https://cde.nus.edu.sg/ece/graduate/research-based-programmes/phd-m-eng/
AS-TW-005,Taiwan,National Taiwan University,Smart Medicine and Health Informatics,Master,2 years,biomedical signals; AI/ML; health informatics; genomics,Likely,actionable,NTU scholarship / Taiwan Scholarship,verified,"Fully English interdisciplinary program; core foci are Personalized and Smart Medicine AI/ML and Biomedical Signal Processing; electives include Genetics and Genomics and Bioinformatics; 2027 Sep round 1 runs Sep 29-Nov 5 2026 and round 2 Dec 1 2026-Jan 19 2027",https://smartmhi.ntu.edu.tw/about/overview
AS-TW-006,Taiwan,National Taiwan University,Biomedical Electronics and Bioinformatics,Master research,2 years,bioelectronics; biomedical signal processing; bioinformatics,Conditional-likely,actionable,NTU scholarship / Taiwan Scholarship,verified,"NTU 2027/28 international admissions list the programme at Master's level under EECS; English-taught status and department-specific academic prerequisites must still be checked in the application system before applying",https://admissions.ntu.edu.tw/colleges/college-of-electrical-engineering-computer-science/
AS-TW-007,Taiwan,National Taiwan University,Biomedical Engineering,Master research,2 years,biomedical engineering; physiology; measurement; thesis research,Conditional-likely,actionable,NTU scholarship / Taiwan Scholarship,verified,"NTU 2027/28 international admissions list Biomedical Engineering at Master's level; graduate rules explicitly require Human Anatomy and Physiology for students without medical background rather than treating lack of prior biology as an automatic exclusion",https://admissions.ntu.edu.tw/colleges/college-of-engineering/
AS-TW-008,Taiwan,National Yang Ming Chiao Tung University,Institute of Intelligent Bioelectrical Engineering,Master research,2 years,neuroengineering; biomedical electronics; EEG; medical imaging,Unknown,upcoming,NYCU International Student Scholarship / Taiwan Scholarship,verified,"Renamed from Institute of Biomedical Engineering in 2025; research emphasis is biomedical electronics/optoelectronics and biomedical applications; current faculty cover neuroimaging multimodal integration neuromodulation neural electrophysiology AI and medical devices; lab pages show active EEG research",https://www.nycu.edu.tw/ibe/en/index
EM-EU-001,European Union,Erasmus Mundus Consortium,EMJM in Imaging,Joint Master,2 years,image/signal processing; visual AI; healthcare applications,Likely,upcoming,Erasmus Mundus full scholarship EUR 1400/month + tuition,verified,"120 ECTS across Polimi Mid Sweden and Tampere; eligibility explicitly fits ICT/computer/electrical engineering with math and programming/signal-image-processing background; scholarship covers tuition and EUR 1400/month for up to 24 months; 2027 dates not yet posted",https://www.emjm-imaging.eu/
EM-EU-002,European Union,Neurasmus Consortium,Neurasmus - European Master in Neuroscience,Joint Master,2 years,neuroscience; neurotechnology; research,Conditional-high-risk,actionable,Erasmus Mundus full scholarship EUR 1400/month + participation costs,verified,"2027-2029 EMJM scholarship call is open Sep 1-Dec 1 2026; strong neuroscience training but official eligibility expects solid cell biology chemistry/biochemistry physics and math, creating a real formal-background risk for this profile",https://www.neurasmus.u-bordeaux.fr/admission/key-dates-admission/
EM-EU-003,European Union,MAIA Consortium,Medical Image Analysis (MAIA),Joint Master,2 years,medical imaging; AI; computer vision; research,Likely,upcoming,Erasmus Mundus full scholarship EUR 1400/month + tuition,verified,"Renewed EMJM funding for 2027-2029; new cohort starts Sep 2027; scholarship call tentatively Nov 2026-Feb 2027; programme trains medical image analysis AI computer vision and computer-aided diagnosis",https://maiamaster.udg.edu/admission/
EM-EU-004,European Union,EMMaH Consortium,Euro-Asian Master in Medical Technology and Healthcare Business,Joint Master,2 years,medical technology; biosignals; modelling; measurement; translational product development,Likely,2027 call TBA,Erasmus Mundus full scholarship EUR 1400/month + fee waiver,verified,"Strong fit for research-to-product: curriculum includes Advanced Biosignal Processing Modelling Medical Systems Advanced Control Systems Medical Measurement Techniques Applied Clinical Signals and 30-ECTS dissertation; applicants with engineering background are eligible if quantitative foundation is demonstrated",https://master-emmah.eu/
EM-EU-005,European Union,EMMBIOME Consortium,Erasmus Mundus Master in Biomedical Engineering,Joint Master,2 years,biomedical engineering; research skills; devices; computation,Conditional-likely,2027 call TBA,Erasmus Mundus scholarship route,verified,"EU-funded programme runs through 2028 with University of Kragujevac University of Patras and Grigore T. Popa University; explicit goal is state-of-the-art biomedical engineering training and research-skill development; exact 2027 call and prerequisite details still need refresh",https://vvr.ece.upatras.gr/emmbiome/
EM-EU-006,European Union,IPCVAI Consortium,Artificial Intelligence for Image Processing and Computer Vision,Joint Master,2 years,image processing; computer vision; AI; signal methods,Likely,actionable,Erasmus Mundus full scholarship,verified,"2027-2029 call runs Nov 1 2026-Feb 2 2027; accepts Engineering Computer Science Mathematics or Physics backgrounds and B2 English; generic methods-first degree that can remain relevant to biomedical imaging and visual sensing",https://ipcv.eu/application-and-selection/application/
EM-EU-007,European Union,MICROSCOM Consortium,Advanced Microscopy with Artificial Intelligence,Joint Master,2 years,microscopy; optics; AI; image analysis; life-science instrumentation,Likely,upcoming,Erasmus Mundus scholarship expected for 2027 intake,verified,"New 2026-selected EMJM for Sep 2027; STEM Bachelor accepted; combines advanced microscopy AI edge computing optics and instrument development with applications in life sciences digital health and drug discovery",https://microscom.eu/
EM-EU-008,European Union,Europhotonics Consortium,Photonics Engineering Nanophotonics and Biophotonics,Joint Master,2 years,biophotonics; biomedical imaging; optics; instrumentation,Conditional-likely,2027 call TBA,Erasmus Mundus scholarship route,verified,"120 ECTS joint master with biomedical microscopy photonics spectroscopy nanophotonics and biophotonics; useful measurement/instrumentation path but less direct on estimation/control than signal-systems degrees",https://www.europhotonics.org/wordpress/
EM-EU-009,European Union,IMIM Consortium,International Master in Innovative Medicine,Joint Master,2 years,translational biomedical research; innovation; entrepreneurship,Conditional-high-risk,2027 call TBA,Erasmus Mundus scholarship route,verified,"Two-year translational biomedical research programme across Groningen Heidelberg Tartu and Uppsala; strong research-to-innovation architecture but likely more biology-heavy than the engineering-first target, so Gate-1 subject fit must be audited",https://www.innovativemedicine.eu/
AU-001,Australia,UNSW Sydney,Master of Philosophy in Engineering - Biomedical Engineering,MPhil research,1.5-2 years,biomedical engineering; original research; devices; signals,Conditional-likely,2028 route,AAS full funding if awarded,verified,"Research degree with coursework component and original thesis; Biomedical Engineering is an explicit MPhil specialisation; structurally compatible with Australia Awards Master-by-Research duration cap",https://www.handbook.unsw.edu.au/research/specialisations/current/BIOMBR
AU-002,Australia,University of Melbourne,Master of Philosophy - Engineering and IT,MPhil research,2 years,systems; neuroprostheses; engineering research; computation,Conditional-likely,2028 route,AAS full funding if awarded,verified,"Two-year research Master with 30000-40000 word thesis and 2-4 coursework subjects; current research examples include dexterous robotic hands and neuroprostheses plus systems biology; strong degree-title-agnostic research-engineer path",https://study.unimelb.edu.au/find/courses/graduate/master-of-philosophy-engineering-and-it
AU-003,Australia,Monash University,Master of Engineering Science (Research),Research Master,2 years,engineering research; data analytics; original investigation,Likely,2028 route,AAS full funding if awarded,verified,"Designed for applicants with a relevant four-year Bachelor who want two years of independent engineering research; supervisor/project choice determines biomedical or neuro fit",https://www.monash.edu/study/courses/find-a-course/engineering-science-research-3292
AU-004,Australia,UNSW Sydney,Master of Engineering Science - Biomedical Engineering,MSc coursework/research,2 years,bioinstrumentation; robotics; medical devices; health engineering,Likely,2028 route,AAS full funding if awarded,verified,"Designed for graduate engineers transitioning to biomedical engineering; two-year structure and optional substantial postgraduate research project make it a coursework-heavy Australia Awards alternative to the MPhil",https://www.unsw.edu.au/study/postgraduate/master-of-engineering-science-biomedical-engineering
EU-FI-005,Finland,Tampere University,Medical Physics and Biomedical Instrumentation - Biomedical Sciences and Engineering,MSc,2 years,biomedical instrumentation; medical imaging; devices; engineering,Conditional-likely,upcoming,partial tuition scholarship,verified,"English 120-ECTS specialization focused on devices systems models monitoring imaging and commercialization; related engineering fields are accepted and biology is beneficial rather than mandatory; math physics and elementary programming are required",https://www.tuni.fi/en/tau/masters-programmes/medical-physics-and-biomedical-instrumentation-biomedical-sciences-and
