opportunity_id,university,program,pi,lab,pi_priority,fit_vector,why_fit,main_risk,source
AS-KR-006,UNIST,Biomedical Engineering MS,Min Hyuk Lim,Intelligence and Control-based BioMedicine,P0-contact,"control; statistics; optimization; ML; medical data science; time series","Methodological fit is exceptional: integrates data-based and knowledge-based models across time-series and biomedical data using control optimization statistics ML and AI. Closest PI-level match to systems-oriented biological-data Research Engineer identity.","Biomedical focus may be clinically oriented; confirm Master's openings and concrete project ownership.",https://bme.unist.ac.kr/eng/min-hyuk-lim/
AS-KR-006,UNIST,Biomedical Engineering MS,Kyemyung Park,Systems ImmunoDynamics Lab,P0-contact,"systems biology; multi-omics; clinical data; imaging; Bayesian statistics; ML","Builds predictive multiscale models integrating multi-omics clinical data and images with ML Bayesian statistics and mathematical modelling. Excellent cross-modality methods-first fit.","Application domain is immunology; need willingness to learn substantial immunology.",https://bme.unist.ac.kr/eng/kyemyung-park/
AS-KR-006,UNIST,Biomedical Engineering MS,Semin Lee,Computational Biology Lab,P0-contact,"cancer genomics; single-cell genomics; bioinformatics; multi-omics","Strongest direct GeneStory/DNA amplifier inside an engineering BME department and a clean bridge into rigorous computational genomics.","Could narrow post-Master identity toward genomics/cancer if project is domain-specific rather than methodological.",https://bme.unist.ac.kr/eng/semin-lee/
AS-JP-008,NAIST,Program of Computational Biology,Koichi Fujiwara,Biomedical Data Science Lab,P0-contact,"EEG; sleep; clinical small data; physiology-informed ML; data engineering","Outstanding methods fit: emphasizes difficult small biomedical datasets data cleaning format alignment physiology/physics knowledge and diagnostic algorithms; directly connects Earable-style signals to general biomedical data science.","Lab is new and programme/scholarship eligibility under the 2027 Information Science IPGP should be confirmed directly.",https://isw3.naist.jp/Research/ai-bds-en.html
AS-JP-008,NAIST,Program of Computational Biology,Yoshito Otake,Biomedical Imaging Intelligence Lab,P0-contact,"medical imaging; deep learning; statistical modelling; Bayesian inference; simulations","Strong VinBigData-to-research-engineer route with explicit statistical/Bayesian modelling and patient-specific simulation rather than image classification alone.","Imaging-centric; need project emphasizing portable modelling/AI methods.",https://isw3.naist.jp/Research/ai-bii-en.html
AS-JP-008,NAIST,Program of Computational Biology,Shigehiko Kanaya,Computational Systems Biology Lab,P1-contact,"biomedical informatics; molecular big data; systems biology","Information-science lab applying computation to molecular biology big data; explicitly welcomes varied backgrounds and self-directed themes.","More omics-centric and less connected to sensing/imaging; verify current Master's project availability.",https://isw3.naist.jp/Research/ai-csb-en.html
AS-HK-002,HKUST,MPhil Bioengineering - Biological Information Engineering,Jiguang Wang,Big Data for Bio Intelligence / computational cancer genomics,P0-contact,"mathematics; big data; AI; bioinformatics; cancer genomics","Very strong bridge from quantitative engineering/software into biological information research; official HKUST profile describes cancer genomics and bioinformatics and recent work marrying mathematics big data AI and biology.","Cancer focus may narrow biological domain; confirm MPhil project and supervision capacity.",https://cbe.hkust.edu.hk/people/jiguang-wang-wangjiguang
AS-HK-002,HKUST,MPhil Bioengineering - Biological Information Engineering,Terence T. W. Wong,Medical Imaging / Bioimaging,P0-contact,"medical imaging systems; bioinstrumentation; AI imaging; translation","Excellent Mechatronics + VinBigData amplifier: engineering-heavy imaging systems with recent AI pathology translation and strong instrumentation component.","Less genomics/software unless project includes computational imaging/AI; may pull toward hardware/imaging.",https://cbe.hkust.edu.hk/people/terence-tsz-wai-wong-huangziwei
AS-HK-002,HKUST,MPhil Bioengineering - Biological Information Engineering,Angela Ruohao Wu,Genomics / Systems Biology,P1-contact,"genomics; cancer genomics; systems biology; microfluidics; single-cell","Strong GeneStory plus engineering-biology bridge; genomics and systems biology coexist with micro/nanofluidic engineering and single-cell work.","Potential wet-lab/microfluidics load; confirm dry-lab/computational thesis possibility.",https://cbe.hkust.edu.hk/people/angela-ruohao-wu-wuruohao
AS-SG-001,NUS,Biomedical Engineering MEng by Research,Martin Buist,Computational Bioengineering Lab,P0-contact,"computational bioengineering; electrophysiology; physiome; scientific modelling","Perhaps the cleanest NUS match to the new fit spec: engineering/software background applied to physiological systems through computational models and electrophysiology.","Research profile is physiology-heavy; verify active Master's topics and modern computational stack.",https://cde.nus.edu.sg/descholars/staff/martin-lindsay-buist/
AS-SG-001,NUS,Biomedical Engineering MEng by Research,Yueming Jin,Intelligent Medical Vision & Robotics Lab,P0-contact,"multimodal medical AI; imaging; surgical data science; robotics; representation learning","Strong VinBigData + software amplifier with current work explicitly integrating imaging surgical video and clinical data and developing multimodal medical AI.","Imaging/surgery emphasis; less direct genomics and physiological-signal continuity.",https://cde.nus.edu.sg/bme/staff/dr-jin-yueming/
AS-SG-001,NUS,Biomedical Engineering MEng by Research,Dean Ho,Digital Medicine,P1-contact,"digital medicine; AI; personalized treatment; translational research","Excellent translation environment for data-driven personalized medicine and real clinical deployment; strong Research Engineer-to-product bridge.","Research may be more clinical/translational optimization than foundational scientific computing; confirm technical project depth.",https://cde.nus.edu.sg/bme/staff/dr-deanho/
AS-SG-004,NTU,Electrical and Electronic Engineering MEng by Research,Yuanjin Zheng,Centre for Bio-Devices & Bio-Informatics / Bio-Imaging,P0-contact,"biomedical imaging; bio-IC; adaptive signal/image processing; sensing; circuits","Excellent lab-native fit for Mechatronics + imaging + signal processing; preserves engineering identity while moving into biomedical information acquisition and analysis.","Hardware/circuit emphasis may dominate unless thesis contains substantial modelling/data methods.",https://personal.ntu.edu.sg/yjzheng/
AS-SG-004,NTU,Electrical and Electronic Engineering MEng by Research,Tong Ling,Neurophotonics / Biomedical Imaging,P1-contact,"functional neuroimaging; neurophotonics; optical neural interfaces; high-speed imaging","Strong sensing/imaging route with direct neurotechnology and biomedical measurement relevance; modern cross-school research environment.","More optics/device-specialized than software/data-systems oriented.",https://www.ntu.edu.sg/eee/faculty
AS-SG-004,NTU,Electrical and Electronic Engineering MEng by Research,Liu Aiqun,Centre for Bio-Devices & Bio-Informatics / Bio-Device,P1-contact,"biosensors; optofluidics; smart bioanalysis; biomedical electronics; control","Strong engineering and biosensing platform; current NTU projects include cell-image ML and electronic/control interfaces, giving a possible sensing-to-data route.","Could become device/fabrication-heavy; require a computational/analysis component to justify fit.",https://www.ntu.edu.sg/cbb/home/research-areas
AS-KR-001,KAIST,Bio and Brain Engineering,Young-suk Lee,Quantitative and Computational Biology Lab,P0-contact,"bioinformatics; functional genomics; computational molecular biology; public-data integration","Excellent GeneStory/DNA-to-rigorous-methods path; CS-trained PI with work on genome-wide disease characterization and cross-platform functional genomics.","Strong genomics specialization; preserve systems/software narrative and option value.",https://bioeng.kaist.ac.kr/index.php?document_srl=14863&mid=bio_03_01
AS-KR-001,KAIST,Bio and Brain Engineering,Sung-Hong Park,Magnetic Resonance Imaging Lab,P0-contact,"MRI; EEG; ML; image reconstruction; physiological imaging; systems approaches","Rare cross-modal lab combining MRI acquisition/analysis ML EEG validation and systems-biological thinking. Strong continuation of Earable + VinBigData with deep engineering methods.","Primarily neuro/imaging; genomics side of profile would become secondary.",https://bioeng.kaist.ac.kr/index.php?document_srl=6957&mid=bio_02_02
AS-KR-001,KAIST,Bio and Brain Engineering,Gwan-Su Yi,Synergistic Bioinformatics Lab,P1-contact,"AI; disease biomarkers; drug discovery; bioinformatics","Engineering/CS-flavored bioinformatics environment and disease-oriented AI; useful computational-biology branch.","Potentially narrower/less systems-oriented than Young-suk Lee; current project details need deeper review.",https://bioeng.kaist.ac.kr/index.php?document_srl=6836&mid=bio_03_01
ME-SA-001,KAUST,Bioengineering - Bioinformatics and Machine Learning,Xin Gao,Structural and Functional Bioinformatics,P0-contact,"ML; algorithms; optimization; sequence analysis; structure; networks; healthcare","Near-ideal methods-specialized PI: explicitly works at CS-biology intersection and develops ML algorithms and optimization across sequences structures networks and healthcare. Strongest direct fit to scientific-software/methods depth goal.","May be highly competitive and theory/CS demanding; demonstrate software/research rigor clearly.",https://www.kaust.edu.sa/en/study/biomed/faculty/xin-gao
ME-SA-001,KAUST,Bioengineering - Bioinformatics and Machine Learning,Robert Hoehndorf,Bio-Ontology Research Group,P0-contact,"knowledge representation; bio-ontology; AI; biomedical data integration","Strong option for biological-data infrastructure and semantic/knowledge systems; unusually aligned with reusable scientific-data systems rather than one modality.","Less direct continuity with sensing/imaging; verify Master's thesis openings and project scope.",https://www.kaust.edu.sa/en/study/biomed/faculty/robert-hoehndorf
ME-SA-001,KAUST,Bioengineering - Bioinformatics and Machine Learning,Jesper Tegner,Computational Medicine / AI for Life Sciences,P1-contact,"bioinformatics; AI; genomics; causal modelling; systems biology","Broad computational medicine profile spanning genomics regulatory dynamics causality and foundational ML; supports methods-first biological systems identity.","Current lab supervision availability and exact Bioengineering Master's fit need confirmation.",https://cemse.kaust.edu.sa/profiles/jesper-tegner
NA-CA-009,University of Toronto,Biomedical Engineering MASc,José Zariffa,Adaptive Neurorehabilitation Systems Lab,P0-contact,"wearable sensors; neural interfaces; deep learning; computer vision; rehabilitation","Very strong Earable/Mechatronics continuation with portable sensing CV/ML methods and real clinical translation. Strong example of lab-native amplification inside broad BME.","Neurorehabilitation domain could over-specialize; thesis should emphasize reusable sensing/data methods.",https://bme.utoronto.ca/news/improving-rehabilitation-through-neurotechnology-jose-zariffa-lab/
NA-CA-009,University of Toronto,Biomedical Engineering MASc,Berj Bardakjian,Neural Systems Lab,P1-contact,"neural signal analysis; modelling; control; ML; dynamical systems","Excellent systems/control identity: explicitly models and controls neural electrical rhythms and applies ML. Deep methodological continuation from Mechatronics and EEG.","Strongly neuro-specific and may not exploit genomics/software breadth.",https://bme.utoronto.ca/faculty-research/core-faculty/berj-bardakjian/
NA-CA-009,University of Toronto,Biomedical Engineering MASc,Leo Chou,Chou Lab,P1-contact,"DNA nanotechnology; molecular systems; computational design; molecular circuits","Interesting opposite-side Toronto route: preserves engineering design thinking while moving into DNA/molecular systems and computational design, potentially linking Mechatronics systems thinking to biological information.","Molecular/nanotech work may be experimentally heavy and not genomics/data-analysis focused.",https://bme.utoronto.ca/faculty-research/core-faculty/leo-chou/
