opportunity_id,program,amplification_band,engineering_identity,cross_modality_breadth,systems_software_methods,biological_data_relevance,research_depth,competitive_positioning,funding_architecture,main_tradeoff,rationale
EU-FI-001,Health Technology Engineering,High,strong,narrow-to-moderate,moderate-to-weak,strong,medium,advantage,tuition-scholarship-only,Needs lab/curriculum audit to ensure the systems/software layer is substantial.,"Programme strongly values computational/engineering work on biological or health data and can use several parts of the existing profile, though one domain or degree identity remains more prominent."
EU-FI-002,Biomedical Engineering,High,strong,moderate,moderate,strong,medium,advantage,tuition-scholarship-only,Value depends on choosing computational/data/system labs rather than drifting into materials/wet-lab/device-only work.,"Programme strongly values computational/engineering work on biological or health data and can use several parts of the existing profile, though one domain or degree identity remains more prominent."
EU-FI-003,Biomedical Informatics - Biomedical Sciences and Engineering,High,strong,moderate,moderate-to-weak,strong,medium,advantage,tuition-scholarship-only,May weaken hardware/physical-systems identity if curriculum is mostly enterprise/clinical IT.,"Programme strongly values computational/engineering work on biological or health data and can use several parts of the existing profile, though one domain or degree identity remains more prominent."
EU-FI-004,Biomedical Micro- and Nanodevices - Biomedical Sciences and Engineering,Medium,strong,narrow-to-moderate,moderate-to-weak,strong,medium,neutral,tuition-scholarship-only,Needs lab/curriculum audit to ensure the systems/software layer is substantial.,Programme is formally viable but does not automatically turn the full cross-layer profile into an admission/career advantage.
EU-SE-003,Systems Control and Robotics,Medium-high,strong,narrow-to-moderate,moderate-to-weak,strong,high,neutral-to-advantage,tuition-scholarship-only,Needs lab/curriculum audit to ensure the systems/software layer is substantial.,"Programme preserves useful systems/engineering depth but biological-data integration is more dependent on electives, thesis or supervisor choice."
EU-NL-002,Biomedical Engineering - Medical Devices,High,strong,moderate,moderate,strong,medium,advantage,tuition-scholarship-only,Value depends on choosing computational/data/system labs rather than drifting into materials/wet-lab/device-only work.,"Programme strongly values computational/engineering work on biological or health data and can use several parts of the existing profile, though one domain or degree identity remains more prominent."
EU-NL-003,Electrical Engineering - Signals Networking and Sensing,High,strong,narrow-to-moderate,strong,strong,medium,advantage,tuition-scholarship-only,Needs lab/curriculum audit to ensure the systems/software layer is substantial.,"Programme strongly values computational/engineering work on biological or health data and can use several parts of the existing profile, though one domain or degree identity remains more prominent."
EU-DE-001,Microsystems Engineering - Biomedical Engineering concentration,High,strong,narrow-to-moderate,moderate-to-weak,strong,high,advantage,low-cost-self-fund,Value depends on choosing computational/data/system labs rather than drifting into materials/wet-lab/device-only work.,"Programme strongly values computational/engineering work on biological or health data and can use several parts of the existing profile, though one domain or degree identity remains more prominent."
EU-DE-002,Biomedical Engineering,High,strong,narrow-to-moderate,moderate-to-weak,strong,medium,advantage,low-cost-self-fund,Value depends on choosing computational/data/system labs rather than drifting into materials/wet-lab/device-only work.,"Programme strongly values computational/engineering work on biological or health data and can use several parts of the existing profile, though one domain or degree identity remains more prominent."
EU-DE-003,Biomedical Engineering and Medical Physics,High,strong,moderate,moderate-to-weak,strong,medium,advantage,weak-or-unknown,Value depends on choosing computational/data/system labs rather than drifting into materials/wet-lab/device-only work.,"Programme strongly values computational/engineering work on biological or health data and can use several parts of the existing profile, though one domain or degree identity remains more prominent."
EU-IT-001,Biomedical Engineering,High,strong,narrow-to-moderate,moderate-to-weak,strong,medium,advantage,competitive-scholarship-route,Value depends on choosing computational/data/system labs rather than drifting into materials/wet-lab/device-only work.,"Programme strongly values computational/engineering work on biological or health data and can use several parts of the existing profile, though one domain or degree identity remains more prominent."
EU-IT-002,Biomedical Engineering - Biomedical Engineering for Neuroscience,High,strong,narrow-to-moderate,moderate-to-weak,strong,medium,advantage,competitive-need-based-route,Value depends on choosing computational/data/system labs rather than drifting into materials/wet-lab/device-only work.,"Programme strongly values computational/engineering work on biological or health data and can use several parts of the existing profile, though one domain or degree identity remains more prominent."
AS-KR-001,Bio and Brain Engineering,Very-high,strong,narrow-to-moderate,moderate,strong,high,clear-advantage,competitive-full-internal,Can over-specialise toward neuro if lab choice is too narrow.,Programme architecture makes an engineering entrant with signals/imaging/genomics/software experience legible as the intended interdisciplinary profile; multiple existing strengths can contribute directly.
AS-SG-001,Biomedical Engineering MEng by Research,High,strong,strong,moderate,strong,medium,advantage,competitive-full-internal,Value depends on choosing computational/data/system labs rather than drifting into materials/wet-lab/device-only work.,"Programme strongly values computational/engineering work on biological or health data and can use several parts of the existing profile, though one domain or degree identity remains more prominent."
AS-HK-001,Biomedical Engineering MPhil,High,strong,moderate,moderate-to-weak,strong,high,advantage,admission-linked-research-studentship,Value depends on choosing computational/data/system labs rather than drifting into materials/wet-lab/device-only work.,"Programme strongly values computational/engineering work on biological or health data and can use several parts of the existing profile, though one domain or degree identity remains more prominent."
EU-DE-005,Medical Engineering - Medical Robotics,High,strong,narrow-to-moderate,moderate-to-weak,strong,high,advantage,competitive-scholarship-route,Value depends on choosing computational/data/system labs rather than drifting into materials/wet-lab/device-only work.,"Programme strongly values computational/engineering work on biological or health data and can use several parts of the existing profile, though one domain or degree identity remains more prominent."
EU-DE-006,Medical Engineering Science,High,strong,narrow-to-moderate,moderate-to-weak,strong,medium,advantage,low-cost-self-fund,Value depends on choosing computational/data/system labs rather than drifting into materials/wet-lab/device-only work.,"Programme strongly values computational/engineering work on biological or health data and can use several parts of the existing profile, though one domain or degree identity remains more prominent."
EU-FR-002,BME Paris - Health Engineering,High,strong,narrow-to-moderate,moderate-to-weak,strong,medium,advantage,competitive-scholarship-route,Needs lab/curriculum audit to ensure the systems/software layer is substantial.,"Programme strongly values computational/engineering work on biological or health data and can use several parts of the existing profile, though one domain or degree identity remains more prominent."
EU-IT-004,Bioengineering,High,strong,moderate,moderate,strong,medium,advantage,competitive-scholarship-route,Value depends on choosing computational/data/system labs rather than drifting into materials/wet-lab/device-only work.,"Programme strongly values computational/engineering work on biological or health data and can use several parts of the existing profile, though one domain or degree identity remains more prominent."
EU-DE-009,Neuroscience - Neurotechnology elective path,High,weak-to-moderate,narrow-to-moderate,moderate-to-weak,strong,medium,advantage,weak-or-unknown,Can over-specialise toward neuro if lab choice is too narrow.,"Programme strongly values computational/engineering work on biological or health data and can use several parts of the existing profile, though one domain or degree identity remains more prominent."
AS-KR-002,Interdisciplinary Program in Bioengineering,High,strong,moderate,strong,strong,high,advantage,competitive-scholarship-route,Value depends on choosing computational/data/system labs rather than drifting into materials/wet-lab/device-only work.,"Programme strongly values computational/engineering work on biological or health data and can use several parts of the existing profile, though one domain or degree identity remains more prominent."
AS-KR-003,Interdisciplinary Bioscience and Bioengineering,High,strong,narrow-to-moderate,moderate-to-weak,strong,high,advantage,research-funded-conditional,Value depends on choosing computational/data/system labs rather than drifting into materials/wet-lab/device-only work.,"Programme strongly values computational/engineering work on biological or health data and can use several parts of the existing profile, though one domain or degree identity remains more prominent."
AS-KR-004,Electrical Engineering,High,strong,narrow-to-moderate,moderate-to-weak,strong,high,advantage,research-funded-conditional,Needs lab/curriculum audit to ensure the systems/software layer is substantial.,"Programme strongly values computational/engineering work on biological or health data and can use several parts of the existing profile, though one domain or degree identity remains more prominent."
AS-JP-001,Department of Bioengineering - Global30,High,strong,narrow-to-moderate,moderate,strong,medium,advantage,competitive-scholarship-route,Value depends on choosing computational/data/system labs rather than drifting into materials/wet-lab/device-only work.,"Programme strongly values computational/engineering work on biological or health data and can use several parts of the existing profile, though one domain or degree identity remains more prominent."
AS-JP-002,Graduate School of Biomedical Engineering,High,strong,narrow-to-moderate,moderate-to-weak,strong,medium,advantage,competitive-scholarship-route,Value depends on choosing computational/data/system labs rather than drifting into materials/wet-lab/device-only work.,"Programme strongly values computational/engineering work on biological or health data and can use several parts of the existing profile, though one domain or degree identity remains more prominent."
AS-HK-002,Master of Philosophy in Bioengineering,Very-high,strong,moderate,moderate,strong,high,clear-advantage,admission-linked-research-studentship,Value depends on choosing computational/data/system labs rather than drifting into materials/wet-lab/device-only work.,Programme architecture makes an engineering entrant with signals/imaging/genomics/software experience legible as the intended interdisciplinary profile; multiple existing strengths can contribute directly.
AS-TW-002,Institute of Biomedical Engineering,High,strong,narrow-to-moderate,moderate,strong,medium,advantage,competitive-scholarship-route,Value depends on choosing computational/data/system labs rather than drifting into materials/wet-lab/device-only work.,"Programme strongly values computational/engineering work on biological or health data and can use several parts of the existing profile, though one domain or degree identity remains more prominent."
AS-TW-003,Department of Biomedical Engineering and Environmental Sciences,High,strong,moderate,moderate-to-weak,strong,medium,advantage,competitive-scholarship-route,Value depends on choosing computational/data/system labs rather than drifting into materials/wet-lab/device-only work.,"Programme strongly values computational/engineering work on biological or health data and can use several parts of the existing profile, though one domain or degree identity remains more prominent."
AS-HK-003,Electronic and Computer Engineering MPhil,High,strong,moderate,strong,strong,high,advantage,admission-linked-research-studentship,Needs lab/curriculum audit to ensure the systems/software layer is substantial.,"Programme strongly values computational/engineering work on biological or health data and can use several parts of the existing profile, though one domain or degree identity remains more prominent."
AS-HK-004,Electrical and Computer Engineering MPhil,High,strong,moderate,moderate,strong,high,advantage,admission-linked-research-studentship,Needs lab/curriculum audit to ensure the systems/software layer is substantial.,"Programme strongly values computational/engineering work on biological or health data and can use several parts of the existing profile, though one domain or degree identity remains more prominent."
AS-SG-004,Electrical and Electronic Engineering MEng by Research,Medium-high,strong,narrow-to-moderate,moderate,strong,high,neutral-to-advantage,competitive-full-internal,Needs lab/curriculum audit to ensure the systems/software layer is substantial.,"Programme preserves useful systems/engineering depth but biological-data integration is more dependent on electives, thesis or supervisor choice."
AS-SG-005,Chemical and Biomedical Engineering MEng by Research,High,strong,narrow-to-moderate,moderate-to-weak,strong,medium,advantage,competitive-full-internal,Value depends on choosing computational/data/system labs rather than drifting into materials/wet-lab/device-only work.,"Programme strongly values computational/engineering work on biological or health data and can use several parts of the existing profile, though one domain or degree identity remains more prominent."
AS-SG-006,Electrical and Computer Engineering MEng by Research,High,strong,moderate,moderate,strong,medium,advantage,competitive-full-internal,Needs lab/curriculum audit to ensure the systems/software layer is substantial.,"Programme strongly values computational/engineering work on biological or health data and can use several parts of the existing profile, though one domain or degree identity remains more prominent."
AS-TW-005,Smart Medicine and Health Informatics,High,moderate,moderate,moderate,strong,medium,advantage,competitive-scholarship-route,May weaken hardware/physical-systems identity if curriculum is mostly enterprise/clinical IT.,"Programme strongly values computational/engineering work on biological or health data and can use several parts of the existing profile, though one domain or degree identity remains more prominent."
AS-TW-006,Biomedical Electronics and Bioinformatics,Very-high,strong,moderate,strong,strong,medium,clear-advantage,competitive-scholarship-route,Degree label/domain may look narrower than the intended cross-modality career; methods portability must stay explicit.,Programme architecture makes an engineering entrant with signals/imaging/genomics/software experience legible as the intended interdisciplinary profile; multiple existing strengths can contribute directly.
AS-TW-007,Biomedical Engineering,High,strong,narrow-to-moderate,moderate-to-weak,strong,high,advantage,competitive-scholarship-route,Value depends on choosing computational/data/system labs rather than drifting into materials/wet-lab/device-only work.,"Programme strongly values computational/engineering work on biological or health data and can use several parts of the existing profile, though one domain or degree identity remains more prominent."
AS-TW-008,Institute of Intelligent Bioelectrical Engineering,High,strong,strong,moderate,strong,medium,advantage,competitive-scholarship-route,Needs lab/curriculum audit to ensure the systems/software layer is substantial.,"Programme strongly values computational/engineering work on biological or health data and can use several parts of the existing profile, though one domain or degree identity remains more prominent."
EM-EU-001,EMJM in Imaging,Medium,weak-to-moderate,moderate,moderate,strong,medium,neutral,full-external-competitive,Needs lab/curriculum audit to ensure the systems/software layer is substantial.,Programme is formally viable but does not automatically turn the full cross-layer profile into an admission/career advantage.
EM-EU-003,Medical Image Analysis (MAIA),Medium,weak-to-moderate,narrow-to-moderate,moderate,strong,medium,neutral,full-external-competitive,Needs lab/curriculum audit to ensure the systems/software layer is substantial.,Programme is formally viable but does not automatically turn the full cross-layer profile into an admission/career advantage.
EM-EU-004,Euro-Asian Master in Medical Technology and Healthcare Business,Medium-high,weak-to-moderate,moderate,moderate,strong,medium,neutral-to-advantage,full-external-competitive,Needs lab/curriculum audit to ensure the systems/software layer is substantial.,"Programme preserves useful systems/engineering depth but biological-data integration is more dependent on electives, thesis or supervisor choice."
EM-EU-005,Erasmus Mundus Master in Biomedical Engineering,High,strong,narrow-to-moderate,moderate,strong,medium,advantage,full-external-competitive,Value depends on choosing computational/data/system labs rather than drifting into materials/wet-lab/device-only work.,"Programme strongly values computational/engineering work on biological or health data and can use several parts of the existing profile, though one domain or degree identity remains more prominent."
EM-EU-006,Artificial Intelligence for Image Processing and Computer Vision,Medium,weak-to-moderate,moderate,moderate-to-weak,strong,medium,neutral,full-external-competitive,Needs lab/curriculum audit to ensure the systems/software layer is substantial.,Programme is formally viable but does not automatically turn the full cross-layer profile into an admission/career advantage.
EM-EU-007,Advanced Microscopy with Artificial Intelligence,High,weak-to-moderate,strong,moderate,strong,medium,advantage,full-external-competitive,Needs lab/curriculum audit to ensure the systems/software layer is substantial.,"Programme strongly values computational/engineering work on biological or health data and can use several parts of the existing profile, though one domain or degree identity remains more prominent."
AU-001,Master of Philosophy in Engineering - Biomedical Engineering,Very-high,strong,moderate,moderate,strong,high,clear-advantage,full-external-competitive,Value depends on choosing computational/data/system labs rather than drifting into materials/wet-lab/device-only work.,Programme architecture makes an engineering entrant with signals/imaging/genomics/software experience legible as the intended interdisciplinary profile; multiple existing strengths can contribute directly.
AU-003,Master of Engineering Science (Research),Medium,strong,narrow-to-moderate,moderate-to-weak,strong,high,neutral,full-external-competitive,Needs lab/curriculum audit to ensure the systems/software layer is substantial.,Programme is formally viable but does not automatically turn the full cross-layer profile into an admission/career advantage.
AU-004,Master of Engineering Science - Biomedical Engineering,High,strong,narrow-to-moderate,moderate-to-weak,strong,high,advantage,full-external-competitive,Value depends on choosing computational/data/system labs rather than drifting into materials/wet-lab/device-only work.,"Programme strongly values computational/engineering work on biological or health data and can use several parts of the existing profile, though one domain or degree identity remains more prominent."
EU-FI-005,Medical Physics and Biomedical Instrumentation - Biomedical Sciences and Engineering,Medium,strong,moderate,strong,strong,medium,neutral,tuition-scholarship-only,Needs lab/curriculum audit to ensure the systems/software layer is substantial.,Programme is formally viable but does not automatically turn the full cross-layer profile into an admission/career advantage.
AU-005,Master of Bioinformatics (Research Extensive),High,moderate,narrow-to-moderate,strong,strong,medium,advantage,full-external-competitive,Degree label/domain may look narrower than the intended cross-modality career; methods portability must stay explicit.,"Programme strongly values computational/engineering work on biological or health data and can use several parts of the existing profile, though one domain or degree identity remains more prominent."
AU-006,Master of Bioinformatics - Research Stream,High,moderate,narrow-to-moderate,moderate-to-weak,strong,medium-high,advantage,full-external-competitive,Degree label/domain may look narrower than the intended cross-modality career; methods portability must stay explicit.,"Programme strongly values computational/engineering work on biological or health data and can use several parts of the existing profile, though one domain or degree identity remains more prominent."
EU-BE-005,Master of Bioinformatics - Engineering Major,Very-high,strong,narrow-to-moderate,moderate-to-weak,strong,medium,clear-advantage,competitive-scholarship-route,"Main risk is lab/project selection, not programme identity.",Programme architecture makes an engineering entrant with signals/imaging/genomics/software experience legible as the intended interdisciplinary profile; multiple existing strengths can contribute directly.
EU-NL-006,Bioinformatics and Systems Biology,High,strong,narrow-to-moderate,moderate,strong,medium,advantage,weak-or-unknown,Degree label/domain may look narrower than the intended cross-modality career; methods portability must stay explicit.,"Programme strongly values computational/engineering work on biological or health data and can use several parts of the existing profile, though one domain or degree identity remains more prominent."
EU-NL-008,Bioinformatics and Systems Biology,High,moderate,moderate,strong,strong,medium,advantage,high-cost-scholarship-dependent,"The degree is biologically anchored, so the application must keep the engineering/systems/software narrative explicit rather than becoming genomics-only.",Wageningen adds rigorous bioinformatics and systems-biology methods to an existing engineering/software/genomics profile. The reusable computational layer is strong even though the degree label is less engineering-forward.
EU-ES-001,Bioinformatics for Health Sciences,High,moderate,moderate,moderate-to-weak,strong,medium,advantage,weak-or-unknown,Degree label/domain may look narrower than the intended cross-modality career; methods portability must stay explicit.,"Programme strongly values computational/engineering work on biological or health data and can use several parts of the existing profile, though one domain or degree identity remains more prominent."
EU-IT-007,Bioinformatics for Computational Genomics,High,strong,narrow-to-moderate,moderate,strong,medium-high,advantage,competitive-scholarship-route,Degree label/domain may look narrower than the intended cross-modality career; methods portability must stay explicit.,"Programme strongly values computational/engineering work on biological or health data and can use several parts of the existing profile, though one domain or degree identity remains more prominent."
EU-UK-001,Bioinformatics and Theoretical Systems Biology,High,strong,narrow-to-moderate,moderate,strong,medium-high,advantage,weak-or-unknown,Degree label/domain may look narrower than the intended cross-modality career; methods portability must stay explicit.,"Programme strongly values computational/engineering work on biological or health data and can use several parts of the existing profile, though one domain or degree identity remains more prominent."
EU-UK-002,Bioinformatics and Systems Biology,High,strong,narrow-to-moderate,moderate,strong,medium-high,advantage,weak-or-unknown,Degree label/domain may look narrower than the intended cross-modality career; methods portability must stay explicit.,"Programme strongly values computational/engineering work on biological or health data and can use several parts of the existing profile, though one domain or degree identity remains more prominent."
EU-UK-003,Computational Biology,High,moderate,narrow-to-moderate,moderate-to-weak,strong,high,advantage,weak-or-unknown,Needs lab/curriculum audit to ensure the systems/software layer is substantial.,"Programme strongly values computational/engineering work on biological or health data and can use several parts of the existing profile, though one domain or degree identity remains more prominent."
NA-CA-001,Bioinformatics,High,moderate,narrow-to-moderate,moderate-to-weak,strong,high,advantage,research-funded-conditional,Degree label/domain may look narrower than the intended cross-modality career; methods portability must stay explicit.,"Programme strongly values computational/engineering work on biological or health data and can use several parts of the existing profile, though one domain or degree identity remains more prominent."
AS-HK-005,Computing and Data Science MPhil - Bioinformatics,High,moderate,narrow-to-moderate,moderate-to-weak,strong,high,advantage,weak-or-unknown,Degree label/domain may look narrower than the intended cross-modality career; methods portability must stay explicit.,"Programme strongly values computational/engineering work on biological or health data and can use several parts of the existing profile, though one domain or degree identity remains more prominent."
AS-JP-004,Computational Biology and Medical Sciences - Computational Biology,High,moderate,narrow-to-moderate,moderate-to-weak,strong,medium,advantage,competitive-scholarship-route,Needs lab/curriculum audit to ensure the systems/software layer is substantial.,"Programme strongly values computational/engineering work on biological or health data and can use several parts of the existing profile, though one domain or degree identity remains more prominent."
AS-SG-007,MSc Biomedical Data Science,Medium,moderate,narrow-to-moderate,moderate-to-weak,strong,medium,neutral,full-external-competitive,Needs lab/curriculum audit to ensure the systems/software layer is substantial.,Programme is formally viable but does not automatically turn the full cross-layer profile into an admission/career advantage.
AS-SG-008,MSc Biomedical Informatics - Analytics,High,moderate,narrow-to-moderate,moderate,strong,medium,advantage,high-cost-scholarship-dependent,May weaken hardware/physical-systems identity if curriculum is mostly enterprise/clinical IT.,"Programme strongly values computational/engineering work on biological or health data and can use several parts of the existing profile, though one domain or degree identity remains more prominent."
AS-SG-009,MSc Precision Health and Medicine x AI - Capstone,High,weak-to-moderate,narrow-to-moderate,moderate-to-weak,strong,medium-high,advantage,high-cost-scholarship-dependent,Needs lab/curriculum audit to ensure the systems/software layer is substantial.,"Programme strongly values computational/engineering work on biological or health data and can use several parts of the existing profile, though one domain or degree identity remains more prominent."
AS-TW-009,Institute of Bioinformatics and Structural Biology,High,moderate,narrow-to-moderate,moderate-to-weak,strong,high,advantage,competitive-scholarship-route,Degree label/domain may look narrower than the intended cross-modality career; methods portability must stay explicit.,"Programme strongly values computational/engineering work on biological or health data and can use several parts of the existing profile, though one domain or degree identity remains more prominent."
AS-TW-010,Institute of Bioinformatics and Systems Biology,High,strong,narrow-to-moderate,moderate,strong,high,advantage,competitive-scholarship-route,Degree label/domain may look narrower than the intended cross-modality career; methods portability must stay explicit.,"Programme strongly values computational/engineering work on biological or health data and can use several parts of the existing profile, though one domain or degree identity remains more prominent."
AS-HK-007,MSc Biomolecular Engineering and Health Informatics,Medium,strong,narrow-to-moderate,moderate-to-weak,strong,medium,neutral,high-cost-scholarship-dependent,May weaken hardware/physical-systems identity if curriculum is mostly enterprise/clinical IT.,Programme is formally viable but does not automatically turn the full cross-layer profile into an admission/career advantage.
EU-UK-004,Biomedical Engineering - Computational Bioengineering,High,strong,narrow-to-moderate,moderate,strong,medium-high,advantage,competitive-scholarship-route,Value depends on choosing computational/data/system labs rather than drifting into materials/wet-lab/device-only work.,"Programme strongly values computational/engineering work on biological or health data and can use several parts of the existing profile, though one domain or degree identity remains more prominent."
EU-UK-005,Biomedical Research - Data Science,Medium,moderate,narrow-to-moderate,moderate-to-weak,strong,medium-high,neutral,weak-or-unknown,Needs lab/curriculum audit to ensure the systems/software layer is substantial.,Programme is formally viable but does not automatically turn the full cross-layer profile into an admission/career advantage.
EU-UK-006,Health Data Science,High,moderate,narrow-to-moderate,moderate-to-weak,strong,medium,advantage,high-cost-scholarship-dependent,Needs lab/curriculum audit to ensure the systems/software layer is substantial.,"Programme strongly values computational/engineering work on biological or health data and can use several parts of the existing profile, though one domain or degree identity remains more prominent."
EU-ES-002,Health Data Science,High,strong,strong,strong,strong,medium,advantage,low-cost-self-fund,Needs lab/curriculum audit to ensure the systems/software layer is substantial.,"Programme strongly values computational/engineering work on biological or health data and can use several parts of the existing profile, though one domain or degree identity remains more prominent."
NA-US-002,MS Bioengineering - Computational and Systems Bioengineering,High,strong,narrow-to-moderate,moderate-to-weak,strong,high,advantage,weak-or-unknown,Value depends on choosing computational/data/system labs rather than drifting into materials/wet-lab/device-only work.,"Programme strongly values computational/engineering work on biological or health data and can use several parts of the existing profile, though one domain or degree identity remains more prominent."
NA-US-003,Bioengineering MSE - Biomedical Data Science and Computational Medicine,High,strong,narrow-to-moderate,moderate-to-weak,strong,high,advantage,high-cost-scholarship-dependent,Value depends on choosing computational/data/system labs rather than drifting into materials/wet-lab/device-only work.,"Programme strongly values computational/engineering work on biological or health data and can use several parts of the existing profile, though one domain or degree identity remains more prominent."
NA-US-005,MS Bioengineering - Computational Bioengineering,High,strong,narrow-to-moderate,moderate-to-weak,strong,high,advantage,weak-or-unknown,Value depends on choosing computational/data/system labs rather than drifting into materials/wet-lab/device-only work.,"Programme strongly values computational/engineering work on biological or health data and can use several parts of the existing profile, though one domain or degree identity remains more prominent."
AU-009,Master of Data Science - Biomedical Data Science specialisation,High,moderate,narrow-to-moderate,moderate-to-weak,strong,medium,advantage,full-external-competitive,Needs lab/curriculum audit to ensure the systems/software layer is substantial.,"Programme strongly values computational/engineering work on biological or health data and can use several parts of the existing profile, though one domain or degree identity remains more prominent."
AS-JP-006,Life Science Innovation - Bioinformatics,High,strong,narrow-to-moderate,moderate,strong,medium,advantage,competitive-scholarship-route,Degree label/domain may look narrower than the intended cross-modality career; methods portability must stay explicit.,"Programme strongly values computational/engineering work on biological or health data and can use several parts of the existing profile, though one domain or degree identity remains more prominent."
AS-TW-011,Graduate Institute of Biomedical Informatics,High,strong,narrow-to-moderate,strong,strong,medium,advantage,competitive-scholarship-route,May weaken hardware/physical-systems identity if curriculum is mostly enterprise/clinical IT.,"Programme strongly values computational/engineering work on biological or health data and can use several parts of the existing profile, though one domain or degree identity remains more prominent."
AS-TW-012,Graduate Program in Biomedical Informatics,High,strong,narrow-to-moderate,moderate-to-weak,strong,high,advantage,competitive-scholarship-route,May weaken hardware/physical-systems identity if curriculum is mostly enterprise/clinical IT.,"Programme strongly values computational/engineering work on biological or health data and can use several parts of the existing profile, though one domain or degree identity remains more prominent."
AS-TW-013,Graduate Institute of Biomedical Engineering - AI / Biomedical Informatics,High,strong,moderate,strong,strong,medium,advantage,competitive-scholarship-route,Value depends on choosing computational/data/system labs rather than drifting into materials/wet-lab/device-only work.,"Programme strongly values computational/engineering work on biological or health data and can use several parts of the existing profile, though one domain or degree identity remains more prominent."
ME-SA-001,Bioengineering - Bioinformatics and Machine Learning,Very-high,strong,narrow-to-moderate,moderate,strong,medium,clear-advantage,admission-linked-full,Value depends on choosing computational/data/system labs rather than drifting into materials/wet-lab/device-only work.,Programme architecture makes an engineering entrant with signals/imaging/genomics/software experience legible as the intended interdisciplinary profile; multiple existing strengths can contribute directly.
ME-AE-001,MSc Computational Biology,High,moderate,strong,moderate,strong,medium,advantage,competitive-scholarship-route,Needs lab/curriculum audit to ensure the systems/software layer is substantial.,"Programme strongly values computational/engineering work on biological or health data and can use several parts of the existing profile, though one domain or degree identity remains more prominent."
OC-NZ-001,Master of Engineering in Bioengineering - Research,High,strong,moderate,moderate,strong,high,advantage,competitive-scholarship-route,Value depends on choosing computational/data/system labs rather than drifting into materials/wet-lab/device-only work.,"Programme strongly values computational/engineering work on biological or health data and can use several parts of the existing profile, though one domain or degree identity remains more prominent."
ME-IL-001,Biomedical Engineering MSc,Very-high,strong,strong,strong,strong,high,clear-advantage,tuition-covered-living-support-variable,"The academic architecture is excellent, but lab choice and current practical/geopolitical feasibility must be separated from profile amplification.","TAU BME preserves the Mechatronics identity while spanning signal/image processing, computational and systems biology, and clinical engineering. That makes the existing signals, imaging, genomics and software experience mutually reinforcing."
ME-IL-002,Life Sciences MSc - Computational and Systems Biology,High,strong,narrow-to-moderate,moderate-to-weak,strong,high,advantage,admission-linked-full,Needs lab/curriculum audit to ensure the systems/software layer is substantial.,"Programme strongly values computational/engineering work on biological or health data and can use several parts of the existing profile, though one domain or degree identity remains more prominent."
ME-IL-003,Biomedical Engineering MSc,Very-high,strong,strong,moderate,strong,high,clear-advantage,competitive-research-scholarship,The programme is broad enough that value depends on selecting a computational/data/systems lab rather than a materials- or device-only path.,"Technion BME keeps an engineering research identity and offers enough computational and biomedical breadth for the applicant's sensing, imaging, biological-data and scientific-software experience to read as one systems profile."
NA-CA-008,MSc Biological and Biomedical Engineering - Thesis,Very-high,strong,strong,strong,strong,high,clear-advantage,guaranteed-research-package,Value depends on choosing computational/data/system labs rather than drifting into materials/wet-lab/device-only work.,Programme architecture makes an engineering entrant with signals/imaging/genomics/software experience legible as the intended interdisciplinary profile; multiple existing strengths can contribute directly.
NA-CA-009,Biomedical Engineering MASc,Very-high,strong,narrow-to-moderate,moderate,strong,high,clear-advantage,guaranteed-research-package,Value depends on choosing computational/data/system labs rather than drifting into materials/wet-lab/device-only work.,Programme architecture makes an engineering entrant with signals/imaging/genomics/software experience legible as the intended interdisciplinary profile; multiple existing strengths can contribute directly.
NA-CA-010,Biomedical Engineering MASc,Very-high,strong,strong,strong,strong,high,clear-advantage,guaranteed-research-package,Value depends on choosing computational/data/system labs rather than drifting into materials/wet-lab/device-only work.,Programme architecture makes an engineering entrant with signals/imaging/genomics/software experience legible as the intended interdisciplinary profile; multiple existing strengths can contribute directly.
NA-CA-011,Biomedical Engineering MASc,Very-high,strong,narrow-to-moderate,moderate,strong,high,clear-advantage,research-package-with-offer,Value depends on choosing computational/data/system labs rather than drifting into materials/wet-lab/device-only work.,Programme architecture makes an engineering entrant with signals/imaging/genomics/software experience legible as the intended interdisciplinary profile; multiple existing strengths can contribute directly.
EU-CH-004,Biomedical Engineering,Very-high,strong,strong,moderate,strong,medium,clear-advantage,low-cost-self-fund,Value depends on choosing computational/data/system labs rather than drifting into materials/wet-lab/device-only work.,Programme architecture makes an engineering entrant with signals/imaging/genomics/software experience legible as the intended interdisciplinary profile; multiple existing strengths can contribute directly.
EU-AT-001,Biomedical Engineering,Very-high,strong,strong,moderate,strong,medium,clear-advantage,low-cost-self-fund,Value depends on choosing computational/data/system labs rather than drifting into materials/wet-lab/device-only work.,Programme architecture makes an engineering entrant with signals/imaging/genomics/software experience legible as the intended interdisciplinary profile; multiple existing strengths can contribute directly.
EU-IE-001,Health Data Science,High,moderate,narrow-to-moderate,strong,strong,medium,advantage,high-cost-scholarship-dependent,Needs lab/curriculum audit to ensure the systems/software layer is substantial.,"Programme strongly values computational/engineering work on biological or health data and can use several parts of the existing profile, though one domain or degree identity remains more prominent."
EU-IE-002,Biomedical Engineering,High,strong,narrow-to-moderate,moderate,strong,medium-high,advantage,high-cost-scholarship-dependent,Value depends on choosing computational/data/system labs rather than drifting into materials/wet-lab/device-only work.,"Programme strongly values computational/engineering work on biological or health data and can use several parts of the existing profile, though one domain or degree identity remains more prominent."
NA-CA-012,Biomedical Engineering MSc - thesis,High,strong,moderate,moderate-to-weak,strong,high,advantage,guaranteed-research-package,Value depends on choosing computational/data/system labs rather than drifting into materials/wet-lab/device-only work.,"Programme strongly values computational/engineering work on biological or health data and can use several parts of the existing profile, though one domain or degree identity remains more prominent."
NA-CA-013,Biomedical Engineering MASc - Bioinformatics specialization,Very-high,strong,moderate,moderate-to-weak,strong,high,clear-advantage,weak-or-unknown,Value depends on choosing computational/data/system labs rather than drifting into materials/wet-lab/device-only work.,Programme architecture makes an engineering entrant with signals/imaging/genomics/software experience legible as the intended interdisciplinary profile; multiple existing strengths can contribute directly.
NA-CA-014,Biomedical Engineering MASc,Very-high,strong,moderate,moderate,strong,high,clear-advantage,guaranteed-research-package,Value depends on choosing computational/data/system labs rather than drifting into materials/wet-lab/device-only work.,Programme architecture makes an engineering entrant with signals/imaging/genomics/software experience legible as the intended interdisciplinary profile; multiple existing strengths can contribute directly.
EU-CH-005,Joint MSc Biomedical Engineering,High,strong,moderate,moderate,strong,high,advantage,research-funded-conditional,Value depends on choosing computational/data/system labs rather than drifting into materials/wet-lab/device-only work.,"Programme strongly values computational/engineering work on biological or health data and can use several parts of the existing profile, though one domain or degree identity remains more prominent."
AS-JP-008,Program of Computational Biology,Very-high,moderate,moderate,moderate-to-weak,strong,medium,clear-advantage,full-external-limited,"Main risk is lab/project selection, not programme identity.",Programme architecture makes an engineering entrant with signals/imaging/genomics/software experience legible as the intended interdisciplinary profile; multiple existing strengths can contribute directly.
AS-KR-006,Biomedical Engineering MS,Very-high,strong,strong,moderate-to-weak,strong,high,clear-advantage,admission-linked-full,Value depends on choosing computational/data/system labs rather than drifting into materials/wet-lab/device-only work.,Programme architecture makes an engineering entrant with signals/imaging/genomics/software experience legible as the intended interdisciplinary profile; multiple existing strengths can contribute directly.
AU-010,Master of Biomedical Systems and Technology,Very-high,strong,narrow-to-moderate,moderate,strong,medium,clear-advantage,full-external-competitive,"Main risk is lab/project selection, not programme identity.",Programme architecture makes an engineering entrant with signals/imaging/genomics/software experience legible as the intended interdisciplinary profile; multiple existing strengths can contribute directly.
AU-011,Master of Digital Health and Data Science,High,strong,narrow-to-moderate,moderate,strong,medium,advantage,full-external-competitive,Needs lab/curriculum audit to ensure the systems/software layer is substantial.,"Programme strongly values computational/engineering work on biological or health data and can use several parts of the existing profile, though one domain or degree identity remains more prominent."
AU-012,Master of Health Data Analytics,High,weak-to-moderate,narrow-to-moderate,moderate,strong,medium-high,advantage,full-external-competitive,Needs lab/curriculum audit to ensure the systems/software layer is substantial.,"Programme strongly values computational/engineering work on biological or health data and can use several parts of the existing profile, though one domain or degree identity remains more prominent."
AF-ZA-001,MSc Computational Health Informatics,High,moderate,narrow-to-moderate,moderate,strong,medium,advantage,competitive-scholarship-route,May weaken hardware/physical-systems identity if curriculum is mostly enterprise/clinical IT.,"Programme strongly values computational/engineering work on biological or health data and can use several parts of the existing profile, though one domain or degree identity remains more prominent."
AF-ZA-002,MSc Biomedical Engineering,High,strong,narrow-to-moderate,moderate-to-weak,strong,medium-high,advantage,competitive-scholarship-route,Value depends on choosing computational/data/system labs rather than drifting into materials/wet-lab/device-only work.,"Programme strongly values computational/engineering work on biological or health data and can use several parts of the existing profile, though one domain or degree identity remains more prominent."
