region,opportunity_id,university,program,fit_mode,regional_priority,academic_fit,funding_fit,current_decision,source
Singapore,AS-SG-001,National University of Singapore,Biomedical Engineering MEng by Research,lab-native,P0,"BME research spans digital health imaging robotics/devices biosignals and neurotechnology; graduate modules add imaging signal processing ML BCI and genome-science electives.","NUS Research Scholarship: full tuition + S$2900/month for international Master's Research; competitive and PhD-priority.","Promote to P0 lab-native; audit 2-3 PIs before 15 Jan 2027.",https://cde.nus.edu.sg/bme/research/research-areas/
Singapore,AS-SG-004,Nanyang Technological University,Electrical and Electronic Engineering MEng by Research,lab-native,P0,"Centre for Bio-Devices & Bio-Informatics covers bio-devices bio-imaging signal analysis and neurotechnology; EEE adds sensing ML optimization and wearable electronics.","NTU Research Scholarship: tuition + S$2900/month. VinGroup Graduate Scholarship for Vietnamese Master's also covers tuition/fees + stipend with return-to-Vietnam service condition.","Promote to P0 lab-native, especially with CBB supervisor.",https://www.ntu.edu.sg/cbb/home/research-focus
Singapore,AS-SG-006,National University of Singapore,Electrical and Computer Engineering MEng by Research,lab-native,P1/P0-PI-dependent,"Excellent methods-first engineering route; biological relevance depends on supervisor and cross-department project.","NUS Research Scholarship if awarded.","Use only for a distinct PI/project stronger than NUS BME.",https://cde.nus.edu.sg/ece/graduate/scholarship-financial-support/
Australia,AU-001,UNSW Sydney,Master of Philosophy in Engineering - Biomedical Engineering,architecture-native,P0-2028,"Digital Medicine & Digital Biology combines AI biosignals bioinformatics computational biology genomics image processing software and systems modelling.","Best treated as Australia Awards 2028 route; self-funded economics weak.","Primary Australia 2028 research route.",https://www.unsw.edu.au/engineering/our-schools/biomedical-engineering/our-research/research-areas/digital-medicine-digital-biology
Australia,AU-005,The University of Queensland,Master of Bioinformatics Research Extensive,methods-specialized,P1-2028,"Computational statistics software engineering data mining AI genome informatics and prolonged research-lab immersion.","2027 international tuition A$56800/year; major award/Australia Awards needed.","Serious genomics/software Australia branch behind UNSW.",https://study.uq.edu.au/study-options/programs/master-bioinformatics-research-extensive-5598?year=2027
Australia,AU-006,Monash University,Master of Bioinformatics - Research Stream,methods-specialized,P1-2028,"Engineering is a cognate background; ML statistical modelling computational biology cloud/genomics plus supervised research stream.","2027 fee A$38140/year; major funding needed.","Serious Australia 2028 computational-genomics route.",https://www.monash.edu/study/courses/find-a-course/bioinformatics-m6049
Europe,EU-UK-004,Imperial College London,Biomedical Engineering - Computational Bioengineering,architecture-native,P0-scholarship-conditioned,"Engineering/physical science/mathematics entry with computational modelling of biological data inside Bioengineering.","High sticker price, but Chevening normally covers tuition travel visa and living stipend.","Promote to P0-upside if Chevening application is viable; deadline 6 Oct 2026 11:00 UTC.",https://www.imperial.ac.uk/study/courses/postgraduate-taught/biomedical-engineering-computational/
Europe,EU-BE-005,KU Leuven,Master of Bioinformatics - Engineering Major,architecture-native,P1-high,"Engineering major plus individualized Biology Reorientation Package common statistics/bioinformatics core and thesis.","Competitive scholarship-dependent.","Keep as one of Europe's cleanest conversion designs.",https://onderwijsaanbod.kuleuven.be/opleidingen/e/SC_51016883
Europe,EU-AT-001,Graz University of Technology,Biomedical Engineering,architecture-native,P1-high,"Imaging & Sensing Biomedical Instrumentation & Sensors and Computational Neuroscience majors preserve engineering identity.","Low public tuition but living self-funded.","Best low-cost continental-Europe hedge.",https://www.tugraz.at/en/studying-and-teaching/degree-and-certificate-programmes/masters-degree-programmes/biomedical-engineering
Europe,EU-CH-004,University of Bern,Biomedical Engineering,architecture-native,P1/P2-finance,"Sensors signal processing medical informatics programming AI imaging robotics and biological foundations in one curriculum.","No structural stipend; Swiss living costs dominate.","Academic benchmark; apply only with living-cost funding.",https://www.bme.master.unibe.ch/studies/curriculum/list_of_courses/index_eng.html
Europe,EU-CH-003,ETH Zurich / UZH / Basel,Computational Biology and Bioinformatics,methods-specialized,conditional-moonshot,"Engineering applicants are welcome and up to 30 ECTS additional requirements can bridge gaps.","Formal prerequisite/GRE friction plus no simple structural Master's package.","Moonshot only if transcript mapping and GRE strategy justify it.",https://cbb.ethz.ch/application-admission.html
