id,region,name,provider,eligible_country_or_profile,benefit,tuition_support,living_support,duration,status_2027,deadline_or_cycle,stacking_or_constraints,linked_programs,verification,source
EU-BE-S001,Belgium,Master Mind Scholarship,Flemish Government,"All nationalities except exclusions; high academic performance; previous degree outside Flanders","EUR 10,000-10,225/year + tuition waiver depending institution/cycle","Near-full tuition waiver; small admin fee remains","About EUR 10,000/year",Up to 2 years for 120 ECTS,2027/28 TBA,"Prior cycles use institution preselection with deadlines around Jan-Apr","Cannot combine with another Flemish-government scholarship or Erasmus Mundus; institution-specific GPA thresholds may apply","KU Leuven BME; Ghent BME; VUB BME subject to programme/institution nomination",verified,https://www.ugent.be/plone_portal/en/research/funding/globalsouth/master-mind
EU-BE-S002,Belgium,KU Leuven ASEAN Scholarship,KU Leuven,"Vietnam and other ASEAN nationalities; strong academic profile","Full tuition waiver + EUR 4,000 one-off allowance","Full fee waiver; annual admin fee remains","EUR 4,000 one-time",Full normal programme duration,2027/28 TBA,"Prior cycle opened Oct 15 and closed Jan 15","Cannot combine with another KU Leuven scholarship or Erasmus Mundus; selection linked to Master Mind process","KU Leuven BME and other eligible KU Leuven masters",verified,https://www.kuleuven.be/scholarships/year/2026-2027/ku-leuven-asean-scholarship
EU-BE-S003,Belgium,Faculty of Engineering Science Fee Waiver,KU Leuven,"Excellent non-EEA applicants to eligible Engineering Science masters","Reduced tuition","2026/27 tuition reduced to EUR 3,252.72/year","None",Up to 2 years,2027/28 TBA,"2027/28 amount due later","Automatic consideration; limited number per programme","KU Leuven BME",verified,https://www.kuleuven.be/scholarships/year/2026-2027/faculty-of-engineering-science-fee-waiver
EU-BE-S004,Belgium,Master Mind at VUB,VUB/Flemish Government,"All nationalities except exclusions; VUB acceptance; minimum converted CGPA 3.5/4; IELTS 7 or TOEFL 94","~EUR 10k/year + near-full tuition waiver","Tuition reduced to Flemish scholarship rate","EUR 10,020/year in prior cycle",Normal master duration; year 2 conditional,2027/28 TBA,"Prior cycle deadline Mar 26 2026","Requires official VUB admission before scholarship application; strict GPA threshold","VUB BME if programme/institution confirms field eligibility",verified,https://www.vub.be/en/studying-vub/practical-info-for-students/how-much-does-studying-cost/financial-support/master-mind-scholarship-programme-vub
EU-FR-S001,France,France Excellence Eiffel,French Ministry for Europe and Foreign Affairs,"International applicants nominated by a French institution; master age cap applies","Monthly allowance + travel/insurance/services","Scholarship itself does not directly pay tuition; institution/public-status rules may reduce or waive fees","EUR 1,181/month on Campus France Vietnam current page; verify programme-level implementation",12-24 months for M1/M2 routes,open,"2027 call open; institution deadlines are earlier than Campus France national deadline","Only French institutions submit; one candidate application only","BME Paris and other eligible French engineering masters if institution nominates",verified,https://www.vietnam.campusfrance.org/fr/bourse-d-excellence-eiffel
EU-IT-S001,Italy,Invest Your Talent in Italy,Italian Ministry of Foreign Affairs / ITA / Uni-Italia,"Vietnamese citizens resident in Vietnam; eligible Master programs in Engineering and Advanced Technologies, Architecture and Design, Economics and Management","Scholarship plus mandatory company internship; exact 2027/28 amount TBA","Programme/university-specific fee treatment; verify each institution","Living scholarship; exact 2027/28 amount TBA","Up to normal programme period per call rules",upcoming,"2026/27 Vietnam deadline was 11 May 2026; 2027/28 call expected spring 2027","Country/programme eligibility is call-specific; mandatory internship; cannot assume same terms next cycle","Polimi Biomedical Engineering; UniGe Bioengineering; Pisa Bionics Engineering; Bergamo Medical Engineering in 2026/27 course list",verified,https://ambhanoi.esteri.it/en/news/dall_ambasciata/2026/04/call-for-applications-for-the-invest-your-talent-in-italy-scholarship-program-for-the-2026-2027-academic-year/
EU-IT-S002,Italy,Politecnico di Milano Merit-based Scholarships,Politecnico di Milano,"Top international candidates admitted to first-semester MSc programmes","Full tuition waiver; some award types include allowance","Full tuition waiver","Some awards include allowance up to EUR 10,000/year depending scheme",Normal MSc duration subject to conditions,upcoming,"Application-linked; 2027/28 call TBA","Merit-based and highly competitive; exact award type depends call","Polimi Biomedical Engineering",verified,https://www.polimi.it/en/prospective-students/how-much-does-it-cost/scholarships
EU-IT-S003,Italy,Politecnico di Milano DSU,Politecnico di Milano / Lombardy regional right-to-study system,"Students meeting economic and merit requirements; international students need income/assets documentation","Cash scholarship + catering; discounted accommodation possible","Can reduce or offset student contribution under DSU rules","Cash component varies by commuter/away-from-home status; meals/services included",Annual renewable subject to merit/income,upcoming,"Call normally published in June; 2027/28 TBA","Need family economic documentation from abroad; application possible before enrolment","Polimi Biomedical Engineering",verified,https://www.polimi.it/en/students/tuition-fees-scholarships-and-financial-aid/university-financial-aid-diritto-allo-studio-universitario-dsu
EU-IT-S004,Italy,ER.GO Right-to-Study Scholarship,ER.GO Emilia-Romagna,"Students at Emilia-Romagna universities meeting economic and merit thresholds; foreign-income documentation required","Cash grant + fee-exemption/right-to-study benefits; accommodation/catering depending status","Tuition-exemption route tied to ER.GO eligibility","2026/27 off-site amount reached about EUR 7,171.11 depending income band",Annual renewable,upcoming,"2027/28 call TBA; 2026/27 cycle used summer application deadlines","Foreign family-income/assets documents must be translated/legalized or otherwise comply with ER.GO rules","University of Bologna Biomedical Engineering",verified,https://www.er-go.it/
EU-IT-S005,Italy,Padua International Excellence Scholarship,University of Padua,"Highly talented international applicants admitted to English-taught degree programmes","EUR 8,000/year + tuition fee waiver","Full tuition fee waiver","EUR 8,000/year gross",Up to normal degree duration subject to credits,upcoming,"2027/28 TBA; 2026/27 awarded up to 69 scholarships","Cannot simultaneously receive incompatible scholarships; only English-taught curricula qualify","Padua English-taught masters; Bioengineering itself needs language-fit check",verified,https://www.unipd.it/en/padua-international-excellence-scholarship-programme
EU-IT-S006,Italy,SantAnna Second-Level Ordinary Course,Scuola Superiore SantAnna,"Graduates from Italian or foreign universities; 2026/27 required degree completed in <=4 years and weighted average >=27/30 or equivalent","Tuition-free SantAnna course + free campus housing + meals + research enrichment","No SantAnna enrolment tuition","Free housing and canteen; no standard cash stipend stated in current call","Normal second-level ordinary-course duration",upcoming,"2026/27 deadline was 22 Jun 2026; 2027/28 expected spring 2027","Highly selective; requires in-person interview in Pisa; exact grade-equivalence for foreign degree must be assessed","Bionics Engineering reserved places existed in 2026/27",verified,https://www.santannapisa.it/en/news/concorso-ammissione-scuola-santanna-2026-2027
EU-FR-S002,France,Universite Paris-Saclay International Masters Scholarship,Universite Paris-Saclay,"Foreign nationals admitted to eligible Paris-Saclay M1/M2; first-time enrolment in France; under 30","EUR 10,000/year + up to EUR 900 travel/visa support","Does not itself change tuition; Paris-Saclay separately applies partial exemption policy for many non-EU students","EUR 10,000/year paid Sep-Jun",Up to 2 years for M1 entrants,2027/28 TBA,"2026 coordinator nomination deadline Mar 25 and candidate completion deadline Mar 31","Cannot combine with funding above EUR 600/month; cannot combine with Eiffel France Excellence Europa or Erasmus Mundus","Paris-Saclay E3A/ATSI and other eligible academic masters",verified,https://www.universite-paris-saclay.fr/en/admission/bourses-et-aides-financieres/international-masters-scholarships-program
EU-NL-S001,Netherlands,TU Delft Microelectronics Department Scholarships,TU Delft Department of Microelectronics,"Students of proven excellence in relevant TU Delft MSc tracks","Some awards cover full MSc tuition plus contribution to living expenses for 2 years","Full tuition for selected awards","Living contribution for selected awards",2 years,2027 details TBA,"Department page says complete MSc application should be uploaded before Dec 1 for consideration","Exact named scholarship and 2027 amount not yet confirmed; thesis/company stipends are separate","TU Delft EE Signals Networking and Sensing; TU Delft BME Medical Devices",verified,https://microelectronics.tudelft.nl/Education/
