opportunity_id,university,program,supervisor,lab_or_group,fit_band,primary_overlap,profile_hook,outreach_priority,outreach_risk,source
AS-HK-001,Chinese University of Hong Kong,Biomedical Engineering MPhil,Raymond Kai-yu Tong,Neurorehabilitation and Robotics Laboratory,S+,BCI; EEG; neural engineering; rehabilitation robotics,"A+ EEG thesis + Earable neurotech + Mechatronics/control -> intention decoding and closed-loop neurorehabilitation",1,"Excellent direct fit; current programme does not make pre-contact a formal requirement, so outreach should be specific rather than transactional",https://www.bme.cuhk.edu.hk/kytong/
AS-HK-001,Chinese University of Hong Kong,Biomedical Engineering MPhil,Zhaoli Gao,Molecular Diagnostics Laboratory,A,electronic biosensors; wearable health monitoring; molecular diagnostics,"Sensors/electronics/measurement + GeneStory genomics -> wearable biosensing and diagnostic-device translation",2,"Less direct BCI fit than Tong; strongest if proposal connects sensing hardware with molecular/physiological evidence",https://www.bme.cuhk.edu.hk/new/gaop.php
AS-HK-001,Chinese University of Hong Kong,Biomedical Engineering MPhil,Scott Wu Yuan,Advanced Biomedical Imaging Laboratory,A,biomedical imaging; sensing; medical robotics; AI,"Mechatronics + instrumentation + scientific software -> intelligent imaging/sensing systems and medical robotics",3,"Imaging rather than EEG; lab explicitly welcomes motivated graduate students and has accepted mechatronics/automation backgrounds",https://www.bme.cuhk.edu.hk/yuan/
AS-HK-004,University of Hong Kong,Electrical and Computer Engineering MPhil,Shiming Zhang,WISE / wearable bioelectronics,A+,wearable biosensors; soft electronics; organic bioelectronics; health technology,"Earable wearable sensing + electronics/measurement -> AI-embedded human-centric health sensing",1,"Device/materials-heavy; pitch system-level sensing/embedded intelligence rather than claiming materials expertise",https://ece.hku.hk/people/smzhang/
AS-HK-004,University of Hong Kong,Electrical and Computer Engineering MPhil,Ed Xuekui Wu,Laboratory of Biomedical Imaging and Signal Processing,A+,neuroimaging; MRI; electrophysiology; modelling; deep learning,"EEG/neurotech + signal modelling -> multimodal brain measurement and computational neuroimaging",2,"MRI-heavy and highly established lab; strongest if proposal is about neural measurement/modeling rather than wearable hardware",https://ece.hku.hk/people/ewu/
AS-HK-004,University of Hong Kong,Electrical and Computer Engineering MPhil,Shing Chow Chan,Signal Processing,A,digital signal processing; biomedical signal processing; bioinformatics,"Control/signal methods + EEG + genomics software -> reusable signal/data methods across neuro and bioinformatics",3,"Biomedical signal processing/bioinformatics appears as part of broader/previous research; verify active project before outreach",https://ece.hku.hk/people/scchan/
AS-HK-003,HKUST,Electronic and Computer Engineering MPhil,Yiwen Wang,Neuroengineering / BMI,S+,brain-machine interfaces; adaptive signal processing; computational neuroscience; neuromorphic engineering,"A+ EEG emotion classification + wearable neurotech -> adaptive neural decoding and robust BMI",1,"Probably the cleanest direct PI fit in the portfolio; outreach should reference a concrete recent BMI/EEG problem",https://ece.hkust.edu.hk/eewangyw
AS-HK-003,HKUST,Electronic and Computer Engineering MPhil,Bertram Emil Shi,Computational neuroscience / neuromorphic systems,A+,brain-machine interfaces; AI; neuromorphic engineering; robotics,"EEG emotion work + AI + Mechatronics -> computational neuroengineering and human-machine systems",2,"Dean/Chair Professor with substantial leadership duties; excellent intellectual fit but supervision bandwidth should be verified",https://ece.hkust.edu.hk/eebert
AS-HK-003,HKUST,Electronic and Computer Engineering MPhil,Ling Shi,Control and Robotic Systems,A,automatic control; state estimation; networked sensing; cyber-physical systems,"Mechatronics/control + physiological sensing -> estimation and closed-loop sensing/control methods",3,"Biomedical application is not his core research identity; only outreach with a concrete health-sensing/control question",https://ece.hkust.edu.hk/eesling
AS-SG-006,National University of Singapore,Electrical and Computer Engineering MEng by Research,Ghim Wei Ho,Sustainable Smart Systems,A+,wearable physiological sensing; motion-robust biosignals; AI health monitoring,"Earable physiological sensing + signal-quality problems -> motion-robust multimodal wearables and real-world mental-state monitoring",1,"Excellent current 2026 wearable-health project, but materials/hydrogel work is a major component; pitch sensing/system validation rather than claiming materials depth",https://cde.nus.edu.sg/ece/staff/ho-ghim-wei/
AS-SG-006,National University of Singapore,Electrical and Computer Engineering MEng by Research,Changhuei Yang,Computational Imaging / Biomedical Imaging,A+,computational imaging; deep neural image analysis; non-invasive brain activity monitoring,"Neurotechnology + scientific software/AI -> computational measurement systems and non-invasive brain monitoring",2,"Newly returned to NUS in 2026; imaging/optics is a domain shift from EEG and supervisor capacity for 2027 should be checked",https://cde.nus.edu.sg/ece/staff/yang-changhuei/
AS-SG-006,National University of Singapore,Electrical and Computer Engineering MEng by Research,Mehul Motani,Information / biomedical informatics,A-,machine learning; biomedical informatics; wireless and sensor networks,"Scientific software + genomics + sensing -> robust data/sensor methods across biological systems",3,"Less direct neurohardware fit; best as a methods/data fallback rather than the primary wearable-neuro pitch",https://cde.nus.edu.sg/ece/staff/mehul-motani/
AS-SG-004,Nanyang Technological University,Electrical and Electronic Engineering MEng by Research,Sunwoo Lee,Lee Group,S+,tetherless neural recording; autonomous microsystems; physiological monitoring,"Earable sensing + electronics + Mechatronics -> miniaturized neural/physiological recording systems",1,"Excellent active fit with 2025-26 neural-recording work; proposal should connect sensing systems and signal/interface constraints",https://blogs.ntu.edu.sg/sunwoo/
AS-SG-004,Nanyang Technological University,Electrical and Electronic Engineering MEng by Research,Jack Lee Hyunsu,Biomedical IC / wireless systems,S,implantable/wearable biomedical ICs; wireless power; neural stimulation; on-chip intelligence,"Wearable neurotech + embedded/electronics -> integrated neural sensing/stimulation and on-device intelligence",2,"Joined NTU EEE in May 2026, so new-lab opportunity is attractive but project/funding/team maturity is still developing",https://www.ntu.edu.sg/eee/eee-home/a-new-face-at-ntu-eee--asst-prof-jack-lee-hyunsu
AS-SG-004,Nanyang Technological University,Electrical and Electronic Engineering MEng by Research,Zhiping Lin,Centre for Bio Devices and Signal Analysis,A+,statistical signal processing; biomedical signal/image processing; machine learning,"EEG classification + probability/statistics + scientific software -> rigorous biomedical signal inference",3,"Strong methods match but less directly tied to current wearable/neural hardware than Sunwoo/Jack Lee",https://personal.ntu.edu.sg/ezplin/biography.htm
AS-KR-001,KAIST,Bio and Brain Engineering MS,Chul Kim,BEEE Lab,S+,wearable EEG/ECG; neural recording/stimulation; signal-processing hardware; closed-loop interfaces,"A+ EEG + Earable + electronics -> unobtrusive brain-body-machine interfaces and on-device physiological signal processing",1,"Lab explicitly reports MS/PhD openings and asks interested applicants to contact Prof. Kim; high-priority outreach",https://beee.kaist.ac.kr/
AS-KR-001,KAIST,Bio and Brain Engineering MS,Seongjun Park,Neuroengineering / smart biointerfaces,S,brain-machine interfaces; wearable devices; smart textiles; soft robotics; neural probes,"Mechatronics + wearable neurotech -> soft/wearable neural interfaces and physical human-machine systems",2,"Excellent bridge from Mechatronics to neurotechnology; verify specific 2027 MS project availability",https://pure.kaist.ac.kr/en/persons/seongjun-park/
AS-KR-001,KAIST,Bio and Brain Engineering MS,Yoonkey Nam,Neural Engineering Laboratory,A+,neural recording/stimulation; neural interfaces; neural network physiology; neuro-machine interfaces,"EEG/neural sensing + scientific software -> neural measurement, interface systems and large-scale neural data",3,"More foundational/in-vitro neural-interface emphasis than Earable-style wearable human sensing",https://pure.kaist.ac.kr/en/persons/yoonkey-nam/
AS-KR-004,POSTECH,Electrical Engineering MS,Sungmin Park,Innovative Medical Solution Laboratory,S+,neural stimulation; implantable devices; wearable monitoring; biosignal analytics; digital healthcare,"Earable neurotech + Mechatronics/control + translational R&D -> closed-loop medical devices and physiological monitoring",1,"Strongest POSTECH match; prioritize over generic EE labs and verify Fall-2027 MS capacity",https://eee.postech.ac.kr/en-research/
AS-KR-004,POSTECH,Electrical Engineering MS,Chulhong Kim,Bio Optics and Acoustics Laboratory,A,biomedical imaging; signal/image processing; AI; medical-device translation,"Instrumentation + AI/scientific software -> full-stack biomedical imaging systems from hardware to algorithms",2,"Imaging rather than neural signals; strong translational engineering but different domain story",https://eee.postech.ac.kr/en-people/en-professor/view.php?id=345
AS-KR-004,POSTECH,Electrical Engineering MS,Junghoon Kim,Control Theory Robotics and Learning,A-,control theory; robotics; learning; cyber-physical systems,"Automatic control + programming + Mechatronics -> rigorous estimation/control methods with potential health applications",3,"No biomedical focus in the core lab; use only if a concrete medical/assistive control project emerges",https://ctrl.postech.ac.kr/ctrl
